id,specification_id,family,total_seconds,method,k,N,m,q_b,joint_types,exceptions,weight_denominator_bits,grid_Q,epsilon,status,verification_status,rational_target_met,numerical_target_met,parent_timeout,parent_seconds,optimization_seconds,serialization_seconds,verification_seconds,proof_bytes,compressed_proof_bytes,lower,upper,numerical_upper,max_depth
curved-00-b0,curved-00,curved,0.5,deficit,8,9,2,8,8,0,6,64,hex:1/14,TOLERANCE,,False,False,True,0.5030272120000063,0.05066093000004912,0.0012661379998917255,,14197,3072,hex:34921/100400,hex:d1b3f0f1/35d672400,,
curved-00-b0,curved-00,curved,0.5,enumeration,8,9,2,8,8,0,6,64,hex:1/14,EXACT,PASS,True,False,False,0.28365270400013287,0.011659341000040513,0.0005075099998066435,0.02871588800007885,2710,700,hex:d3825/401000,hex:d3825/401000,,
curved-00-b0,curved-00,curved,0.5,price,8,9,2,8,8,0,6,64,hex:1/14,TOLERANCE,PASS,True,False,False,0.25423170699991715,0.003621785000177624,0.00039995799988901126,0.007733378000011726,1709,552,hex:2b14041/f43d000,hex:8b3efb5/290a4000,,0
curved-00-b0,curved-00,curved,0.5,scip,8,9,2,8,8,0,6,64,hex:1/14,OPTIMIZATION_DEADLINE,PASS,False,False,False,0.3433714179998333,0.09211842400009118,0.0004671540000344976,0.0010208599999259604,1643,509,hex:-374017/f43d000,hex:9/8,,0
curved-00-b1,curved-00,curved,1.5,deficit,8,9,2,8,8,0,6,64,hex:1/14,TOLERANCE,PASS,True,False,False,0.803237000000081,0.05150066099986361,0.0012801049999779934,0.5066663299999163,14197,3072,hex:34921/100400,hex:d1b3f0f1/35d672400,,
curved-00-b1,curved-00,curved,1.5,enumeration,8,9,2,8,8,0,6,64,hex:1/14,EXACT,PASS,True,False,False,0.28308912900001815,0.011534877999793025,0.0004889140000159387,0.028274511999825336,2710,700,hex:d3825/401000,hex:d3825/401000,,
curved-00-b1,curved-00,curved,1.5,price,8,9,2,8,8,0,6,64,hex:1/14,TOLERANCE,PASS,True,False,False,0.2529778210000586,0.0036628519999339915,0.0003762940000342496,0.007649278999906528,1709,552,hex:2b14041/f43d000,hex:8b3efb5/290a4000,,0
curved-00-b1,curved-00,curved,1.5,scip,8,9,2,8,8,0,6,64,hex:1/14,NUMERICAL_gaplimit,PASS_LOWER_ONLY,False,True,False,0.3958560190001208,0.1363802640000813,0.0006287660000907636,0.005250030000070183,1636,552,hex:d3825/401000,,0.2113502762957317,
curved-00-b2,curved-00,curved,3.0,deficit,8,9,2,8,8,0,6,64,hex:1/14,TOLERANCE,PASS,True,False,False,0.8034066319999056,0.05078426400018543,0.001276979000067513,0.5088001220001388,14197,3072,hex:34921/100400,hex:d1b3f0f1/35d672400,,
curved-00-b2,curved-00,curved,3.0,enumeration,8,9,2,8,8,0,6,64,hex:1/14,EXACT,PASS,True,False,False,0.2835257870001442,0.011692954000181999,0.0005352310001853766,0.028315550000115763,2710,700,hex:d3825/401000,hex:d3825/401000,,
curved-00-b2,curved-00,curved,3.0,price,8,9,2,8,8,0,6,64,hex:1/14,TOLERANCE,PASS,True,False,False,0.253927597000029,0.003639759999941816,0.0003704929999912565,0.007669327000030535,1709,552,hex:2b14041/f43d000,hex:8b3efb5/290a4000,,0
curved-00-b2,curved-00,curved,3.0,scip,8,9,2,8,8,0,6,64,hex:1/14,NUMERICAL_gaplimit,PASS_LOWER_ONLY,False,True,False,0.39639260299986745,0.13730441300003804,0.0006133770000360528,0.005083850999881179,1636,552,hex:d3825/401000,,0.2113502762957317,
curved-01-b0,curved-01,curved,0.5,deficit,16,9,2,12,12,0,7,43,hex:1/14,TOLERANCE,,False,False,True,0.5029859450000913,0.05145197399997414,0.0010750710000593244,,10770,2231,hex:22643/57800,hex:4710903/a636000,,
curved-01-b0,curved-01,curved,0.5,enumeration,16,9,2,12,12,0,7,43,hex:1/14,EXACT,PASS,True,False,False,0.32415595100019345,0.020864572000164117,0.000652851000040755,0.056631794000168156,4079,858,hex:45325/af000,hex:45325/af000,,
curved-01-b0,curved-01,curved,0.5,price,16,9,2,12,12,0,7,43,hex:1/14,TOLERANCE,PASS,True,False,False,0.26444022900000164,0.010795454999879439,0.0005635339998661948,0.010302763999789022,2521,596,hex:445e7/af000,hex:7c4bcd/1324000,,0
curved-01-b0,curved-01,curved,0.5,scip,16,9,2,12,12,0,7,43,hex:1/14,OPTIMIZATION_DEADLINE,PASS,False,False,False,0.34388521899995794,0.09495705000017551,0.000561911999966469,0.0017608539999400818,2613,608,hex:-d2b828f/d21ea000,hex:9/8,,0
curved-01-b1,curved-01,curved,1.5,deficit,16,9,2,12,12,0,7,43,hex:1/14,TOLERANCE,PASS,True,False,False,1.1491671310000129,0.0537532480000209,0.0010833960000127263,0.8506188850001308,10770,2231,hex:22643/57800,hex:4710903/a636000,,
curved-01-b1,curved-01,curved,1.5,enumeration,16,9,2,12,12,0,7,43,hex:1/14,EXACT,PASS,True,False,False,0.3222004429999288,0.020869372000106523,0.0006615570000576554,0.05630527300013455,4079,858,hex:45325/af000,hex:45325/af000,,
curved-01-b1,curved-01,curved,1.5,price,16,9,2,12,12,0,7,43,hex:1/14,TOLERANCE,PASS,True,False,False,0.26350692200003323,0.010371823000014047,0.00047745300003043667,0.010220229999958974,2521,596,hex:445e7/af000,hex:7c4bcd/1324000,,0
curved-01-b1,curved-01,curved,1.5,scip,16,9,2,12,12,0,7,43,hex:1/14,NUMERICAL_gaplimit,PASS_LOWER_ONLY,False,True,False,0.6300435670000297,0.37058010900000227,0.0007511050000630348,0.005606508000028043,2517,632,hex:45325/af000,,0.39541525133343297,
curved-01-b2,curved-01,curved,3.0,deficit,16,9,2,12,12,0,7,43,hex:1/14,TOLERANCE,PASS,True,False,False,1.1351912860000084,0.0527493500003402,0.0010705219997362292,0.8377892050002629,10770,2231,hex:22643/57800,hex:4710903/a636000,,
curved-01-b2,curved-01,curved,3.0,enumeration,16,9,2,12,12,0,7,43,hex:1/14,EXACT,PASS,True,False,False,0.32038558699969144,0.021812274999774672,0.0006809840001551493,0.05598351099979482,4079,858,hex:45325/af000,hex:45325/af000,,
curved-01-b2,curved-01,curved,3.0,price,16,9,2,12,12,0,7,43,hex:1/14,TOLERANCE,PASS,True,False,False,0.26324559399972713,0.01053478800031371,0.00048616000003676163,0.01007396599970889,2521,596,hex:445e7/af000,hex:7c4bcd/1324000,,0
curved-01-b2,curved-01,curved,3.0,scip,16,9,2,12,12,0,7,43,hex:1/14,NUMERICAL_gaplimit,PASS_LOWER_ONLY,False,True,False,0.6291481810003461,0.3693894210000508,0.0007538800000475021,0.005615345000023808,2517,632,hex:45325/af000,,0.39541525133343297,
curved-02-b0,curved-02,curved,0.5,deficit,32,9,2,16,16,0,8,23,hex:1/14,TOLERANCE,,False,False,True,0.5028766130003532,0.05493531800038909,0.0010950589999083604,,9572,2074,hex:52b213/898000,hex:7d8e6462fd/c3e0ef2000,,
curved-02-b0,curved-02,curved,0.5,enumeration,32,9,2,16,16,0,8,23,hex:1/14,EXACT,PASS,True,False,False,0.45727364899994427,0.039146011999946495,0.0008346009999513626,0.17364074599981905,6141,1118,hex:52b213/898000,hex:52b213/898000,,
curved-02-b0,curved-02,curved,0.5,price,32,9,2,16,16,0,8,23,hex:1/14,TOLERANCE,PASS,True,False,False,0.2679737489997933,0.011179744999935792,0.0006126560001575854,0.014566479999757576,4702,873,hex:416a6b4343/73796d0000,hex:73385e21/bd100000,,0
curved-02-b0,curved-02,curved,0.5,scip,32,9,2,16,16,0,8,23,hex:1/14,OPTIMIZATION_DEADLINE,PASS,False,False,False,0.34611801600021863,0.09532105099970067,0.0007359559999713383,0.003035939000255894,4445,714,hex:-463f30035/23944d0000,hex:9/8,,0
curved-02-b1,curved-02,curved,1.5,deficit,32,9,2,16,16,0,8,23,hex:1/14,TOLERANCE,,False,False,True,1.503930113000024,0.056787324999731936,0.0010790790001919959,,9572,2074,hex:52b213/898000,hex:7d8e6462fd/c3e0ef2000,,
curved-02-b1,curved-02,curved,1.5,enumeration,32,9,2,16,16,0,8,23,hex:1/14,EXACT,PASS,True,False,False,0.45304546699981074,0.03851035000025149,0.0008544790002815716,0.1692719920001764,6141,1118,hex:52b213/898000,hex:52b213/898000,,
curved-02-b1,curved-02,curved,1.5,price,32,9,2,16,16,0,8,23,hex:1/14,TOLERANCE,PASS,True,False,False,0.26970262199984063,0.011264651000146841,0.0006717170003867068,0.01471774399988135,4702,873,hex:416a6b4343/73796d0000,hex:73385e21/bd100000,,0
curved-02-b1,curved-02,curved,1.5,scip,32,9,2,16,16,0,8,23,hex:1/14,NUMERICAL_gaplimit,PASS_LOWER_ONLY,False,True,False,0.6472985919999701,0.38511096999991423,0.0010478609997335298,0.006632652999996935,4304,776,hex:52b213/898000,,0.6014656326538119,
curved-02-b2,curved-02,curved,3.0,deficit,32,9,2,16,16,0,8,23,hex:1/14,TOLERANCE,PASS,True,False,False,1.6440977980000753,0.053606762000072194,0.001108414999634988,1.3458528810001553,9572,2074,hex:52b213/898000,hex:7d8e6462fd/c3e0ef2000,,
curved-02-b2,curved-02,curved,3.0,enumeration,32,9,2,16,16,0,8,23,hex:1/14,EXACT,PASS,True,False,False,0.45631059700008336,0.03892250099988814,0.0008414649996666412,0.17350931200007835,6141,1118,hex:52b213/898000,hex:52b213/898000,,
curved-02-b2,curved-02,curved,3.0,price,32,9,2,16,16,0,8,23,hex:1/14,TOLERANCE,PASS,True,False,False,0.2700167909997617,0.011217422999834525,0.0006237469997358858,0.01460238700019545,4702,873,hex:416a6b4343/73796d0000,hex:73385e21/bd100000,,0
curved-02-b2,curved-02,curved,3.0,scip,32,9,2,16,16,0,8,23,hex:1/14,NUMERICAL_gaplimit,PASS_LOWER_ONLY,False,True,False,0.6434274849998474,0.38198537199968996,0.0010383029998592974,0.00656114899993554,4304,776,hex:52b213/898000,,0.6014656326538119,
curved-03-b0,curved-03,curved,0.5,deficit,8,17,2,8,8,0,6,315,hex:1/64,OPTIMIZATION_DEADLINE,PASS,False,False,False,0.3374114250000275,0.09379808699986825,0.00046479999991788645,0.0010228840001218487,1841,540,hex:-b4b807/1770af00,hex:9/8,,0
curved-03-b0,curved-03,curved,0.5,enumeration,8,17,2,8,8,0,6,315,hex:1/64,EXACT,PASS,True,False,False,0.3859424970000873,0.021412472000065463,0.0007626870001331554,0.11934364500029915,4938,1026,hex:5e7f5/219800,hex:5e7f5/219800,,
curved-03-b0,curved-03,curved,0.5,price,8,17,2,8,8,0,6,315,hex:1/64,TIME_LIMIT,PASS,False,False,False,0.3232477479996305,0.06505377400026191,0.0005282079996504763,0.015912498999568925,2021,577,hex:5ddff/219800,hex:672a67/2198000,,1
curved-03-b0,curved-03,curved,0.5,scip,8,17,2,8,8,0,6,315,hex:1/64,OPTIMIZATION_DEADLINE,PASS,False,False,False,0.3426747950002209,0.09492506700007652,0.0004667440002776857,0.001180969999950321,1841,540,hex:-b4b807/1770af00,hex:9/8,,0
curved-03-b1,curved-03,curved,1.5,deficit,8,17,2,8,8,0,6,315,hex:1/64,TOLERANCE,,False,False,True,1.5044195109999237,0.5725078380000923,0.00878515599970342,,120780,22307,hex:2f17d/10cc00,hex:3e8db0473/155b449b00,,
curved-03-b1,curved-03,curved,1.5,enumeration,8,17,2,8,8,0,6,315,hex:1/64,EXACT,PASS,True,False,False,0.3798971750002238,0.021379807999892364,0.0006559069997820188,0.11845638200020403,4938,1026,hex:5e7f5/219800,hex:5e7f5/219800,,
curved-03-b1,curved-03,curved,1.5,price,8,17,2,8,8,0,6,315,hex:1/64,TOLERANCE,PASS,True,False,False,0.7318779729998823,0.46287025399988124,0.000661567999941326,0.0243367500002023,4495,750,hex:5e7f5/219800,hex:1097cf/5a4880,,13
curved-03-b1,curved-03,curved,1.5,scip,8,17,2,8,8,0,6,315,hex:1/64,OPTIMIZATION_DEADLINE,PASS,False,False,False,1.0250261280002633,0.7703567210000983,0.0005824089998895943,0.0011213669999960985,1841,540,hex:-b4b807/1770af00,hex:9/8,,0
curved-03-b2,curved-03,curved,3.0,deficit,8,17,2,8,8,0,6,315,hex:1/64,TOLERANCE,,False,False,True,3.0059399980000308,0.5770809630002987,0.00880886000004466,,120780,22307,hex:2f17d/10cc00,hex:3e8db0473/155b449b00,,
curved-03-b2,curved-03,curved,3.0,enumeration,8,17,2,8,8,0,6,315,hex:1/64,EXACT,PASS,True,False,False,0.3874542140001722,0.021788617000311206,0.0007604679999531072,0.12011846499990497,4938,1026,hex:5e7f5/219800,hex:5e7f5/219800,,
curved-03-b2,curved-03,curved,3.0,price,8,17,2,8,8,0,6,315,hex:1/64,TOLERANCE,PASS,True,False,False,0.7414526309999019,0.46997460199963825,0.0006827720003457216,0.024566743999912433,4495,750,hex:5e7f5/219800,hex:1097cf/5a4880,,13
curved-03-b2,curved-03,curved,3.0,scip,8,17,2,8,8,0,6,315,hex:1/64,OPTIMIZATION_DEADLINE,PASS,False,False,False,1.9269566470002246,1.6728999040001327,0.0005530779999389779,0.0011294410001028155,1841,540,hex:-b4b807/1770af00,hex:9/8,,0
curved-04-b0,curved-04,curved,0.5,deficit,16,17,2,10,10,0,6,225,hex:1/64,OPTIMIZATION_DEADLINE,PASS,False,False,False,0.33767027300018526,0.09507781000002069,0.0004958710001119471,0.0015323580000767834,2729,596,hex:-77fdb/8bd800,hex:9/8,,0
curved-04-b0,curved-04,curved,0.5,enumeration,16,17,2,10,10,0,6,225,hex:1/64,EXACT,,False,False,True,0.502935960999821,0.05149466800003211,0.0009929269999702228,,7662,1358,hex:15913/32000,hex:15913/32000,,
curved-04-b0,curved-04,curved,0.5,price,16,17,2,10,10,0,6,225,hex:1/64,TOLERANCE,PASS,True,False,False,0.2851663369997368,0.029498933000013494,0.0004988929999854008,0.014366179999797168,2705,597,hex:2af7d/64000,hex:1106f05/2710000,,0
curved-04-b0,curved-04,curved,0.5,scip,16,17,2,10,10,0,6,225,hex:1/64,OPTIMIZATION_DEADLINE,PASS,False,False,False,0.3439598869999827,0.09750820199997179,0.0005835319998368504,0.0020217520000187506,2729,596,hex:-77fdb/8bd800,hex:9/8,,0
curved-04-b1,curved-04,curved,1.5,deficit,16,17,2,10,10,0,6,225,hex:1/64,TOLERANCE,,False,False,True,1.5043470890000208,0.5843733940000675,0.007350874000167096,,84736,14621,hex:15913/32000,hex:c6f6c37d/1c47f1000,,
curved-04-b1,curved-04,curved,1.5,enumeration,16,17,2,10,10,0,6,225,hex:1/64,EXACT,PASS,True,False,False,0.584720242000003,0.051690354000129446,0.0008699770000930585,0.29110018900018986,7662,1358,hex:15913/32000,hex:15913/32000,,
curved-04-b1,curved-04,curved,1.5,price,16,17,2,10,10,0,6,225,hex:1/64,TOLERANCE,PASS,True,False,False,0.28784933700035253,0.02908068100032324,0.0005573329999606358,0.014459113000157231,2705,597,hex:2af7d/64000,hex:1106f05/2710000,,0
curved-04-b1,curved-04,curved,1.5,scip,16,17,2,10,10,0,6,225,hex:1/64,NUMERICAL_optimal,PASS_LOWER_ONLY,False,True,False,0.4757018059999609,0.215695013000186,0.0007681669999328733,0.005668165000315639,2660,628,hex:15913/32000,,0.4313427734374999,
curved-04-b2,curved-04,curved,3.0,deficit,16,17,2,10,10,0,6,225,hex:1/64,TOLERANCE,,False,False,True,3.0061490779999076,0.5606961230000707,0.00719290799997907,,84736,14621,hex:15913/32000,hex:c6f6c37d/1c47f1000,,
curved-04-b2,curved-04,curved,3.0,enumeration,16,17,2,10,10,0,6,225,hex:1/64,EXACT,PASS,True,False,False,0.5941113339999902,0.051252595000278234,0.0009617299997444206,0.29684779299986985,7662,1358,hex:15913/32000,hex:15913/32000,,
curved-04-b2,curved-04,curved,3.0,price,16,17,2,10,10,0,6,225,hex:1/64,TOLERANCE,PASS,True,False,False,0.28913957099985055,0.029370003000167344,0.0005676409996340226,0.014547588999903383,2705,597,hex:2af7d/64000,hex:1106f05/2710000,,0
curved-04-b2,curved-04,curved,3.0,scip,16,17,2,10,10,0,6,225,hex:1/64,NUMERICAL_optimal,PASS_LOWER_ONLY,False,True,False,0.47696763099975215,0.2163487239999995,0.0007789969999976165,0.005930863999765279,2660,628,hex:15913/32000,,0.4313427734374999,
curved-05-b0,curved-05,curved,0.5,deficit,32,17,2,17,17,0,8,92,hex:1/64,OPTIMIZATION_DEADLINE,PASS,False,False,False,0.34060925899984795,0.0935772050002015,0.0006310799999482697,0.002512028999717586,4632,746,hex:-691bf6b05/50522ba000,hex:9/8,,0
curved-05-b0,curved-05,curved,0.5,enumeration,32,17,2,17,17,0,8,92,hex:1/64,TIME_LIMIT,PASS,False,False,False,0.30855718899965723,0.06154781700024614,0.0009426430001440167,0.0029427129998111923,8046,1562,hex:1446b0edc9/2b09432400,hex:9/8,,
curved-05-b0,curved-05,curved,0.5,price,32,17,2,17,17,0,8,92,hex:1/64,TOLERANCE,PASS,True,False,False,0.31698218699966674,0.05115003999981127,0.0007051679999676708,0.02064356199980466,4503,731,hex:f54257/1eaa000,hex:fa2a57/1eaa000,,0
curved-05-b0,curved-05,curved,0.5,scip,32,17,2,17,17,0,8,92,hex:1/64,OPTIMIZATION_DEADLINE,PASS,False,False,False,0.34607642500031943,0.09191408400010914,0.0007368890001089312,0.0030507960000250023,4632,746,hex:-691bf6b05/50522ba000,hex:9/8,,0
curved-05-b1,curved-05,curved,1.5,deficit,32,17,2,17,17,0,8,92,hex:1/64,TOLERANCE,,False,False,True,1.5041374400002496,0.35404861600000004,0.0036272540000936715,,45440,10314,hex:3db839/7aa800,hex:15a7dc05/2a74b6a0,,
curved-05-b1,curved-05,curved,1.5,enumeration,32,17,2,17,17,0,8,92,hex:1/64,EXACT,PASS,True,False,False,1.2557286599999316,0.10504024500005471,0.0011379990000932594,0.9061968230003004,10236,1982,hex:3db839/7aa800,hex:3db839/7aa800,,
curved-05-b1,curved-05,curved,1.5,price,32,17,2,17,17,0,8,92,hex:1/64,TOLERANCE,PASS,True,False,False,0.315739442999984,0.05074040299996341,0.0006853019999653043,0.020689487000254303,4503,731,hex:f54257/1eaa000,hex:fa2a57/1eaa000,,0
curved-05-b1,curved-05,curved,1.5,scip,32,17,2,17,17,0,8,92,hex:1/64,NUMERICAL_gaplimit,PASS_LOWER_ONLY,False,True,False,0.6929383380002037,0.4303211440001178,0.001030157000059262,0.0065275690003545606,4376,758,hex:3db839/7aa800,,0.5058567766717915,
curved-05-b2,curved-05,curved,3.0,deficit,32,17,2,17,17,0,8,92,hex:1/64,TOLERANCE,,False,False,True,3.006035294999947,0.36138121699968906,0.003668122999897605,,45440,10314,hex:3db839/7aa800,hex:15a7dc05/2a74b6a0,,
curved-05-b2,curved-05,curved,3.0,enumeration,32,17,2,17,17,0,8,92,hex:1/64,EXACT,PASS,True,False,False,1.2677317790003144,0.10367836499972327,0.001153417000296031,0.9169115939998846,10236,1982,hex:3db839/7aa800,hex:3db839/7aa800,,
curved-05-b2,curved-05,curved,3.0,price,32,17,2,17,17,0,8,92,hex:1/64,TOLERANCE,PASS,True,False,False,0.31620299999985946,0.05001894299994092,0.0007045679999464483,0.02057714600005056,4503,731,hex:f54257/1eaa000,hex:fa2a57/1eaa000,,0
curved-05-b2,curved-05,curved,3.0,scip,32,17,2,17,17,0,8,92,hex:1/64,NUMERICAL_gaplimit,PASS_LOWER_ONLY,False,True,False,0.6763605689998258,0.41655232700031775,0.001002655999855051,0.006544400999700883,4376,758,hex:3db839/7aa800,,0.5058567766717915,
curved-06-b0,curved-06,curved,0.5,deficit,8,25,2,7,7,0,6,1353,hex:1/1f4,OPTIMIZATION_DEADLINE,PASS,False,False,False,0.3362955900001907,0.09785045400030867,0.00047076999999262625,0.001064099999894097,2020,549,hex:-5577cbb/103538000,hex:9/8,,0
curved-06-b0,curved-06,curved,0.5,enumeration,8,25,2,7,7,0,6,1353,hex:1/1f4,EXACT,PASS,False,False,True,0.5029018119998909,0.03591887000038696,0.0009343680003439658,0.2295259239999723,8377,1499,hex:4fecc7c5/1dfa38000,hex:4fecc7c5/1dfa38000,,
curved-06-b0,curved-06,curved,0.5,price,8,25,2,7,7,0,6,1353,hex:1/1f4,TIME_LIMIT,PASS,False,False,False,0.32133411699987846,0.07121608899979037,0.0004058990002704377,0.013982292000036978,2058,583,hex:4fecc7c5/1dfa38000,hex:c98ef/497000,,0
curved-06-b0,curved-06,curved,0.5,scip,8,25,2,7,7,0,6,1353,hex:1/1f4,OPTIMIZATION_DEADLINE,PASS,False,False,False,0.3481598800003667,0.10369171999991522,0.0004569749999063788,0.0012373039999147295,2020,549,hex:-5577cbb/103538000,hex:9/8,,0
curved-06-b1,curved-06,curved,1.5,deficit,8,25,2,7,7,0,6,1353,hex:1/1f4,OPTIMIZATION_DEADLINE,PASS,False,False,False,0.9404030409996267,0.7013982179996674,0.0004572450002342521,0.001024064999910479,2020,549,hex:-5577cbb/103538000,hex:9/8,,0
curved-06-b1,curved-06,curved,1.5,enumeration,8,25,2,7,7,0,6,1353,hex:1/1f4,EXACT,PASS,True,False,False,0.5115117099999225,0.03639457100007348,0.0009925870003826276,0.2325473549999515,8377,1499,hex:4fecc7c5/1dfa38000,hex:4fecc7c5/1dfa38000,,
curved-06-b1,curved-06,curved,1.5,price,8,25,2,7,7,0,6,1353,hex:1/1f4,TIME_LIMIT,PASS,False,False,False,0.9545157469997321,0.6693905329998415,0.000706030999936047,0.040791735000311746,5984,825,hex:4fecc7c5/1dfa38000,hex:51cef9d831/1dfa3800000,,18
curved-06-b1,curved-06,curved,1.5,scip,8,25,2,7,7,0,6,1353,hex:1/1f4,OPTIMIZATION_DEADLINE,PASS,False,False,False,1.0281410979996508,0.7749607509999805,0.0005721110001104535,0.001328395000200544,2020,549,hex:-5577cbb/103538000,hex:9/8,,0
curved-06-b2,curved-06,curved,3.0,deficit,8,25,2,7,7,0,6,1353,hex:1/1f4,OPTIMIZATION_DEADLINE,PASS,False,False,False,1.8452071239998986,1.5990460689999964,0.000509783999859792,0.0011147160003019962,2020,549,hex:-5577cbb/103538000,hex:9/8,,0
curved-06-b2,curved-06,curved,3.0,enumeration,8,25,2,7,7,0,6,1353,hex:1/1f4,EXACT,PASS,True,False,False,0.5122481700000208,0.03613167899993641,0.001002775999950245,0.23200218500005576,8377,1499,hex:4fecc7c5/1dfa38000,hex:4fecc7c5/1dfa38000,,
curved-06-b2,curved-06,curved,3.0,price,8,25,2,7,7,0,6,1353,hex:1/1f4,TOLERANCE,PASS,True,False,False,0.9679440340000838,0.6793612930000563,0.0007324399998651643,0.040722467999785295,6174,847,hex:4fecc7c5/1dfa38000,hex:18a5bb/92e000,,19
curved-06-b2,curved-06,curved,3.0,scip,8,25,2,7,7,0,6,1353,hex:1/1f4,NUMERICAL_gaplimit,PASS_LOWER_ONLY,False,True,False,1.0956767910001872,0.8340774829998736,0.0006783789999644796,0.005496093000147084,2031,607,hex:4fecc7c5/1dfa38000,,0.16795381925115038,
curved-07-b0,curved-07,curved,0.5,deficit,16,25,2,12,12,0,6,1086,hex:1/1f4,OPTIMIZATION_DEADLINE,PASS,False,False,False,0.3401020999999673,0.09292076600013388,0.0005372449995775241,0.0015992519997780619,2983,632,hex:-207ea5e7/1df7cd400,hex:9/8,,0
curved-07-b0,curved-07,curved,0.5,enumeration,16,25,2,12,12,0,6,1086,hex:1/1f4,TIME_LIMIT,PASS,False,False,False,0.3077607519999219,0.05987528100013151,0.001008728000215342,0.0018259670000588812,8862,1537,hex:43d8f/af000,hex:9/8,,
curved-07-b0,curved-07,curved,0.5,price,16,25,2,12,12,0,6,1086,hex:1/1f4,TIME_LIMIT,PASS,False,False,False,0.33124076100011735,0.0653267530001358,0.0006268930001169792,0.01951700500012521,2887,604,hex:21df3/57800,hex:239f3/57800,,0
curved-07-b0,curved-07,curved,0.5,scip,16,25,2,12,12,0,6,1086,hex:1/1f4,OPTIMIZATION_DEADLINE,PASS,False,False,False,0.34440459999996165,0.09293811900033688,0.0006159620002108568,0.001915694000217627,2983,632,hex:-207ea5e7/1df7cd400,hex:9/8,,0
curved-07-b1,curved-07,curved,1.5,deficit,16,25,2,12,12,0,6,1086,hex:1/1f4,OPTIMIZATION_DEADLINE,PASS,False,False,False,0.942344544000207,0.6970196709999072,0.0005124490003254323,0.0015803359997335065,2983,632,hex:-207ea5e7/1df7cd400,hex:9/8,,0
curved-07-b1,curved-07,curved,1.5,enumeration,16,25,2,12,12,0,6,1086,hex:1/1f4,EXACT,PASS,True,False,False,1.0121653920000426,0.10730406600032438,0.001514192999820807,0.6598897199996827,14825,2362,hex:cc4c9/20d000,hex:cc4c9/20d000,,
curved-07-b1,curved-07,curved,1.5,price,16,25,2,12,12,0,6,1086,hex:1/1f4,TIME_LIMIT,PASS,False,False,False,0.9807418200002758,0.6731035980001252,0.0007022839999990538,0.06416347000003952,4879,875,hex:cbfe7/20d000,hex:b63470181/1c22ee0000,,8
curved-07-b1,curved-07,curved,1.5,scip,16,25,2,12,12,0,6,1086,hex:1/1f4,OPTIMIZATION_DEADLINE,PASS,False,False,False,1.0399288290000186,0.7844228389999444,0.0006899199997860705,0.0020381929998620762,2983,632,hex:-207ea5e7/1df7cd400,hex:9/8,,0
curved-07-b2,curved-07,curved,3.0,deficit,16,25,2,12,12,0,6,1086,hex:1/1f4,OPTIMIZATION_DEADLINE,PASS,False,False,False,1.8459240469996985,1.599697866999577,0.0005467629998747725,0.001645327999995061,2983,632,hex:-207ea5e7/1df7cd400,hex:9/8,,0
curved-07-b2,curved-07,curved,3.0,enumeration,16,25,2,12,12,0,6,1086,hex:1/1f4,EXACT,PASS,True,False,False,1.0051812319998135,0.10732744200004163,0.0015375760003735195,0.6561895350000668,14825,2362,hex:cc4c9/20d000,hex:cc4c9/20d000,,
curved-07-b2,curved-07,curved,3.0,price,16,25,2,12,12,0,6,1086,hex:1/1f4,TIME_LIMIT,PASS,False,False,False,1.8710578140003236,1.5692639649996636,0.0008480660003442608,0.059240869999939605,7877,1133,hex:cc4c9/20d000,hex:2726cdbe22f/627a4100000,,18
curved-07-b2,curved-07,curved,3.0,scip,16,25,2,12,12,0,6,1086,hex:1/1f4,OPTIMIZATION_DEADLINE,PASS,False,False,False,1.9344179349996011,1.6840067349999117,0.0006339560000014899,0.0019015570001101878,2983,632,hex:-207ea5e7/1df7cd400,hex:9/8,,0
curved-08-b0,curved-08,curved,0.5,deficit,32,25,2,14,14,0,8,573,hex:1/1f4,OPTIMIZATION_DEADLINE,PASS,False,False,False,0.339358736000122,0.09791853000024275,0.0006343370000649884,0.0026249099996675795,4816,760,hex:-2f257feab/1e32848000,hex:9/8,,0
curved-08-b0,curved-08,curved,0.5,enumeration,32,25,2,14,14,0,8,573,hex:1/1f4,TIME_LIMIT,PASS,False,False,False,0.30965869200008456,0.06557870699998603,0.0009253809998881479,0.0031350049998764007,8226,1533,hex:33ed88889/57cee8000,hex:9/8,,
curved-08-b0,curved-08,curved,0.5,price,32,25,2,14,14,0,8,573,hex:1/1f4,TIME_LIMIT,PASS,False,False,False,0.34017956200023036,0.07020322899961684,0.0006806030000916508,0.030676039999889326,4765,785,hex:1123af1/1b26000,hex:4ac8cf02d/75ed10000,,0
curved-08-b0,curved-08,curved,0.5,scip,32,25,2,14,14,0,8,573,hex:1/1f4,OPTIMIZATION_DEADLINE,PASS,False,False,False,0.35160947499980466,0.10525970399976359,0.0007142370000110532,0.00316880799982755,4816,760,hex:-2f257feab/1e32848000,hex:9/8,,0
curved-08-b1,curved-08,curved,1.5,deficit,32,25,2,14,14,0,8,573,hex:1/1f4,OPTIMIZATION_DEADLINE,PASS,False,False,False,0.9444856730001447,0.7014853880000373,0.0006497760000456765,0.0025973889996748767,4816,760,hex:-2f257feab/1e32848000,hex:9/8,,0
curved-08-b1,curved-08,curved,1.5,enumeration,32,25,2,14,14,0,8,573,hex:1/1f4,EXACT,,False,False,True,1.5043820409996442,0.21901258800016876,0.0016309220000039204,,16984,3211,hex:1123af1/1b26000,hex:1123af1/1b26000,,
curved-08-b1,curved-08,curved,1.5,price,32,25,2,14,14,0,8,573,hex:1/1f4,TOLERANCE,PASS,True,False,False,0.40656640200040783,0.1355431300003147,0.0006976349995966302,0.0319907900002363,4787,796,hex:1123af1/1b26000,hex:4a43215dd1a4d/7555f84380000,,0
curved-08-b1,curved-08,curved,1.5,scip,32,25,2,14,14,0,8,573,hex:1/1f4,OPTIMIZATION_DEADLINE,PASS,False,False,False,1.0546865319997778,0.7993141609999839,0.0008243429997492058,0.003234000000247761,4816,760,hex:-2f257feab/1e32848000,hex:9/8,,0
curved-08-b2,curved-08,curved,3.0,deficit,32,25,2,14,14,0,8,573,hex:1/1f4,OPTIMIZATION_DEADLINE,PASS,False,False,False,1.847650251000232,1.6050258880000001,0.0006574199996975949,0.0026471520000086457,4816,760,hex:-2f257feab/1e32848000,hex:9/8,,0
curved-08-b2,curved-08,curved,3.0,enumeration,32,25,2,14,14,0,8,573,hex:1/1f4,EXACT,,False,False,True,3.0058025650000673,0.219862250999995,0.0015720110000074783,,16984,3211,hex:1123af1/1b26000,hex:1123af1/1b26000,,
curved-08-b2,curved-08,curved,3.0,price,32,25,2,14,14,0,8,573,hex:1/1f4,TOLERANCE,PASS,True,False,False,0.40638528799991036,0.13651827300009245,0.0006298190000961768,0.031309807999605255,4787,796,hex:1123af1/1b26000,hex:4a43215dd1a4d/7555f84380000,,0
curved-08-b2,curved-08,curved,3.0,scip,32,25,2,14,14,0,8,573,hex:1/1f4,NUMERICAL_gaplimit,PASS_LOWER_ONLY,False,True,False,1.0355814049999026,0.7781971539998267,0.001017363999835652,0.006700005999846326,4720,806,hex:1123af1/1b26000,,0.6319752171148115,
curved-09-b0,curved-09,curved,0.5,deficit,8,9,4,7,7,0,6,113,hex:1/14,OPTIMIZATION_DEADLINE,PASS,False,False,False,0.3361807719998069,0.09898735600017972,0.00040246199978355435,0.0008903860002646979,1696,516,hex:-81b9d6f/1aa770000,hex:9/8,,0
curved-09-b0,curved-09,curved,0.5,enumeration,8,9,4,7,7,0,6,113,hex:1/14,EXACT,PASS,True,False,False,0.3607490580002377,0.0618721769997137,0.0013782989999526762,0.0613054759996885,12278,1340,hex:66e2b/226000,hex:66e2b/226000,,
curved-09-b0,curved-09,curved,0.5,price,8,9,4,7,7,0,6,113,hex:1/14,TOLERANCE,PASS,True,False,False,0.24798427599989736,0.0036727820001942746,0.0003660449997369142,0.007678877000216744,1732,554,hex:49223331/1aa770000,hex:701ef97/23730000,,0
curved-09-b0,curved-09,curved,0.5,scip,8,9,4,7,7,0,6,113,hex:1/14,OPTIMIZATION_DEADLINE,PASS,False,False,False,0.3501333969998086,0.1044790109999667,0.0004933230002279743,0.0010993670002790168,1696,516,hex:-81b9d6f/1aa770000,hex:9/8,,0
curved-09-b1,curved-09,curved,1.5,deficit,8,9,4,7,7,0,6,113,hex:1/14,TOLERANCE,,False,False,True,1.5041087220001828,0.13370064200034903,0.004098768000403652,,54037,11390,hex:66e2b/226000,hex:3427461b3/e56926800,,
curved-09-b1,curved-09,curved,1.5,enumeration,8,9,4,7,7,0,6,113,hex:1/14,EXACT,PASS,True,False,False,0.3638847319998604,0.06212140199977512,0.0013441050000437826,0.0611883160004254,12278,1340,hex:66e2b/226000,hex:66e2b/226000,,
curved-09-b1,curved-09,curved,1.5,price,8,9,4,7,7,0,6,113,hex:1/14,TOLERANCE,PASS,True,False,False,0.24884590500005288,0.0036776530000679486,0.00037303800036170287,0.007560950999959459,1732,554,hex:49223331/1aa770000,hex:701ef97/23730000,,0
curved-09-b1,curved-09,curved,1.5,scip,8,9,4,7,7,0,6,113,hex:1/14,NUMERICAL_gaplimit,PASS_LOWER_ONLY,False,True,False,0.3977634630000466,0.14685925699996005,0.0005869980000170472,0.005100686999867321,1649,550,hex:5be2b/226000,,0.19706454190340902,
curved-09-b2,curved-09,curved,3.0,deficit,8,9,4,7,7,0,6,113,hex:1/14,TOLERANCE,PASS,True,False,False,1.5732595969998329,0.13184926200028713,0.004092119000233652,1.1992024450000827,54037,11390,hex:66e2b/226000,hex:3427461b3/e56926800,,
curved-09-b2,curved-09,curved,3.0,enumeration,8,9,4,7,7,0,6,113,hex:1/14,EXACT,PASS,True,False,False,0.3591807580000932,0.06136709000020346,0.0012928099999953702,0.06058082900017325,12278,1340,hex:66e2b/226000,hex:66e2b/226000,,
curved-09-b2,curved-09,curved,3.0,price,8,9,4,7,7,0,6,113,hex:1/14,TOLERANCE,PASS,True,False,False,0.25215199299964297,0.0038153909999891766,0.0003837480003312521,0.007716762999734783,1732,554,hex:49223331/1aa770000,hex:701ef97/23730000,,0
curved-09-b2,curved-09,curved,3.0,scip,8,9,4,7,7,0,6,113,hex:1/14,NUMERICAL_gaplimit,PASS_LOWER_ONLY,False,True,False,0.40246862999993027,0.14870491000010588,0.0006264520002332574,0.0051369449997764605,1649,550,hex:5be2b/226000,,0.19706454190340902,
curved-10-b0,curved-10,curved,0.5,deficit,16,9,4,12,12,0,7,89,hex:1/14,OPTIMIZATION_DEADLINE,PASS,False,False,False,0.3379257560000042,0.09780259699982707,0.000507099000060407,0.001375064000058046,2555,584,hex:-252877/2842400,hex:9/8,,0
curved-10-b0,curved-10,curved,0.5,enumeration,16,9,4,12,12,0,7,89,hex:1/14,TIME_LIMIT,PASS,False,False,False,0.3066945589998795,0.06526866300009715,0.001002966999749333,0.0015826219996597501,8605,1204,hex:abc3f/1a9000,hex:9/8,,
curved-10-b0,curved-10,curved,0.5,price,16,9,4,12,12,0,7,89,hex:1/14,TOLERANCE,PASS,True,False,False,0.26328448000003846,0.01067793599986544,0.0004767119999087299,0.009974098999919079,2548,600,hex:520b9/d4800,hex:2f4da55/70e4000,,0
curved-10-b0,curved-10,curved,0.5,scip,16,9,4,12,12,0,7,89,hex:1/14,OPTIMIZATION_DEADLINE,PASS,False,False,False,0.3431222720000733,0.09636036700021577,0.0005503200000021025,0.0017084979999708594,2555,584,hex:-252877/2842400,hex:9/8,,0
curved-10-b1,curved-10,curved,1.5,deficit,16,9,4,12,12,0,7,89,hex:1/14,TOLERANCE,,False,False,True,1.504353366000032,0.1398397580001074,0.0032974920000015118,,46887,10113,hex:abc3f/1a9000,hex:bf176495/1afb14800,,
curved-10-b1,curved-10,curved,1.5,enumeration,16,9,4,12,12,0,7,89,hex:1/14,EXACT,PASS,True,False,False,0.5016865349998625,0.14803297299977203,0.001751677999891399,0.11336181000024226,15946,1659,hex:abc3f/1a9000,hex:abc3f/1a9000,,
curved-10-b1,curved-10,curved,1.5,price,16,9,4,12,12,0,7,89,hex:1/14,TOLERANCE,PASS,True,False,False,0.2584162269999979,0.010431775000142807,0.0004446519997145515,0.00996600300004502,2548,600,hex:520b9/d4800,hex:2f4da55/70e4000,,0
curved-10-b1,curved-10,curved,1.5,scip,16,9,4,12,12,0,7,89,hex:1/14,NUMERICAL_gaplimit,PASS_LOWER_ONLY,False,True,False,0.3995447469997089,0.14564005399961388,0.0007104199999048433,0.005587468000157969,2503,610,hex:9f03f/1a9000,,0.41715372114039173,
curved-10-b2,curved-10,curved,3.0,deficit,16,9,4,12,12,0,7,89,hex:1/14,TOLERANCE,PASS,True,False,False,2.342806295999708,0.13901063299999805,0.0033043440002984426,1.9598364580001544,46887,10113,hex:abc3f/1a9000,hex:bf176495/1afb14800,,
curved-10-b2,curved-10,curved,3.0,enumeration,16,9,4,12,12,0,7,89,hex:1/14,EXACT,PASS,True,False,False,0.5028890739999952,0.14809775899993838,0.0017600940000193077,0.11303756300003442,15946,1659,hex:abc3f/1a9000,hex:abc3f/1a9000,,
curved-10-b2,curved-10,curved,3.0,price,16,9,4,12,12,0,7,89,hex:1/14,TOLERANCE,PASS,True,False,False,0.260922066999683,0.01043047299981481,0.00045878899982199073,0.009988956000142934,2548,600,hex:520b9/d4800,hex:2f4da55/70e4000,,0
curved-10-b2,curved-10,curved,3.0,scip,16,9,4,12,12,0,7,89,hex:1/14,NUMERICAL_gaplimit,PASS_LOWER_ONLY,False,True,False,0.40401608100000885,0.14821422799968786,0.0007434110002577654,0.00552126299999145,2503,610,hex:9f03f/1a9000,,0.41715372114039173,
curved-11-b0,curved-11,curved,0.5,deficit,32,9,4,17,17,0,8,38,hex:1/14,OPTIMIZATION_DEADLINE,PASS,False,False,False,0.3390659820001929,0.09695132799970452,0.0006198599999152066,0.0025180030002047715,4410,714,hex:-556ca13/3e288000,hex:9/8,,0
curved-11-b0,curved-11,curved,0.5,enumeration,32,9,4,17,17,0,8,38,hex:1/14,TIME_LIMIT,PASS,False,False,False,0.30912777200001074,0.0666430080000282,0.0008491389999107923,0.0028648620000240044,7518,1392,hex:6f73b7db/d2474000,hex:9/8,,
curved-11-b0,curved-11,curved,0.5,price,32,9,4,17,17,0,8,38,hex:1/14,TOLERANCE,PASS,True,False,False,0.2727322380001169,0.01897997200012469,0.00057794099984676,0.014421531000152754,4259,699,hex:4d2cf/96000,hex:36b995/640000,,0
curved-11-b0,curved-11,curved,0.5,scip,32,9,4,17,17,0,8,38,hex:1/14,OPTIMIZATION_DEADLINE,PASS,False,False,False,0.3465047650001907,0.09829712600003404,0.0007007509998402384,0.0032943850001174724,4410,714,hex:-556ca13/3e288000,hex:9/8,,0
curved-11-b1,curved-11,curved,1.5,deficit,32,9,4,17,17,0,8,38,hex:1/14,TOLERANCE,,False,False,True,1.5039642870001444,0.0927640610002527,0.0018751190000330098,,25824,5771,hex:6f73b7db/d2474000,hex:2cc030730bb1/5064f7a94000,,
curved-11-b1,curved-11,curved,1.5,enumeration,32,9,4,17,17,0,8,38,hex:1/14,EXACT,PASS,True,False,False,1.136864949000028,0.3192702440001085,0.0020856229998571507,0.5746727280002233,18793,2806,hex:6f73b7db/d2474000,hex:6f73b7db/d2474000,,
curved-11-b1,curved-11,curved,1.5,price,32,9,4,17,17,0,8,38,hex:1/14,TOLERANCE,PASS,True,False,False,0.2726827549995505,0.01893494699970688,0.0005945030002294516,0.014370755000072677,4259,699,hex:4d2cf/96000,hex:36b995/640000,,0
curved-11-b1,curved-11,curved,1.5,scip,32,9,4,17,17,0,8,38,hex:1/14,NUMERICAL_gaplimit,PASS_LOWER_ONLY,False,True,False,0.43022572100016987,0.17349546199966426,0.000997646999621793,0.006493602999853465,4291,756,hex:18cf/3200,,0.533661475466009,
curved-11-b2,curved-11,curved,3.0,deficit,32,9,4,17,17,0,8,38,hex:1/14,TOLERANCE,PASS,True,False,False,2.40697374399997,0.09262123700000302,0.0019128379999528988,2.0717672119999406,25824,5771,hex:6f73b7db/d2474000,hex:2cc030730bb1/5064f7a94000,,
curved-11-b2,curved-11,curved,3.0,enumeration,32,9,4,17,17,0,8,38,hex:1/14,EXACT,PASS,True,False,False,1.1356547059999684,0.3156969299998309,0.0019588049999583745,0.5783807610000622,18793,2806,hex:6f73b7db/d2474000,hex:6f73b7db/d2474000,,
curved-11-b2,curved-11,curved,3.0,price,32,9,4,17,17,0,8,38,hex:1/14,TOLERANCE,PASS,True,False,False,0.2741842870000255,0.019087609000052908,0.0005889320000278531,0.01445736699997724,4259,699,hex:4d2cf/96000,hex:36b995/640000,,0
curved-11-b2,curved-11,curved,3.0,scip,32,9,4,17,17,0,8,38,hex:1/14,NUMERICAL_gaplimit,PASS_LOWER_ONLY,False,True,False,0.43131191300017235,0.17359365199990862,0.0010084370001095522,0.006527922000259423,4291,756,hex:18cf/3200,,0.533661475466009,
curved-12-b0,curved-12,curved,0.5,deficit,8,17,4,6,6,0,5,574,hex:1/64,OPTIMIZATION_DEADLINE,PASS,False,False,False,0.3361354859998755,0.09851723699966897,0.0004133239999646321,0.0009478629999648547,1857,524,hex:-110b631/50780000,hex:9/8,,0
curved-12-b0,curved-12,curved,0.5,enumeration,8,17,4,6,6,0,5,574,hex:1/64,TIME_LIMIT,PASS,False,False,False,0.3064059969997288,0.0673384370002168,0.00132484799996746,0.0011695879998114833,12935,1553,hex:2fcbd/c8000,hex:9/8,,
curved-12-b0,curved-12,curved,0.5,price,8,17,4,6,6,0,5,574,hex:1/64,TOLERANCE,PASS,True,False,False,0.27274756900033026,0.02281051399995704,0.00040686100010134396,0.011309347999940655,1823,530,hex:bb69/32000,hex:1cec2b/780000,,0
curved-12-b0,curved-12,curved,0.5,scip,8,17,4,6,6,0,5,574,hex:1/64,OPTIMIZATION_DEADLINE,PASS,False,False,False,0.3428148819998569,0.09525613599998906,0.0004606620000231487,0.0011807289997705084,1857,524,hex:-110b631/50780000,hex:9/8,,0
curved-12-b1,curved-12,curved,1.5,deficit,8,17,4,6,6,0,5,574,hex:1/64,OPTIMIZATION_DEADLINE,PASS,False,False,False,0.939216536999993,0.6938097370002652,0.0004602210001394269,0.0009787209996829915,1857,524,hex:-110b631/50780000,hex:9/8,,0
curved-12-b1,curved-12,curved,1.5,enumeration,8,17,4,6,6,0,5,574,hex:1/64,TIME_LIMIT,PASS,False,False,False,0.9261941239997213,0.6752038990002802,0.0115720290000354,0.0011736350002138352,110431,6188,hex:2fcbd/c8000,hex:9/8,,
curved-12-b1,curved-12,curved,1.5,price,8,17,4,6,6,0,5,574,hex:1/64,TOLERANCE,PASS,True,False,False,0.2711198870001681,0.022755542999675527,0.00037571300026684185,0.011343807999764977,1823,530,hex:bb69/32000,hex:1cec2b/780000,,0
curved-12-b1,curved-12,curved,1.5,scip,8,17,4,6,6,0,5,574,hex:1/64,NUMERICAL_gaplimit,PASS_LOWER_ONLY,False,True,False,0.6346139629999925,0.38120529299976624,0.000639786999727221,0.005257355000139796,1817,561,hex:2fcbd/c8000,,0.2415347522673439,
curved-12-b2,curved-12,curved,3.0,deficit,8,17,4,6,6,0,5,574,hex:1/64,OPTIMIZATION_DEADLINE,PASS,False,False,False,1.8453421789999993,1.6034832209998058,0.00046012100028747227,0.0009651860000303714,1857,524,hex:-110b631/50780000,hex:9/8,,0
curved-12-b2,curved-12,curved,3.0,enumeration,8,17,4,6,6,0,5,574,hex:1/64,EXACT,PASS,True,False,False,1.5704054520001591,0.7500071590002335,0.012862169000072754,0.5683576229998835,121503,6679,hex:2fcbd/c8000,hex:2fcbd/c8000,,
curved-12-b2,curved-12,curved,3.0,price,8,17,4,6,6,0,5,574,hex:1/64,TOLERANCE,PASS,True,False,False,0.27639998499989815,0.022953592999783723,0.00039621199994144263,0.011442964000252687,1823,530,hex:bb69/32000,hex:1cec2b/780000,,0
curved-12-b2,curved-12,curved,3.0,scip,8,17,4,6,6,0,5,574,hex:1/64,NUMERICAL_gaplimit,PASS_LOWER_ONLY,False,True,False,0.632865669000239,0.37979530099983094,0.0006490249998023501,0.00526641499982361,1817,561,hex:2fcbd/c8000,,0.2415347522673439,
curved-13-b0,curved-13,curved,0.5,deficit,16,17,4,10,10,0,7,427,hex:1/64,OPTIMIZATION_DEADLINE,PASS,False,False,False,0.33691637099991567,0.09788017600021703,0.00046080200036158203,0.0015311849997488025,2769,614,hex:-4a7c6c3d/577092000,hex:9/8,,0
curved-13-b0,curved-13,curved,0.5,enumeration,16,17,4,10,10,0,7,427,hex:1/64,TIME_LIMIT,PASS,False,False,False,0.3066767020000043,0.06719309999971301,0.0009578219996910775,0.0017322809999313904,9200,1468,hex:2834b/64000,hex:9/8,,
curved-13-b0,curved-13,curved,0.5,price,16,17,4,10,10,0,7,427,hex:1/64,TOLERANCE,PASS,True,False,False,0.31072251400019013,0.05891992799979562,0.00044599500006370363,0.014546610999786935,2671,580,hex:9f49/19000,hex:a349/19000,,0
curved-13-b0,curved-13,curved,0.5,scip,16,17,4,10,10,0,7,427,hex:1/64,OPTIMIZATION_DEADLINE,PASS,False,False,False,0.3498844480000116,0.10411816800024098,0.0005549689999497787,0.0018413160000818607,2769,614,hex:-4a7c6c3d/577092000,hex:9/8,,0
curved-13-b1,curved-13,curved,1.5,deficit,16,17,4,10,10,0,7,427,hex:1/64,OPTIMIZATION_DEADLINE,PASS,False,False,False,0.9407372570003645,0.699687731999802,0.0005226880002737744,0.0015243719999489258,2769,614,hex:-4a7c6c3d/577092000,hex:9/8,,0
curved-13-b1,curved-13,curved,1.5,enumeration,16,17,4,10,10,0,7,427,hex:1/64,TIME_LIMIT,PASS,False,False,False,0.9196760049999284,0.6747597160001533,0.006721788000049855,0.0017794499999581603,62269,4568,hex:2834b/64000,hex:9/8,,
curved-13-b1,curved-13,curved,1.5,price,16,17,4,10,10,0,7,427,hex:1/64,TOLERANCE,PASS,True,False,False,0.31181558899970696,0.058993597000153386,0.00046020199988561217,0.014702363000196783,2671,580,hex:9f49/19000,hex:a349/19000,,0
curved-13-b1,curved-13,curved,1.5,scip,16,17,4,10,10,0,7,427,hex:1/64,OPTIMIZATION_DEADLINE,PASS,False,False,False,1.0304689439999493,0.7807981890000519,0.0006153609997454623,0.0018315180000172404,2769,614,hex:-4a7c6c3d/577092000,hex:9/8,,0
curved-13-b2,curved-13,curved,3.0,deficit,16,17,4,10,10,0,7,427,hex:1/64,OPTIMIZATION_DEADLINE,PASS,False,False,False,1.8449725939999553,1.6026417829998536,0.0005183590001252014,0.0014911800003574172,2769,614,hex:-4a7c6c3d/577092000,hex:9/8,,0
curved-13-b2,curved-13,curved,3.0,enumeration,16,17,4,10,10,0,7,427,hex:1/64,TIME_LIMIT,PASS,False,False,False,1.8340039609997802,1.578357644999869,0.014663475999896036,0.0017694899997877656,142186,8459,hex:2834b/64000,hex:9/8,,
curved-13-b2,curved-13,curved,3.0,price,16,17,4,10,10,0,7,427,hex:1/64,TOLERANCE,PASS,True,False,False,0.3128416119998292,0.05959063900036199,0.0004898160000266216,0.014677994000066974,2671,580,hex:9f49/19000,hex:a349/19000,,0
curved-13-b2,curved-13,curved,3.0,scip,16,17,4,10,10,0,7,427,hex:1/64,NUMERICAL_gaplimit,PASS_LOWER_ONLY,False,True,False,1.0324689829999443,0.7781520459998319,0.0007605119999425369,0.005764747000284842,2690,622,hex:2834b/64000,,0.40205810546875004,
curved-14-b0,curved-14,curved,0.5,deficit,32,17,4,20,20,0,8,205,hex:1/64,OPTIMIZATION_DEADLINE,PASS,False,False,False,0.33956503399986104,0.0974730200000522,0.0006068550001145923,0.002557544999945094,4702,756,hex:-149f36c2b5/aa6b008000,hex:9/8,,0
curved-14-b0,curved-14,curved,0.5,enumeration,32,17,4,20,20,0,8,205,hex:1/64,TIME_LIMIT,PASS,False,False,False,0.30938634699987233,0.06600244500032204,0.0008486279998578539,0.0030386660000658594,8254,1593,hex:4b015e0509/98ea0b8000,hex:9/8,,
curved-14-b0,curved-14,curved,0.5,price,32,17,4,20,20,0,8,205,hex:1/64,TIME_LIMIT,PASS,False,False,False,0.333882241000083,0.07214751399988018,0.0005912859996897168,0.021947796000404196,4545,757,hex:957927/11f8000,hex:9e1927/11f8000,,0
curved-14-b0,curved-14,curved,0.5,scip,32,17,4,20,20,0,8,205,hex:1/64,OPTIMIZATION_DEADLINE,PASS,False,False,False,0.3454905809999218,0.09739547499975743,0.0007160089999160846,0.0032864590002645855,4702,756,hex:-149f36c2b5/aa6b008000,hex:9/8,,0
curved-14-b1,curved-14,curved,1.5,deficit,32,17,4,20,20,0,8,205,hex:1/64,OPTIMIZATION_DEADLINE,PASS,False,False,False,0.9427362299998094,0.700373480000053,0.000638845000139554,0.00263895699981731,4702,756,hex:-149f36c2b5/aa6b008000,hex:9/8,,0
curved-14-b1,curved-14,curved,1.5,enumeration,32,17,4,20,20,0,8,205,hex:1/64,TIME_LIMIT,PASS,False,False,False,0.9144945039997765,0.6678238839999722,0.0036141820000921143,0.002958755000236124,37835,5978,hex:9d0f23/11f8000,hex:9/8,,
curved-14-b1,curved-14,curved,1.5,price,32,17,4,20,20,0,8,205,hex:1/64,TOLERANCE,PASS,True,False,False,0.38395849800008364,0.12169083899971156,0.0006683700003122794,0.022300570999959746,4542,774,hex:9d0f23/11f8000,hex:165d6dfe23/28d0d40000,,0
curved-14-b1,curved-14,curved,1.5,scip,32,17,4,20,20,0,8,205,hex:1/64,NUMERICAL_gaplimit,PASS_LOWER_ONLY,False,True,False,0.7709453889997349,0.5150449309999203,0.0010314400001334434,0.006880363999698602,4493,795,hex:9d0f23/11f8000,,0.5469365044952199,
curved-14-b2,curved-14,curved,3.0,deficit,32,17,4,20,20,0,8,205,hex:1/64,TOLERANCE,,False,False,True,3.006132923000223,1.4234292659998573,0.01771758699987913,,227359,55483,hex:9d0f23/11f8000,hex:1539eecca3b/264f9efa000,,
curved-14-b2,curved-14,curved,3.0,enumeration,32,17,4,20,20,0,8,205,hex:1/64,TIME_LIMIT,PASS,False,False,False,1.822213993999867,1.5709234260002631,0.007304527000087546,0.002920384000390186,75722,10430,hex:9d0f23/11f8000,hex:9/8,,
curved-14-b2,curved-14,curved,3.0,price,32,17,4,20,20,0,8,205,hex:1/64,TOLERANCE,PASS,True,False,False,0.38494261899995763,0.12339195100003053,0.0006126870002844953,0.02265929299983327,4542,774,hex:9d0f23/11f8000,hex:165d6dfe23/28d0d40000,,0
curved-14-b2,curved-14,curved,3.0,scip,32,17,4,20,20,0,8,205,hex:1/64,NUMERICAL_gaplimit,PASS_LOWER_ONLY,False,True,False,0.7767392699997799,0.5193619599999693,0.0010661849996722594,0.006639991999691119,4493,795,hex:9d0f23/11f8000,,0.5469365044952199,
curved-15-b0,curved-15,curved,0.5,deficit,8,25,4,5,5,0,6,2785,hex:1/1f4,OPTIMIZATION_DEADLINE,PASS,False,False,False,0.33658618100025706,0.09703672100022231,0.000449421000212169,0.0010777559996313357,2025,566,hex:-a0f6285/18124e000,hex:9/8,,0
curved-15-b0,curved-15,curved,0.5,enumeration,8,25,4,5,5,0,6,2785,hex:1/1f4,TIME_LIMIT,PASS,False,False,False,0.30677927099986846,0.06513135400018655,0.0013069249998807209,0.0012920979997943505,13051,2033,hex:1f857309/c3082000,hex:9/8,,
curved-15-b0,curved-15,curved,0.5,price,8,25,4,5,5,0,6,2785,hex:1/1f4,TIME_LIMIT,PASS,False,False,False,0.3274823270003253,0.07279142599963961,0.00044527299996843794,0.01572614400038219,2094,618,hex:1f857309/c3082000,hex:3626a5876f/13ced340000,,0
curved-15-b0,curved-15,curved,0.5,scip,8,25,4,5,5,0,6,2785,hex:1/1f4,OPTIMIZATION_DEADLINE,PASS,False,False,False,0.34985230299980685,0.1057389829998101,0.00047715299979245174,0.0012826590000258875,2025,566,hex:-a0f6285/18124e000,hex:9/8,,0
curved-15-b1,curved-15,curved,1.5,deficit,8,25,4,5,5,0,6,2785,hex:1/1f4,OPTIMIZATION_DEADLINE,PASS,False,False,False,0.9394076730000052,0.6999969019998389,0.00044296899977780413,0.0010684189996936766,2025,566,hex:-a0f6285/18124e000,hex:9/8,,0
curved-15-b1,curved-15,curved,1.5,enumeration,8,25,4,5,5,0,6,2785,hex:1/1f4,TIME_LIMIT,PASS,False,False,False,0.9294945249998818,0.6765521560000707,0.013368432999868674,0.0012993809996260097,119122,7367,hex:1f857309/c3082000,hex:9/8,,
curved-15-b1,curved-15,curved,1.5,price,8,25,4,5,5,0,6,2785,hex:1/1f4,TIME_LIMIT,PASS,False,False,False,0.961333366999952,0.6717078820001916,0.0006720770002175414,0.04818041899989112,5143,819,hex:1f857309/c3082000,hex:429c94335/1861040000,,13
curved-15-b1,curved-15,curved,1.5,scip,8,25,4,5,5,0,6,2785,hex:1/1f4,OPTIMIZATION_DEADLINE,PASS,False,False,False,1.0242276550002316,0.7751578419997713,0.0005445289998533553,0.0012706970001090667,2025,566,hex:-a0f6285/18124e000,hex:9/8,,0
curved-15-b2,curved-15,curved,3.0,deficit,8,25,4,5,5,0,6,2785,hex:1/1f4,OPTIMIZATION_DEADLINE,PASS,False,False,False,1.844778679999763,1.6036003019999043,0.00045296700000108103,0.0010822049998751027,2025,566,hex:-a0f6285/18124e000,hex:9/8,,0
curved-15-b2,curved-15,curved,3.0,enumeration,8,25,4,5,5,0,6,2785,hex:1/1f4,OPTIMIZATION_DEADLINE,PASS,False,False,False,1.8346604180001123,1.5946310909998829,0.0004612230000020645,0.0011020520000784018,2028,597,hex:1f857309/c3082000,hex:9/8,,0
curved-15-b2,curved-15,curved,3.0,price,8,25,4,5,5,0,6,2785,hex:1/1f4,TOLERANCE,PASS,True,False,False,1.1682761269998991,0.8737413670000933,0.0007500429996980529,0.05261522600039825,6401,933,hex:1f857309/c3082000,hex:26d257f28bf/edb1e700000,,18
curved-15-b2,curved-15,curved,3.0,scip,8,25,4,5,5,0,6,2785,hex:1/1f4,OPTIMIZATION_DEADLINE,PASS,False,False,False,1.9232106520003072,1.6727324829998906,0.0005308739996507938,0.0012536059998637938,2025,566,hex:-a0f6285/18124e000,hex:9/8,,0
curved-16-b0,curved-16,curved,0.5,deficit,16,25,4,10,10,0,7,2106,hex:1/1f4,OPTIMIZATION_DEADLINE,PASS,False,False,False,0.3385035380001682,0.09756906699976753,0.0005083510000076785,0.0015974580001056893,2968,642,hex:-78f75f6d/bf294e000,hex:9/8,,0
curved-16-b0,curved-16,curved,0.5,enumeration,16,25,4,10,10,0,7,2106,hex:1/1f4,TIME_LIMIT,PASS,False,False,False,0.30756063199987693,0.06625019700004486,0.001100348999898415,0.0018686560001697217,9782,1816,hex:b2939/1bbc00,hex:9/8,,
curved-16-b0,curved-16,curved,0.5,price,16,25,4,10,10,0,7,2106,hex:1/1f4,TIME_LIMIT,PASS,False,False,False,0.33508651500005726,0.07698052499972619,0.0005224279998401471,0.02037714700009019,2893,625,hex:161af9/377800,hex:16a8f9/377800,,0
curved-16-b0,curved-16,curved,0.5,scip,16,25,4,10,10,0,7,2106,hex:1/1f4,OPTIMIZATION_DEADLINE,PASS,False,False,False,0.3434076040002765,0.09849633200019525,0.0005600879999292374,0.0019574330003706564,2968,642,hex:-78f75f6d/bf294e000,hex:9/8,,0
curved-16-b1,curved-16,curved,1.5,deficit,16,25,4,10,10,0,7,2106,hex:1/1f4,OPTIMIZATION_DEADLINE,PASS,False,False,False,0.943114530999992,0.6986965080000118,0.0005544880000343255,0.0016335459999936575,2968,642,hex:-78f75f6d/bf294e000,hex:9/8,,0
curved-16-b1,curved-16,curved,1.5,enumeration,16,25,4,10,10,0,7,2106,hex:1/1f4,TIME_LIMIT,PASS,False,False,False,0.9198992910000925,0.6738105350000296,0.006788421000237577,0.0018513240001993836,71217,7054,hex:168f17/377800,hex:9/8,,
curved-16-b1,curved-16,curved,1.5,price,16,25,4,10,10,0,7,2106,hex:1/1f4,TOLERANCE,PASS,True,False,False,0.5014765800001442,0.21559831600006873,0.0006072559999665827,0.048037670999747206,3327,729,hex:872f47/14cd000,hex:3ba91099/92310000,,2
curved-16-b1,curved-16,curved,1.5,scip,16,25,4,10,10,0,7,2106,hex:1/1f4,NUMERICAL_gaplimit,PASS_LOWER_ONLY,False,True,False,0.7330282749999242,0.480224575000193,0.0007698509998590453,0.0057310930001222005,2836,667,hex:168f17/377800,,0.40681894195411666,
curved-16-b2,curved-16,curved,3.0,deficit,16,25,4,10,10,0,7,2106,hex:1/1f4,OPTIMIZATION_DEADLINE,PASS,False,False,False,1.846507635999842,1.6036120019998634,0.0005319159999999101,0.0015923400001156551,2968,642,hex:-78f75f6d/bf294e000,hex:9/8,,0
curved-16-b2,curved-16,curved,3.0,enumeration,16,25,4,10,10,0,7,2106,hex:1/1f4,TIME_LIMIT,PASS,False,False,False,1.8360549849999188,1.5733494159999282,0.015773970000282134,0.001858347000052163,152694,12833,hex:168f17/377800,hex:9/8,,
curved-16-b2,curved-16,curved,3.0,price,16,25,4,10,10,0,7,2106,hex:1/1f4,TOLERANCE,PASS,True,False,False,0.5047047670000211,0.21710964000021704,0.0005841130000590056,0.048412429000109114,3327,729,hex:872f47/14cd000,hex:3ba91099/92310000,,2
curved-16-b2,curved-16,curved,3.0,scip,16,25,4,10,10,0,7,2106,hex:1/1f4,NUMERICAL_gaplimit,PASS_LOWER_ONLY,False,True,False,0.7366409840001324,0.48095694599987837,0.0007698299996263813,0.005746624000039446,2836,667,hex:168f17/377800,,0.40681894195411666,
curved-17-b0,curved-17,curved,0.5,deficit,32,25,4,18,18,0,8,1020,hex:1/1f4,OPTIMIZATION_DEADLINE,PASS,False,False,False,0.3393768720002299,0.09823271300001579,0.0007028760001048795,0.0026588159998937044,4833,777,hex:-1f0f874f3/12841fe000,hex:9/8,,0
curved-17-b0,curved-17,curved,0.5,enumeration,32,25,4,18,18,0,8,1020,hex:1/1f4,TIME_LIMIT,PASS,False,False,False,0.3082791659999202,0.06663650400014376,0.0008647180002299137,0.0031515079999735462,8319,1609,hex:382d82415/72f772000,hex:9/8,,
curved-17-b0,curved-17,curved,0.5,price,32,25,4,18,18,0,8,1020,hex:1/1f4,TIME_LIMIT,PASS,False,False,False,0.34324622299982366,0.07164500600038082,0.0006487040000138222,0.032073101999685605,4691,801,hex:185cf4d/2d1e000,hex:140e1cbf/23730000,,0
curved-17-b0,curved-17,curved,0.5,scip,32,25,4,18,18,0,8,1020,hex:1/1f4,OPTIMIZATION_DEADLINE,PASS,False,False,False,0.3457490370001324,0.09847582799966403,0.0007298659998014045,0.003207422999821574,4833,777,hex:-1f0f874f3/12841fe000,hex:9/8,,0
curved-17-b1,curved-17,curved,1.5,deficit,32,25,4,18,18,0,8,1020,hex:1/1f4,OPTIMIZATION_DEADLINE,PASS,False,False,False,0.9437065349998193,0.7006309470002634,0.0006762550001440104,0.002646762000040326,4833,777,hex:-1f0f874f3/12841fe000,hex:9/8,,0
curved-17-b1,curved-17,curved,1.5,enumeration,32,25,4,18,18,0,8,1020,hex:1/1f4,TIME_LIMIT,PASS,False,False,False,0.9146382300000369,0.6696365519997016,0.003925686000002315,0.00305465599967647,38789,7023,hex:1c029/32000,hex:9/8,,
curved-17-b1,curved-17,curved,1.5,price,32,25,4,18,18,0,8,1020,hex:1/1f4,TOLERANCE,PASS,True,False,False,0.460180562000005,0.18797216399980243,0.0006879170000502199,0.03196963899972616,4691,803,hex:1c029/32000,hex:fda7c6847f/1c484d30000,,0
curved-17-b1,curved-17,curved,1.5,scip,32,25,4,18,18,0,8,1020,hex:1/1f4,OPTIMIZATION_DEADLINE,PASS,False,False,False,1.045967654999913,0.7908979149997322,0.0007876839999880758,0.0032850369998413953,4833,777,hex:-1f0f874f3/12841fe000,hex:9/8,,0
curved-17-b2,curved-17,curved,3.0,deficit,32,25,4,18,18,0,8,1020,hex:1/1f4,OPTIMIZATION_DEADLINE,PASS,False,False,False,1.8490295309998146,1.60514737099993,0.0006804630002079648,0.0026971559996127326,4833,777,hex:-1f0f874f3/12841fe000,hex:9/8,,0
curved-17-b2,curved-17,curved,3.0,enumeration,32,25,4,18,18,0,8,1020,hex:1/1f4,TIME_LIMIT,PASS,False,False,False,1.823144917999798,1.574318750999737,0.0077383190000546165,0.0030450779995589983,82057,12441,hex:1c029/32000,hex:9/8,,
curved-17-b2,curved-17,curved,3.0,price,32,25,4,18,18,0,8,1020,hex:1/1f4,TOLERANCE,PASS,True,False,False,0.46049766600026487,0.18821656099999018,0.0006956719998925109,0.032128853000358504,4691,803,hex:1c029/32000,hex:fda7c6847f/1c484d30000,,0
curved-17-b2,curved-17,curved,3.0,scip,32,25,4,18,18,0,8,1020,hex:1/1f4,NUMERICAL_gaplimit,PASS_LOWER_ONLY,False,True,False,1.0370000060001985,0.7812137250002706,0.0010496840000087104,0.00665613499995743,4640,821,hex:1c029/32000,,0.5603305771649087,
curved-18-b0,curved-18,curved,0.5,deficit,8,9,6,6,6,0,5,173,hex:1/14,OPTIMIZATION_DEADLINE,PASS,False,False,False,0.33487628500006394,0.09807590999980675,0.00038277599969660514,0.0009318140000686981,1661,509,hex:-9ace1/16a8000,hex:9/8,,0
curved-18-b0,curved-18,curved,0.5,enumeration,8,9,6,6,6,0,5,173,hex:1/14,TIME_LIMIT,PASS,False,False,False,0.3061993179999263,0.06727375600030427,0.001336049999736133,0.0011249450003560924,12273,1335,hex:10d3f/64000,hex:9/8,,
curved-18-b0,curved-18,curved,0.5,price,8,9,6,6,6,0,5,173,hex:1/14,TOLERANCE,PASS,True,False,False,0.24695575799978542,0.00363447100016856,0.00035874100012733834,0.007793512999796803,1695,547,hex:3c5f9f/16a8000,hex:371f3f/12c0000,,0
curved-18-b0,curved-18,curved,0.5,scip,8,9,6,6,6,0,5,173,hex:1/14,OPTIMIZATION_DEADLINE,PASS,False,False,False,0.347694557000068,0.10372853700027918,0.00042746000008264673,0.0010757930003819638,1661,509,hex:-9ace1/16a8000,hex:9/8,,0
curved-18-b1,curved-18,curved,1.5,deficit,8,9,6,6,6,0,5,173,hex:1/14,TOLERANCE,,False,False,True,1.5039712729999337,0.25247788600017884,0.008344733999820164,,114238,19825,hex:10d3f/64000,hex:2c93747/d027800,,
curved-18-b1,curved-18,curved,1.5,enumeration,8,9,6,6,6,0,5,173,hex:1/14,EXACT,PASS,True,False,False,0.5145863940001618,0.15167915199981508,0.0027546239998628153,0.12218302899964328,24553,1959,hex:10d3f/64000,hex:10d3f/64000,,
curved-18-b1,curved-18,curved,1.5,price,8,9,6,6,6,0,5,173,hex:1/14,TOLERANCE,PASS,True,False,False,0.25005378099967857,0.0036021000000800996,0.00037878799957979936,0.0077981320000617416,1695,547,hex:3c5f9f/16a8000,hex:371f3f/12c0000,,0
curved-18-b1,curved-18,curved,1.5,scip,8,9,6,6,6,0,5,173,hex:1/14,NUMERICAL_gaplimit,PASS_LOWER_ONLY,False,True,False,0.5516258730003756,0.2990794279999136,0.000615170999935799,0.0051879379998354125,1632,545,hex:f369/64000,,0.1728581870885777,
curved-18-b2,curved-18,curved,3.0,deficit,8,9,6,6,6,0,5,173,hex:1/14,TOLERANCE,PASS,True,False,False,2.817810679000104,0.2528801199996451,0.008327382000061334,2.3196857199995975,114238,19825,hex:10d3f/64000,hex:2c93747/d027800,,
curved-18-b2,curved-18,curved,3.0,enumeration,8,9,6,6,6,0,5,173,hex:1/14,EXACT,PASS,True,False,False,0.516784268000265,0.15339205800000855,0.0028093669998270343,0.12295859000005294,24553,1959,hex:10d3f/64000,hex:10d3f/64000,,
curved-18-b2,curved-18,curved,3.0,price,8,9,6,6,6,0,5,173,hex:1/14,TOLERANCE,PASS,True,False,False,0.24933041699978276,0.003588363999824651,0.00039005999997243634,0.007753318000141007,1695,547,hex:3c5f9f/16a8000,hex:371f3f/12c0000,,0
curved-18-b2,curved-18,curved,3.0,scip,8,9,6,6,6,0,5,173,hex:1/14,NUMERICAL_gaplimit,PASS_LOWER_ONLY,False,True,False,0.5485260730001755,0.2963882320000266,0.0006175260000418348,0.005071699999916746,1632,545,hex:f369/64000,,0.1728581870885777,
curved-19-b0,curved-19,curved,0.5,deficit,16,9,6,9,9,0,7,119,hex:1/14,OPTIMIZATION_DEADLINE,PASS,False,False,False,0.3365499129999989,0.09689380800000436,0.0004586690001815441,0.0013779079999949317,2670,604,hex:-12460cf1/19e671c00,hex:9/8,,0
curved-19-b0,curved-19,curved,0.5,enumeration,16,9,6,9,9,0,7,119,hex:1/14,TIME_LIMIT,PASS,False,False,False,0.306887691999691,0.06766673199990692,0.0009702259999357921,0.0016033910001169716,8741,1274,hex:3940f/a2800,hex:9/8,,
curved-19-b0,curved-19,curved,0.5,price,16,9,6,9,9,0,7,119,hex:1/14,TOLERANCE,PASS,True,False,False,0.2552975659996264,0.006132566999895062,0.00047100199981287005,0.010061660000246775,2654,653,hex:145b03ad/3d740800,hex:6282fd/1081000,,0
curved-19-b0,curved-19,curved,0.5,scip,16,9,6,9,9,0,7,119,hex:1/14,OPTIMIZATION_DEADLINE,PASS,False,False,False,0.35007183900006567,0.1049038279998058,0.0005344000001059612,0.0017424709999431798,2670,604,hex:-12460cf1/19e671c00,hex:9/8,,0
curved-19-b1,curved-19,curved,1.5,deficit,16,9,6,9,9,0,7,119,hex:1/14,TOLERANCE,,False,False,True,1.5040400009997938,0.21811530300010418,0.006630028000017774,,87631,18854,hex:3940f/a2800,hex:27878bbe5/63df17000,,
curved-19-b1,curved-19,curved,1.5,enumeration,16,9,6,9,9,0,7,119,hex:1/14,EXACT,PASS,True,False,False,0.804792314000224,0.33551158899990696,0.003335802000037802,0.22198038599981373,29767,2525,hex:3940f/a2800,hex:3940f/a2800,,
curved-19-b1,curved-19,curved,1.5,price,16,9,6,9,9,0,7,119,hex:1/14,TOLERANCE,PASS,True,False,False,0.25614881899991815,0.006339994999962073,0.0004486600000745966,0.010163349999857019,2654,653,hex:145b03ad/3d740800,hex:6282fd/1081000,,0
curved-19-b1,curved-19,curved,1.5,scip,16,9,6,9,9,0,7,119,hex:1/14,NUMERICAL_optimal,PASS_LOWER_ONLY,False,True,False,0.4199963339997339,0.1618521810000857,0.000735826999971323,0.00556170799973188,2484,615,hex:3940f/a2800,,0.3523302283653845,
curved-19-b2,curved-19,curved,3.0,deficit,16,9,6,9,9,0,7,119,hex:1/14,TOLERANCE,,False,False,True,3.0057039950002036,0.22188745100038432,0.006709927000429161,,87631,18854,hex:3940f/a2800,hex:27878bbe5/63df17000,,
curved-19-b2,curved-19,curved,3.0,enumeration,16,9,6,9,9,0,7,119,hex:1/14,EXACT,PASS,True,False,False,0.7958481710002161,0.33099498899991886,0.0033402240001123573,0.22053716199980045,29767,2525,hex:3940f/a2800,hex:3940f/a2800,,
curved-19-b2,curved-19,curved,3.0,price,16,9,6,9,9,0,7,119,hex:1/14,TOLERANCE,PASS,True,False,False,0.2546947569999247,0.006042146999789111,0.00044044400010534446,0.01001375999976517,2654,653,hex:145b03ad/3d740800,hex:6282fd/1081000,,0
curved-19-b2,curved-19,curved,3.0,scip,16,9,6,9,9,0,7,119,hex:1/14,NUMERICAL_optimal,PASS_LOWER_ONLY,False,True,False,0.4134088660002817,0.16098349599997164,0.0007438920001732185,0.005607083000086277,2484,615,hex:3940f/a2800,,0.3523302283653845,
curved-20-b0,curved-20,curved,0.5,deficit,32,9,6,18,18,0,8,59,hex:1/14,OPTIMIZATION_DEADLINE,PASS,False,False,False,0.3382721840002887,0.0964328180002667,0.0006006329999763693,0.0024919029997363396,4427,712,hex:-39c87283/2ea487000,hex:9/8,,0
curved-20-b0,curved-20,curved,0.5,enumeration,32,9,6,18,18,0,8,59,hex:1/14,TIME_LIMIT,PASS,False,False,False,0.30982921300028465,0.06538012900000467,0.0009672000001046399,0.0031896880000203964,7515,1459,hex:3815ce23b/674920200,hex:9/8,,
curved-20-b0,curved-20,curved,0.5,price,32,9,6,18,18,0,8,59,hex:1/14,TOLERANCE,PASS,True,False,False,0.27510019700002886,0.020517085999927076,0.0006018150002091716,0.014787847999741643,4403,739,hex:573fd/a5a00,hex:258f17d/4494400,,0
curved-20-b0,curved-20,curved,0.5,scip,32,9,6,18,18,0,8,59,hex:1/14,OPTIMIZATION_DEADLINE,PASS,False,False,False,0.34525524300033794,0.09747416599975622,0.0006951909999770578,0.0029381469998952525,4427,712,hex:-39c87283/2ea487000,hex:9/8,,0
curved-20-b1,curved-20,curved,1.5,deficit,32,9,6,18,18,0,8,59,hex:1/14,TOLERANCE,,False,False,True,1.503905098999894,0.14688727900011145,0.004061620999891602,,51374,12855,hex:59bbd/a5a00,hex:2916eb8f67/46763ea000,,
curved-20-b1,curved-20,curved,1.5,enumeration,32,9,6,18,18,0,8,59,hex:1/14,TIME_LIMIT,PASS,False,False,False,0.9131739459999153,0.6677568760001122,0.00334205400031351,0.0028854600000158825,31072,3983,hex:3815ce23b/674920200,hex:9/8,,
curved-20-b1,curved-20,curved,1.5,price,32,9,6,18,18,0,8,59,hex:1/14,TOLERANCE,PASS,True,False,False,0.27547681999976703,0.02076854300003106,0.0006220440000106464,0.014737887999672239,4403,739,hex:573fd/a5a00,hex:258f17d/4494400,,0
curved-20-b1,curved-20,curved,1.5,scip,32,9,6,18,18,0,8,59,hex:1/14,NUMERICAL_gaplimit,PASS_LOWER_ONLY,False,True,False,0.4314154660000895,0.17571240799998122,0.0010287349996360717,0.006650695000189444,4375,772,hex:573fd/a5a00,,0.5440904252903469,
curved-20-b2,curved-20,curved,3.0,deficit,32,9,6,18,18,0,8,59,hex:1/14,TOLERANCE,,False,False,True,3.005746604000251,0.14749652999989848,0.004076077000263467,,51374,12855,hex:59bbd/a5a00,hex:2916eb8f67/46763ea000,,
curved-20-b2,curved-20,curved,3.0,enumeration,32,9,6,18,18,0,8,59,hex:1/14,EXACT,PASS,True,False,False,1.7253760920002605,0.7484056380003494,0.0036327170000731712,0.7321570620001694,33705,4134,hex:3815ce23b/674920200,hex:3815ce23b/674920200,,
curved-20-b2,curved-20,curved,3.0,price,32,9,6,18,18,0,8,59,hex:1/14,TOLERANCE,PASS,True,False,False,0.27593419599998015,0.02043016900006478,0.0006394860001819325,0.014649693000137631,4403,739,hex:573fd/a5a00,hex:258f17d/4494400,,0
curved-20-b2,curved-20,curved,3.0,scip,32,9,6,18,18,0,8,59,hex:1/14,NUMERICAL_gaplimit,PASS_LOWER_ONLY,False,True,False,0.4353089539999928,0.17683458800001972,0.0010356579996368964,0.006687773999601632,4375,772,hex:573fd/a5a00,,0.5440904252903469,
curved-21-b0,curved-21,curved,0.5,deficit,8,17,6,6,6,0,6,638,hex:1/64,OPTIMIZATION_DEADLINE,PASS,False,False,False,0.33655784099983066,0.09675208799990287,0.00043294099987178924,0.0009703579999040812,1839,541,hex:-145765d/5adc2800,hex:9/8,,0
curved-21-b0,curved-21,curved,0.5,enumeration,8,17,6,6,6,0,6,638,hex:1/64,TIME_LIMIT,PASS,False,False,False,0.3081997990002492,0.06718044199988071,0.0015160900002229027,0.0011212899999009096,13896,1609,hex:792ad/3b6000,hex:9/8,,
curved-21-b0,curved-21,curved,0.5,price,8,17,6,6,6,0,6,638,hex:1/64,TOLERANCE,PASS,True,False,False,0.2785003849999157,0.02677777300004891,0.00042054799996549264,0.011265488999924855,1830,526,hex:6323/32000,hex:6b23/32000,,0
curved-21-b0,curved-21,curved,0.5,scip,8,17,6,6,6,0,6,638,hex:1/64,OPTIMIZATION_DEADLINE,PASS,False,False,False,0.34248424099996555,0.09576560999994399,0.0004624069997589686,0.0011526990001584636,1839,541,hex:-145765d/5adc2800,hex:9/8,,0
curved-21-b1,curved-21,curved,1.5,deficit,8,17,6,6,6,0,6,638,hex:1/64,OPTIMIZATION_DEADLINE,PASS,False,False,False,0.9398510880000686,0.6957612050000535,0.0004915800000162562,0.0009675399996922351,1839,541,hex:-145765d/5adc2800,hex:9/8,,0
curved-21-b1,curved-21,curved,1.5,enumeration,8,17,6,6,6,0,6,638,hex:1/64,TIME_LIMIT,PASS,False,False,False,0.9290821949998644,0.6764982120002969,0.012435355999969033,0.0011734159998013638,119187,6276,hex:792ad/3b6000,hex:9/8,,
curved-21-b1,curved-21,curved,1.5,price,8,17,6,6,6,0,6,638,hex:1/64,TOLERANCE,PASS,True,False,False,0.27815945600013947,0.02722447700034536,0.0004587379999065888,0.011219008999887592,1830,526,hex:6323/32000,hex:6b23/32000,,0
curved-21-b1,curved-21,curved,1.5,scip,8,17,6,6,6,0,6,638,hex:1/64,OPTIMIZATION_DEADLINE,PASS,False,False,False,1.0220755710001868,0.77062719200012,0.00055667300011919,0.001218902999880811,1839,541,hex:-145765d/5adc2800,hex:9/8,,0
curved-21-b2,curved-21,curved,3.0,deficit,8,17,6,6,6,0,6,638,hex:1/64,OPTIMIZATION_DEADLINE,PASS,False,False,False,1.844883860000209,1.6007162640003116,0.00047600099969713483,0.0009941119997165515,1839,541,hex:-145765d/5adc2800,hex:9/8,,0
curved-21-b2,curved-21,curved,3.0,enumeration,8,17,6,6,6,0,6,638,hex:1/64,OPTIMIZATION_DEADLINE,PASS,False,False,False,1.8351491490002445,1.5913981080002486,0.0004893559998890851,0.0009870379999483703,1794,534,hex:792ad/3b6000,hex:9/8,,0
curved-21-b2,curved-21,curved,3.0,price,8,17,6,6,6,0,6,638,hex:1/64,TOLERANCE,PASS,True,False,False,0.2788489270001264,0.02687648699975398,0.0003988369999206043,0.011278100999788876,1830,526,hex:6323/32000,hex:6b23/32000,,0
curved-21-b2,curved-21,curved,3.0,scip,8,17,6,6,6,0,6,638,hex:1/64,NUMERICAL_gaplimit,PASS_LOWER_ONLY,False,True,False,1.0588650170002438,0.8041879830002472,0.0006532830002470291,0.005241411000042717,1816,561,hex:6323/32000,,0.13119868762486195,
curved-22-b0,curved-22,curved,0.5,deficit,16,17,6,11,11,0,6,557,hex:1/64,OPTIMIZATION_DEADLINE,PASS,False,False,False,0.33842855300008523,0.09601830600013272,0.000512198999786051,0.0015353449998656288,2784,612,hex:-d3ee11/15662000,hex:9/8,,0
curved-22-b0,curved-22,curved,0.5,enumeration,16,17,6,11,11,0,6,557,hex:1/64,TIME_LIMIT,PASS,False,False,False,0.308227997999893,0.06516524900007425,0.0010523199998715427,0.0017192290001730726,8949,1561,hex:221a7/64000,hex:9/8,,
curved-22-b0,curved-22,curved,0.5,price,16,17,6,11,11,0,6,557,hex:1/64,TIME_LIMIT,PASS,False,False,False,0.3226577149998775,0.06632191500011686,0.0005666010001732502,0.015342205000251852,2692,594,hex:87fd/19000,hex:23763/64000,,0
curved-22-b0,curved-22,curved,0.5,scip,16,17,6,11,11,0,6,557,hex:1/64,OPTIMIZATION_DEADLINE,PASS,False,False,False,0.34409686500021053,0.09485631999996258,0.0005537060001188365,0.0018394439998701273,2784,612,hex:-d3ee11/15662000,hex:9/8,,0
curved-22-b1,curved-22,curved,1.5,deficit,16,17,6,11,11,0,6,557,hex:1/64,OPTIMIZATION_DEADLINE,PASS,False,False,False,0.9412291700000424,0.6982970229996681,0.0005129099999976461,0.0015124219999052002,2784,612,hex:-d3ee11/15662000,hex:9/8,,0
curved-22-b1,curved-22,curved,1.5,enumeration,16,17,6,11,11,0,6,557,hex:1/64,TIME_LIMIT,PASS,False,False,False,0.9205957280000803,0.6711128369997823,0.0070470750001732085,0.0017616779996387777,63796,5285,hex:221a7/64000,hex:9/8,,
curved-22-b1,curved-22,curved,1.5,price,16,17,6,11,11,0,6,557,hex:1/64,TOLERANCE,PASS,True,False,False,0.833274547000201,0.5468050979998225,0.000684119999732502,0.04043476600008944,4797,804,hex:221a7/64000,hex:2d2f5b35/80cf0000,,10
curved-22-b1,curved-22,curved,1.5,scip,16,17,6,11,11,0,6,557,hex:1/64,OPTIMIZATION_DEADLINE,PASS,False,False,False,1.034635315000287,0.781261197999811,0.000657139999930223,0.0018584300000838994,2784,612,hex:-d3ee11/15662000,hex:9/8,,0
curved-22-b2,curved-22,curved,3.0,deficit,16,17,6,11,11,0,6,557,hex:1/64,OPTIMIZATION_DEADLINE,PASS,False,False,False,1.8480439600002683,1.6012780770001882,0.0005542880003304163,0.0015222910001284617,2784,612,hex:-d3ee11/15662000,hex:9/8,,0
curved-22-b2,curved-22,curved,3.0,enumeration,16,17,6,11,11,0,6,557,hex:1/64,TIME_LIMIT,PASS,False,False,False,1.835081978999824,1.5779406910000944,0.015359619000264502,0.0017494550002083997,146137,9751,hex:221a7/64000,hex:9/8,,
curved-22-b2,curved-22,curved,3.0,price,16,17,6,11,11,0,6,557,hex:1/64,TOLERANCE,PASS,True,False,False,0.8484165469999425,0.5577317739998762,0.0008043960001486994,0.039631064999866794,4797,804,hex:221a7/64000,hex:2d2f5b35/80cf0000,,10
curved-22-b2,curved-22,curved,3.0,scip,16,17,6,11,11,0,6,557,hex:1/64,NUMERICAL_gaplimit,PASS_LOWER_ONLY,False,True,False,1.5966690380000728,1.3346195190001708,0.0008077630000116187,0.005751459000293835,2676,621,hex:87fd/19000,,0.34926070150831107,
curved-23-b0,curved-23,curved,0.5,deficit,32,17,6,17,17,0,8,287,hex:1/64,OPTIMIZATION_DEADLINE,PASS,False,False,False,0.34088142300015534,0.09632593500009534,0.0006539050000355928,0.0025466120000601222,4623,750,hex:-6c033075b/425e618000,hex:9/8,,0
curved-23-b0,curved-23,curved,0.5,enumeration,32,17,6,17,17,0,8,287,hex:1/64,TIME_LIMIT,PASS,False,False,False,0.3084681020000062,0.06344425299994327,0.0008889450000424404,0.0029994360002092435,8219,1585,hex:11a854306c9/244b8e48000,hex:9/8,,
curved-23-b0,curved-23,curved,0.5,price,32,17,6,17,17,0,8,287,hex:1/64,TIME_LIMIT,PASS,False,False,False,0.3309630529997776,0.06614102200001071,0.0007168130000536621,0.022136056999897846,4530,764,hex:1d5cff5/3c28000,hex:1ebe39/3c2800,,0
curved-23-b0,curved-23,curved,0.5,scip,32,17,6,17,17,0,8,287,hex:1/64,OPTIMIZATION_DEADLINE,PASS,False,False,False,0.3464554389997829,0.09732087199972739,0.00070340699994631,0.0031333380002251943,4623,750,hex:-6c033075b/425e618000,hex:9/8,,0
curved-23-b1,curved-23,curved,1.5,deficit,32,17,6,17,17,0,8,287,hex:1/64,OPTIMIZATION_DEADLINE,PASS,False,False,False,0.9445166810000956,0.6967048879996582,0.0006563300003108452,0.0025498270001662604,4623,750,hex:-6c033075b/425e618000,hex:9/8,,0
curved-23-b1,curved-23,curved,1.5,enumeration,32,17,6,17,17,0,8,287,hex:1/64,TIME_LIMIT,PASS,False,False,False,0.9149974449996989,0.6657026319999204,0.003717425000104413,0.002923086000009789,38742,5810,hex:79c247/f0a000,hex:9/8,,
curved-23-b1,curved-23,curved,1.5,price,32,17,6,17,17,0,8,287,hex:1/64,TOLERANCE,PASS,True,False,False,0.3472766029999548,0.07863193899993348,0.000697066000157065,0.022123439000097278,4449,750,hex:79c247/f0a000,hex:1e95771/3c28000,,0
curved-23-b1,curved-23,curved,1.5,scip,32,17,6,17,17,0,8,287,hex:1/64,NUMERICAL_gaplimit,PASS_LOWER_ONLY,False,True,False,0.7472209910001766,0.48647038400031306,0.0010058650000246416,0.006623258999752579,4419,776,hex:79c247/f0a000,,0.50775016509343,
curved-23-b2,curved-23,curved,3.0,deficit,32,17,6,17,17,0,8,287,hex:1/64,OPTIMIZATION_DEADLINE,PASS,False,False,False,1.8470617329999186,1.5983458420000716,0.0006497069998658844,0.002565202999903704,4623,750,hex:-6c033075b/425e618000,hex:9/8,,0
curved-23-b2,curved-23,curved,3.0,enumeration,32,17,6,17,17,0,8,287,hex:1/64,TIME_LIMIT,PASS,False,False,False,1.825415846999931,1.5734498429997075,0.007761932999983401,0.002854986000329518,78645,10160,hex:79c247/f0a000,hex:9/8,,
curved-23-b2,curved-23,curved,3.0,price,32,17,6,17,17,0,8,287,hex:1/64,TOLERANCE,PASS,True,False,False,0.34117414999991524,0.07667361000039818,0.0007182259996625362,0.022035022999716602,4449,750,hex:79c247/f0a000,hex:1e95771/3c28000,,0
curved-23-b2,curved-23,curved,3.0,scip,32,17,6,17,17,0,8,287,hex:1/64,NUMERICAL_gaplimit,PASS_LOWER_ONLY,False,True,False,0.7419418399999813,0.48247204200015403,0.001025510000090435,0.006597372999749496,4419,776,hex:79c247/f0a000,,0.50775016509343,
curved-24-b0,curved-24,curved,0.5,deficit,8,25,6,7,7,0,5,4379,hex:1/1f4,STATE_LIMIT,,False,False,False,0.26111116199990647,0.023183844999948633,,,,,,,,
curved-24-b0,curved-24,curved,0.5,enumeration,8,25,6,7,7,0,5,4379,hex:1/1f4,TIME_LIMIT,PASS,False,False,False,0.30753725800013854,0.06486661000008098,0.0014264599999478378,0.0012730720000035944,12910,2094,hex:45481/16a800,hex:9/8,,
curved-24-b0,curved-24,curved,0.5,price,8,25,6,7,7,0,5,4379,hex:1/1f4,TIME_LIMIT,PASS,False,False,False,0.32785763799984124,0.06731597499992859,0.0005284389999360428,0.01758517899997969,2007,562,hex:219e5/b5400,hex:803c0c9/29108000,,0
curved-24-b0,curved-24,curved,0.5,scip,8,25,6,7,7,0,5,4379,hex:1/1f4,OPTIMIZATION_DEADLINE,PASS,False,False,False,0.34353411400024925,0.09651117900011741,0.0004795879999619501,0.0012818199998037016,2019,555,hex:-2e50e9/f5adc00,hex:9/8,,0
curved-24-b1,curved-24,curved,1.5,deficit,8,25,6,7,7,0,5,4379,hex:1/1f4,STATE_LIMIT,,False,False,False,0.26447712900016995,0.023016356999960408,,,,,,,,
curved-24-b1,curved-24,curved,1.5,enumeration,8,25,6,7,7,0,5,4379,hex:1/1f4,TIME_LIMIT,PASS,False,False,False,0.9292364060002001,0.6667614640000465,0.013199419000102353,0.001293091000206914,115693,7436,hex:45481/16a800,hex:9/8,,
curved-24-b1,curved-24,curved,1.5,price,8,25,6,7,7,0,5,4379,hex:1/1f4,TIME_LIMIT,PASS,False,False,False,0.9773107200003324,0.6739821310002299,0.0007319900000766211,0.06044826799961811,5800,771,hex:114cf/5aa00,hex:5fd7c5f9b/1eb5b80000,,17
curved-24-b1,curved-24,curved,1.5,scip,8,25,6,7,7,0,5,4379,hex:1/1f4,NUMERICAL_gaplimit,PASS_LOWER_ONLY,False,True,False,0.8792270789999748,0.620979590999923,0.0006938179999451677,0.005405298999903607,1977,594,hex:45481/16a800,,0.19275602958640006,
curved-24-b2,curved-24,curved,3.0,deficit,8,25,6,7,7,0,5,4379,hex:1/1f4,STATE_LIMIT,,False,False,False,0.259663308999734,0.022844624999834195,,,,,,,,
curved-24-b2,curved-24,curved,3.0,enumeration,8,25,6,7,7,0,5,4379,hex:1/1f4,OPTIMIZATION_DEADLINE,PASS,False,False,False,1.834418241000094,1.5930475299996942,0.0004821029997401638,0.0010937279998870508,1962,553,hex:45481/16a800,hex:9/8,,0
curved-24-b2,curved-24,curved,3.0,price,8,25,6,7,7,0,5,4379,hex:1/1f4,TOLERANCE,PASS,True,False,False,1.0802375299999767,0.7738656659998924,0.0007406670001728344,0.0643319400001019,6170,820,hex:45481/16a800,hex:2f73f8341/f66300000,,19
curved-24-b2,curved-24,curved,3.0,scip,8,25,6,7,7,0,5,4379,hex:1/1f4,NUMERICAL_gaplimit,PASS_LOWER_ONLY,False,True,False,0.8691274749999138,0.6163721970001461,0.0006346489999486948,0.00525689300002341,1977,594,hex:45481/16a800,,0.19275602958640006,
curved-25-b0,curved-25,curved,0.5,deficit,16,25,6,11,11,0,7,2825,hex:1/1f4,OPTIMIZATION_DEADLINE,PASS,False,False,False,0.3390684149999288,0.0989621230000921,0.0005374669999582693,0.0016021599999476166,2924,638,hex:-43eca6d/6efaf000,hex:9/8,,0
curved-25-b0,curved-25,curved,0.5,enumeration,16,25,6,11,11,0,7,2825,hex:1/1f4,TIME_LIMIT,PASS,False,False,False,0.3092853269999978,0.0649466609997944,0.001135405999775685,0.0019370059999346267,9489,1790,hex:c1229/21fc00,hex:9/8,,
curved-25-b0,curved-25,curved,0.5,price,16,25,6,11,11,0,7,2825,hex:1/1f4,TIME_LIMIT,PASS,False,False,False,0.3306090350001796,0.06719898800020019,0.0004981520000910677,0.02260419499998534,2976,686,hex:a8bac7f/1ee30800,hex:c6fcd/21fc00,,0
curved-25-b0,curved-25,curved,0.5,scip,16,25,6,11,11,0,7,2825,hex:1/1f4,OPTIMIZATION_DEADLINE,PASS,False,False,False,0.3449660269998276,0.09667496099973505,0.0006028689999766357,0.0018846989996745833,2924,638,hex:-43eca6d/6efaf000,hex:9/8,,0
curved-25-b1,curved-25,curved,1.5,deficit,16,25,6,11,11,0,7,2825,hex:1/1f4,OPTIMIZATION_DEADLINE,PASS,False,False,False,0.9421313009997903,0.7010985550000441,0.0005345499998838932,0.0016286599998238671,2924,638,hex:-43eca6d/6efaf000,hex:9/8,,0
curved-25-b1,curved-25,curved,1.5,enumeration,16,25,6,11,11,0,7,2825,hex:1/1f4,TIME_LIMIT,PASS,False,False,False,0.9207875150000291,0.6753535679999914,0.0071099729998422845,0.001803276999908121,69987,7315,hex:1836c7/43f800,hex:9/8,,
curved-25-b1,curved-25,curved,1.5,price,16,25,6,11,11,0,7,2825,hex:1/1f4,TIME_LIMIT,PASS,False,False,False,0.9792158609998296,0.6684573449997515,0.0007084270000632387,0.06600920999972004,4578,770,hex:c18cd/21fc00,hex:435a04d7/b9523000,,7
curved-25-b1,curved-25,curved,1.5,scip,16,25,6,11,11,0,7,2825,hex:1/1f4,OPTIMIZATION_DEADLINE,PASS,False,False,False,1.0393608499998663,0.7845853839999108,0.0006325039998955617,0.0019169900001543283,2924,638,hex:-43eca6d/6efaf000,hex:9/8,,0
curved-25-b2,curved-25,curved,3.0,deficit,16,25,6,11,11,0,7,2825,hex:1/1f4,OPTIMIZATION_DEADLINE,PASS,False,False,False,1.8452852370000983,1.6032334139999875,0.0005200840000725293,0.0016104159999486,2924,638,hex:-43eca6d/6efaf000,hex:9/8,,0
curved-25-b2,curved-25,curved,3.0,enumeration,16,25,6,11,11,0,7,2825,hex:1/1f4,TIME_LIMIT,PASS,False,False,False,1.8359769140001845,1.57870918000026,0.016918548999910854,0.0018818039998222957,153910,12859,hex:1836c7/43f800,hex:9/8,,
curved-25-b2,curved-25,curved,3.0,price,16,25,6,11,11,0,7,2825,hex:1/1f4,TIME_LIMIT,PASS,False,False,False,1.8942102340001838,1.5756811650003328,0.0008169499997165985,0.07623947100000805,6716,940,hex:1836c7/43f800,hex:42ae0f3373/b952300000,,17
curved-25-b2,curved-25,curved,3.0,scip,16,25,6,11,11,0,7,2825,hex:1/1f4,NUMERICAL_gaplimit,PASS_LOWER_ONLY,False,True,False,1.1643182340003477,0.906271894999918,0.0007831869997971808,0.005805490000057034,2855,660,hex:1836c7/43f800,,0.3580359729133586,
curved-26-b0,curved-26,curved,0.5,deficit,32,25,6,18,18,0,8,1429,hex:1/1f4,OPTIMIZATION_DEADLINE,PASS,False,False,False,0.3399255809999886,0.0944358930000817,0.000655376999930013,0.0026613029999680293,4785,754,hex:-58cad3705/38433f4000,hex:9/8,,0
curved-26-b0,curved-26,curved,0.5,enumeration,32,25,6,18,18,0,8,1429,hex:1/1f4,TIME_LIMIT,PASS,False,False,False,0.3091154219996497,0.06558792699979676,0.0009396089999427204,0.0030789649999860558,8516,1627,hex:61e1352665/ef13a98000,hex:9/8,,
curved-26-b0,curved-26,curved,0.5,price,32,25,6,18,18,0,8,1429,hex:1/1f4,TIME_LIMIT,PASS,False,False,False,0.34070116300017617,0.06882567000002382,0.0007094479997249437,0.03175823499987018,4738,813,hex:723473/ebf000,hex:4919eb1f5/8b2a90000,,0
curved-26-b0,curved-26,curved,0.5,scip,32,25,6,18,18,0,8,1429,hex:1/1f4,OPTIMIZATION_DEADLINE,PASS,False,False,False,0.34624900099970546,0.09726102200011155,0.0007628889998159138,0.0032058929996310326,4785,754,hex:-58cad3705/38433f4000,hex:9/8,,0
curved-26-b1,curved-26,curved,1.5,deficit,32,25,6,18,18,0,8,1429,hex:1/1f4,OPTIMIZATION_DEADLINE,PASS,False,False,False,0.9440194339999834,0.7010366300000896,0.0006680910000795848,0.002643740000166872,4785,754,hex:-58cad3705/38433f4000,hex:9/8,,0
curved-26-b1,curved-26,curved,1.5,enumeration,32,25,6,18,18,0,8,1429,hex:1/1f4,TIME_LIMIT,PASS,False,False,False,0.91459063100001,0.6666191159997652,0.0038677319998896564,0.003134828999918682,40933,7080,hex:f890f77047/1e39524c000,hex:9/8,,
curved-26-b1,curved-26,curved,1.5,price,32,25,6,18,18,0,8,1429,hex:1/1f4,TOLERANCE,PASS,True,False,False,0.36309384700007286,0.08960693299968625,0.0007247059998007899,0.03171160400006556,4996,913,hex:f890f77047/1e39524c000,hex:795075/ebf000,,0
curved-26-b1,curved-26,curved,1.5,scip,32,25,6,18,18,0,8,1429,hex:1/1f4,NUMERICAL_gaplimit,PASS_LOWER_ONLY,False,True,False,0.7628746060004232,0.5036590170002455,0.0010427429997434956,0.006923272999756591,4962,940,hex:f890f77047/1e39524c000,,0.5141417854902395,
curved-26-b2,curved-26,curved,3.0,deficit,32,25,6,18,18,0,8,1429,hex:1/1f4,OPTIMIZATION_DEADLINE,PASS,False,False,False,1.8491124689999197,1.6024113869998473,0.0006739410000591306,0.002731062999828282,4785,754,hex:-58cad3705/38433f4000,hex:9/8,,0
curved-26-b2,curved-26,curved,3.0,enumeration,32,25,6,18,18,0,8,1429,hex:1/1f4,TIME_LIMIT,PASS,False,False,False,1.8233066319999125,1.5745002480002768,0.007862350000323204,0.0030872909997015086,88311,12947,hex:f890f77047/1e39524c000,hex:9/8,,
curved-26-b2,curved-26,curved,3.0,price,32,25,6,18,18,0,8,1429,hex:1/1f4,TOLERANCE,PASS,True,False,False,0.36211204699975497,0.08928083199998582,0.0006374439999490278,0.031270538000171655,4996,913,hex:f890f77047/1e39524c000,hex:795075/ebf000,,0
curved-26-b2,curved-26,curved,3.0,scip,32,25,6,18,18,0,8,1429,hex:1/1f4,NUMERICAL_gaplimit,PASS_LOWER_ONLY,False,True,False,0.7718654639998022,0.510883093999837,0.0010543140001573192,0.0067139809998479905,4962,940,hex:f890f77047/1e39524c000,,0.5141417854902395,
curved-27-b0,curved-27,curved,0.5,deficit,8,9,2,7,7,0,5,64,hex:1/14,TOLERANCE,,False,False,True,0.5029308349999155,0.052248415000121895,0.001275708000321174,,13827,2653,hex:34273/113000,hex:630f40ac1/1bbede6000,,
curved-27-b0,curved-27,curved,0.5,enumeration,8,9,2,7,7,0,5,64,hex:1/14,EXACT,PASS,True,False,False,0.2802485830002297,0.011904219000371086,0.0004985030000170809,0.027335560999745212,2730,693,hex:d27f9/44c000,hex:d27f9/44c000,,
curved-27-b0,curved-27,curved,0.5,price,8,9,2,7,7,0,5,64,hex:1/14,TOLERANCE,PASS,True,False,False,0.2546059520000199,0.00618480000002819,0.00040452700022797217,0.007650413999726879,1660,517,hex:666b9/226000,hex:a061605/2f440000,,0
curved-27-b0,curved-27,curved,0.5,scip,8,9,2,7,7,0,5,64,hex:1/14,OPTIMIZATION_DEADLINE,PASS,False,False,False,0.34246722599982604,0.0955820300000596,0.00046237599963205867,0.0010624690003169235,1694,519,hex:-1b4114fb/336da0000,hex:9/8,,0
curved-27-b1,curved-27,curved,1.5,deficit,8,9,2,7,7,0,5,64,hex:1/14,TOLERANCE,PASS,True,False,False,0.7974145309999585,0.04884817899983318,0.001194706999740447,0.5081947699995908,13827,2653,hex:34273/113000,hex:630f40ac1/1bbede6000,,
curved-27-b1,curved-27,curved,1.5,enumeration,8,9,2,7,7,0,5,64,hex:1/14,EXACT,PASS,True,False,False,0.2765636539998013,0.01218748900009814,0.0004894769999737036,0.026674983999782853,2730,693,hex:d27f9/44c000,hex:d27f9/44c000,,
curved-27-b1,curved-27,curved,1.5,price,8,9,2,7,7,0,5,64,hex:1/14,TOLERANCE,PASS,True,False,False,0.25191115100005845,0.0062044569999670784,0.00038495100034197094,0.0076779560004069936,1660,517,hex:666b9/226000,hex:a061605/2f440000,,0
curved-27-b1,curved-27,curved,1.5,scip,8,9,2,7,7,0,5,64,hex:1/14,NUMERICAL_gaplimit,PASS_LOWER_ONLY,False,True,False,0.38637771999992765,0.13442110799996954,0.0005896640000173647,0.005044053999881726,1627,549,hex:d27f9/44c000,,0.2113620827414773,
curved-27-b2,curved-27,curved,3.0,deficit,8,9,2,7,7,0,5,64,hex:1/14,TOLERANCE,PASS,True,False,False,0.7967099550000967,0.04860876400016423,0.0011801599998761958,0.507171252000262,13827,2653,hex:34273/113000,hex:630f40ac1/1bbede6000,,
curved-27-b2,curved-27,curved,3.0,enumeration,8,9,2,7,7,0,5,64,hex:1/14,EXACT,PASS,True,False,False,0.27610004100006336,0.011826954999833106,0.00045474199987438624,0.026395862999834208,2730,693,hex:d27f9/44c000,hex:d27f9/44c000,,
curved-27-b2,curved-27,curved,3.0,price,8,9,2,7,7,0,5,64,hex:1/14,TOLERANCE,PASS,True,False,False,0.251166626000213,0.006238470999960555,0.0003839790001620713,0.007646156999726372,1660,517,hex:666b9/226000,hex:a061605/2f440000,,0
curved-27-b2,curved-27,curved,3.0,scip,8,9,2,7,7,0,5,64,hex:1/14,NUMERICAL_gaplimit,PASS_LOWER_ONLY,False,True,False,0.3853656860001138,0.1334572009996009,0.0006074580001040886,0.0050848109999606095,1627,549,hex:d27f9/44c000,,0.2113620827414773,
curved-28-b0,curved-28,curved,0.5,deficit,16,9,2,9,9,0,6,41,hex:1/14,TOLERANCE,,False,False,True,0.5030289159999484,0.04998167399980957,0.0010227749999103253,,11120,2538,hex:129d03/2fa800,hex:839fe2ba7/131210fc00,,
curved-28-b0,curved-28,curved,0.5,enumeration,16,9,2,9,9,0,6,41,hex:1/14,EXACT,PASS,True,False,False,0.3384217110001373,0.021069099999749596,0.0005919680002079986,0.07837679000022035,4144,918,hex:256805/5f5000,hex:256805/5f5000,,
curved-28-b0,curved-28,curved,0.5,price,16,9,2,9,9,0,6,41,hex:1/14,TOLERANCE,PASS,True,False,False,0.25991352399978496,0.010259309000048233,0.0004763019996971707,0.012284681999972236,2575,592,hex:129d03/2fa800,hex:242b0e6d/5ad84000,,0
curved-28-b0,curved-28,curved,0.5,scip,16,9,2,9,9,0,6,41,hex:1/14,OPTIMIZATION_DEADLINE,PASS,False,False,False,0.3499738499999694,0.10492896599998858,0.0005946429996583902,0.001713809000193578,2639,596,hex:-1d152a9/2c141b40,hex:9/8,,0
curved-28-b1,curved-28,curved,1.5,deficit,16,9,2,9,9,0,6,41,hex:1/14,TOLERANCE,PASS,True,False,False,1.0628913640002793,0.050068025999735255,0.0009856550000222342,0.7736228909998317,11120,2538,hex:129d03/2fa800,hex:839fe2ba7/131210fc00,,
curved-28-b1,curved-28,curved,1.5,enumeration,16,9,2,9,9,0,6,41,hex:1/14,EXACT,PASS,True,False,False,0.33763028900011705,0.020842785000240838,0.0005820090000270284,0.07732623699985197,4144,918,hex:256805/5f5000,hex:256805/5f5000,,
curved-28-b1,curved-28,curved,1.5,price,16,9,2,9,9,0,6,41,hex:1/14,TOLERANCE,PASS,True,False,False,0.257011139000042,0.010181343000112975,0.0004656520000025921,0.009672912000041833,2575,592,hex:129d03/2fa800,hex:242b0e6d/5ad84000,,0
curved-28-b1,curved-28,curved,1.5,scip,16,9,2,9,9,0,6,41,hex:1/14,NUMERICAL_gaplimit,PASS_LOWER_ONLY,False,True,False,0.39854049699988536,0.14590734000012162,0.0006898110000292945,0.005582802999924752,2647,687,hex:21780c42b/60c74b000,,0.39398828220104287,
curved-28-b2,curved-28,curved,3.0,deficit,16,9,2,9,9,0,6,41,hex:1/14,TOLERANCE,PASS,True,False,False,1.0660302710002725,0.05047705200013297,0.0010342069999751402,0.7758571279996431,11120,2538,hex:129d03/2fa800,hex:839fe2ba7/131210fc00,,
curved-28-b2,curved-28,curved,3.0,enumeration,16,9,2,9,9,0,6,41,hex:1/14,EXACT,PASS,True,False,False,0.33891633599978377,0.020592386000316765,0.0005714190001526731,0.0766573639998569,4144,918,hex:256805/5f5000,hex:256805/5f5000,,
curved-28-b2,curved-28,curved,3.0,price,16,9,2,9,9,0,6,41,hex:1/14,TOLERANCE,PASS,True,False,False,0.25908043400022507,0.010234954000225116,0.0004455939997569658,0.009782346000065445,2575,592,hex:129d03/2fa800,hex:242b0e6d/5ad84000,,0
curved-28-b2,curved-28,curved,3.0,scip,16,9,2,9,9,0,6,41,hex:1/14,NUMERICAL_gaplimit,PASS_LOWER_ONLY,False,True,False,0.4001256829997146,0.14596201399990605,0.0007109709999895131,0.00554217700027948,2647,687,hex:21780c42b/60c74b000,,0.39398828220104287,
curved-29-b0,curved-29,curved,0.5,deficit,32,9,2,16,16,0,7,22,hex:1/14,TOLERANCE,,False,False,True,0.5028908200001752,0.051478872999723535,0.0010378530000707542,,9383,2107,hex:742777/c67000,hex:183cf0913b/2756b40000,,
curved-29-b0,curved-29,curved,0.5,enumeration,32,9,2,16,16,0,7,22,hex:1/14,EXACT,PASS,True,False,False,0.4495716110000103,0.03859310199959509,0.0007438330003424198,0.17034999699990294,6163,1142,hex:742777/c67000,hex:742777/c67000,,
curved-29-b0,curved-29,curved,0.5,price,32,9,2,16,16,0,7,22,hex:1/14,TOLERANCE,PASS,True,False,False,0.26393263899990416,0.010742253999978857,0.0005976789998385357,0.014142659999833995,4382,743,hex:742777/c67000,hex:39a4206bd/627190000,,0
curved-29-b0,curved-29,curved,0.5,scip,32,9,2,16,16,0,7,22,hex:1/14,OPTIMIZATION_DEADLINE,PASS,False,False,False,0.3454751710000892,0.09775492700009636,0.000713746000201354,0.0029663020000043616,4474,729,hex:-f926aeee5/86b4b78000,hex:9/8,,0
curved-29-b1,curved-29,curved,1.5,deficit,32,9,2,16,16,0,7,22,hex:1/14,TOLERANCE,PASS,True,False,False,1.4581168929998967,0.05063070500000322,0.0009283480003432487,1.1675994850002098,9383,2107,hex:742777/c67000,hex:183cf0913b/2756b40000,,
curved-29-b1,curved-29,curved,1.5,enumeration,32,9,2,16,16,0,7,22,hex:1/14,EXACT,PASS,True,False,False,0.450279706999936,0.03837731899966457,0.0007444140001098276,0.16918436500009193,6163,1142,hex:742777/c67000,hex:742777/c67000,,
curved-29-b1,curved-29,curved,1.5,price,32,9,2,16,16,0,7,22,hex:1/14,TOLERANCE,PASS,True,False,False,0.2642134200000328,0.011000322000199958,0.000626622999789106,0.014237571000194293,4382,743,hex:742777/c67000,hex:39a4206bd/627190000,,0
curved-29-b1,curved-29,curved,1.5,scip,32,9,2,16,16,0,7,22,hex:1/14,NUMERICAL_gaplimit,PASS_LOWER_ONLY,False,True,False,0.528893252999751,0.2710658470000453,0.0010461990000294463,0.0065869200002453,4341,771,hex:742777/c67000,,0.5854166501823986,
curved-29-b2,curved-29,curved,3.0,deficit,32,9,2,16,16,0,7,22,hex:1/14,TOLERANCE,PASS,True,False,False,1.508730316999845,0.055571704999692884,0.0009926580000865215,1.2096402010001839,9383,2107,hex:742777/c67000,hex:183cf0913b/2756b40000,,
curved-29-b2,curved-29,curved,3.0,enumeration,32,9,2,16,16,0,7,22,hex:1/14,EXACT,PASS,True,False,False,0.44824964600002204,0.03853609499992672,0.0007394539998131222,0.1697480410002754,6163,1142,hex:742777/c67000,hex:742777/c67000,,
curved-29-b2,curved-29,curved,3.0,price,32,9,2,16,16,0,7,22,hex:1/14,TOLERANCE,PASS,True,False,False,0.26359293799987427,0.011013446000106342,0.0006086399998821435,0.014422728000226925,4382,743,hex:742777/c67000,hex:39a4206bd/627190000,,0
curved-29-b2,curved-29,curved,3.0,scip,32,9,2,16,16,0,7,22,hex:1/14,NUMERICAL_gaplimit,PASS_LOWER_ONLY,False,True,False,0.5248569069999576,0.27040725400001975,0.000978120999661769,0.006519813999602775,4341,771,hex:742777/c67000,,0.5854166501823986,
exceptions-00-b0,exceptions-00,exceptions,0.5,deficit,8,9,2,8,8,2,6,28,hex:1/14,TOLERANCE,PASS,True,False,False,0.4339202149999437,0.020278600999972696,0.0007213990002128412,0.17732041699991896,6215,1311,hex:6e99/20080,hex:1002d/40100,,
exceptions-00-b0,exceptions-00,exceptions,0.5,enumeration,8,9,2,8,8,2,6,28,hex:1/14,EXACT,PASS,True,False,False,0.2586400559998765,0.011121698999886576,0.0004598599998644204,0.00892897699986861,2580,572,hex:6e99/20080,hex:6e99/20080,,
exceptions-00-b0,exceptions-00,exceptions,0.5,price,8,9,2,8,8,2,6,28,hex:1/14,TOLERANCE,PASS,True,False,False,0.2504988640000647,0.005494982000072923,0.00036255899999559915,0.007331146000069566,1644,491,hex:6e99/20080,hex:7129/20080,,0
exceptions-00-b0,exceptions-00,exceptions,0.5,scip,8,9,2,8,8,2,6,28,hex:1/14,OPTIMIZATION_DEADLINE,PASS,False,False,False,0.3415560920000189,0.09566604099995857,0.0004280309999558085,0.0009752850000950275,1571,464,hex:-1/c8,hex:3/2,,0
exceptions-00-b0,exceptions-00,exceptions,0.5,tariff,8,9,2,8,8,2,6,28,hex:1/14,EXACT,PASS,True,False,False,0.2495422030001464,0.00330286000007618,0.0004341229998772178,0.007303314999944632,2267,594,hex:6e99/20080,hex:6e99/20080,,
exceptions-00-b1,exceptions-00,exceptions,1.5,deficit,8,9,2,8,8,2,6,28,hex:1/14,TOLERANCE,PASS,True,False,False,0.4365320920001068,0.020630860999972356,0.0007005509999089554,0.17878492599993479,6215,1311,hex:6e99/20080,hex:1002d/40100,,
exceptions-00-b1,exceptions-00,exceptions,1.5,enumeration,8,9,2,8,8,2,6,28,hex:1/14,EXACT,PASS,True,False,False,0.25830875600013314,0.010968412000011085,0.00046484999984386377,0.008893961000012496,2580,572,hex:6e99/20080,hex:6e99/20080,,
exceptions-00-b1,exceptions-00,exceptions,1.5,price,8,9,2,8,8,2,6,28,hex:1/14,TOLERANCE,PASS,True,False,False,0.24912540400009675,0.005402208000077735,0.00037092499997015693,0.00732379300006869,1644,491,hex:6e99/20080,hex:7129/20080,,0
exceptions-00-b1,exceptions-00,exceptions,1.5,scip,8,9,2,8,8,2,6,28,hex:1/14,NUMERICAL_gaplimit,PASS_LOWER_ONLY,False,True,False,0.3840420129999984,0.13319806300000891,0.0005918869999277376,0.005089351999913561,1632,530,hex:6459/20080,,0.22038441412696252,
exceptions-00-b1,exceptions-00,exceptions,1.5,tariff,8,9,2,8,8,2,6,28,hex:1/14,EXACT,PASS,True,False,False,0.2475278449999223,0.003267052999945008,0.00043276999986119336,0.007235207000121591,2267,594,hex:6e99/20080,hex:6e99/20080,,
exceptions-00-b2,exceptions-00,exceptions,3.0,deficit,8,9,2,8,8,2,6,28,hex:1/14,TOLERANCE,PASS,True,False,False,0.43736007100005736,0.020169235999901503,0.0007110199999260658,0.1761857340000006,6215,1311,hex:6e99/20080,hex:1002d/40100,,
exceptions-00-b2,exceptions-00,exceptions,3.0,enumeration,8,9,2,8,8,2,6,28,hex:1/14,EXACT,PASS,True,False,False,0.25524586500000623,0.01110919500001728,0.00043348100007278845,0.008890573999906337,2580,572,hex:6e99/20080,hex:6e99/20080,,
exceptions-00-b2,exceptions-00,exceptions,3.0,price,8,9,2,8,8,2,6,28,hex:1/14,TOLERANCE,PASS,True,False,False,0.2509382660000483,0.005445819999977175,0.00036146599995845463,0.007340795000118305,1644,491,hex:6e99/20080,hex:7129/20080,,0
exceptions-00-b2,exceptions-00,exceptions,3.0,scip,8,9,2,8,8,2,6,28,hex:1/14,NUMERICAL_gaplimit,PASS_LOWER_ONLY,False,True,False,0.38038964999987,0.1292034699999931,0.0005453009998745983,0.005017507999809823,1632,530,hex:6459/20080,,0.22038441412696252,
exceptions-00-b2,exceptions-00,exceptions,3.0,tariff,8,9,2,8,8,2,6,28,hex:1/14,EXACT,PASS,True,False,False,0.24966101599989088,0.00330583499999193,0.00042213999995510676,0.007258870999976352,2267,594,hex:6e99/20080,hex:6e99/20080,,
exceptions-01-b0,exceptions-01,exceptions,0.5,deficit,16,9,2,12,12,2,7,19,hex:1/14,TOLERANCE,,False,False,True,0.5029524139999921,0.02317891799998506,0.0006997089999458694,,5821,1163,hex:25af/5780,hex:5103/af00,,
exceptions-01-b0,exceptions-01,exceptions,0.5,enumeration,16,9,2,12,12,2,7,19,hex:1/14,EXACT,PASS,True,False,False,0.2744179559999793,0.019508149000103003,0.0005804160000479897,0.01683355499994832,3851,685,hex:25af/5780,hex:25af/5780,,
exceptions-01-b0,exceptions-01,exceptions,0.5,price,16,9,2,12,12,2,7,19,hex:1/14,TOLERANCE,PASS,True,False,False,0.25738876499985963,0.009019686000101501,0.0004238630001509591,0.009527555999966353,2498,555,hex:222f/5780,hex:268f/5780,,0
exceptions-01-b0,exceptions-01,exceptions,0.5,scip,16,9,2,12,12,2,7,19,hex:1/14,OPTIMIZATION_DEADLINE,PASS,False,False,False,0.34340470999995887,0.09750150500008203,0.0005448089998481009,0.0016090399999484362,2444,522,hex:-1/64,hex:3/2,,0
exceptions-01-b0,exceptions-01,exceptions,0.5,tariff,16,9,2,12,12,2,7,19,hex:1/14,EXACT,PASS,True,False,False,0.2522893339998973,0.00460038699998222,0.0005152539999926375,0.008600482000019838,3277,697,hex:25af/5780,hex:25af/5780,,
exceptions-01-b1,exceptions-01,exceptions,1.5,deficit,16,9,2,12,12,2,7,19,hex:1/14,TOLERANCE,PASS,True,False,False,0.5153409669999292,0.022810150999930556,0.0007383600000139268,0.2540900139999849,5821,1163,hex:25af/5780,hex:5103/af00,,
exceptions-01-b1,exceptions-01,exceptions,1.5,enumeration,16,9,2,12,12,2,7,19,hex:1/14,EXACT,PASS,True,False,False,0.272388650000039,0.01918655800000124,0.0005649569998240622,0.01660750300015934,3851,685,hex:25af/5780,hex:25af/5780,,
exceptions-01-b1,exceptions-01,exceptions,1.5,price,16,9,2,12,12,2,7,19,hex:1/14,TOLERANCE,PASS,True,False,False,0.2553621730000941,0.00893431600002259,0.0004492709999794897,0.009518108000065695,2498,555,hex:222f/5780,hex:268f/5780,,0
exceptions-01-b1,exceptions-01,exceptions,1.5,scip,16,9,2,12,12,2,7,19,hex:1/14,NUMERICAL_optimal,PASS_LOWER_ONLY,False,True,False,0.5225408370001787,0.2663806850000583,0.0007479379999040248,0.005580394999924465,2512,608,hex:25af/5780,,0.4306696428571428,
exceptions-01-b1,exceptions-01,exceptions,1.5,tariff,16,9,2,12,12,2,7,19,hex:1/14,EXACT,PASS,True,False,False,0.2506858619999548,0.004569596999999703,0.0005144409999502386,0.008591519999981756,3277,697,hex:25af/5780,hex:25af/5780,,
exceptions-01-b2,exceptions-01,exceptions,3.0,deficit,16,9,2,12,12,2,7,19,hex:1/14,TOLERANCE,PASS,True,False,False,0.5175900790000014,0.02356907900002625,0.0007958870000948082,0.2540897149999637,5821,1163,hex:25af/5780,hex:5103/af00,,
exceptions-01-b2,exceptions-01,exceptions,3.0,enumeration,16,9,2,12,12,2,7,19,hex:1/14,EXACT,PASS,True,False,False,0.27356213099983506,0.019384240999897884,0.0005516809999335237,0.01681294800005162,3851,685,hex:25af/5780,hex:25af/5780,,
exceptions-01-b2,exceptions-01,exceptions,3.0,price,16,9,2,12,12,2,7,19,hex:1/14,TOLERANCE,PASS,True,False,False,0.2545916019998913,0.008885579999969195,0.0004335099999934755,0.009378519999927448,2498,555,hex:222f/5780,hex:268f/5780,,0
exceptions-01-b2,exceptions-01,exceptions,3.0,scip,16,9,2,12,12,2,7,19,hex:1/14,NUMERICAL_optimal,PASS_LOWER_ONLY,False,True,False,0.5153512060001049,0.25907228200003374,0.0007423869999456656,0.0055060360000425135,2512,608,hex:25af/5780,,0.4306696428571428,
exceptions-01-b2,exceptions-01,exceptions,3.0,tariff,16,9,2,12,12,2,7,19,hex:1/14,EXACT,PASS,True,False,False,0.25465700399990965,0.0046251099997789424,0.0005202309998821875,0.008639309000045614,3277,697,hex:25af/5780,hex:25af/5780,,
exceptions-02-b0,exceptions-02,exceptions,0.5,deficit,32,9,2,16,16,2,8,10,hex:1/14,TOLERANCE,,False,False,True,0.5029497190000711,0.029264626999975007,0.0007275820000813837,,6191,1080,hex:2fa8b/44c00,hex:632bf/89800,,
exceptions-02-b0,exceptions-02,exceptions,0.5,enumeration,32,9,2,16,16,2,8,10,hex:1/14,EXACT,PASS,True,False,False,0.29955927700007123,0.03357897099999718,0.0006845309999334859,0.029424147000099765,5643,854,hex:2fa8b/44c00,hex:2fa8b/44c00,,
exceptions-02-b0,exceptions-02,exceptions,0.5,price,32,9,2,16,16,2,8,10,hex:1/14,TOLERANCE,PASS,True,False,False,0.2681707990000177,0.0158726919999026,0.0005770679999841377,0.013795391000030577,4314,682,hex:2fa8b/44c00,hex:3160b/44c00,,0
exceptions-02-b0,exceptions-02,exceptions,0.5,scip,32,9,2,16,16,2,8,10,hex:1/14,OPTIMIZATION_DEADLINE,PASS,False,False,False,0.35196718299994245,0.10415002900003856,0.0007254669999383623,0.0028928419999374455,4194,591,hex:-3/c8,hex:3/2,,0
exceptions-02-b0,exceptions-02,exceptions,0.5,tariff,32,9,2,16,16,2,8,10,hex:1/14,EXACT,PASS,True,False,False,0.2568320489999678,0.006728379999913159,0.000665995999952429,0.01088324400006968,5037,798,hex:2fa8b/44c00,hex:2fa8b/44c00,,
exceptions-02-b1,exceptions-02,exceptions,1.5,deficit,32,9,2,16,16,2,8,10,hex:1/14,TOLERANCE,PASS,True,False,False,0.5707015220000358,0.028758421000020462,0.0007648710000012215,0.30125249499997153,6191,1080,hex:2fa8b/44c00,hex:632bf/89800,,
exceptions-02-b1,exceptions-02,exceptions,1.5,enumeration,32,9,2,16,16,2,8,10,hex:1/14,EXACT,PASS,True,False,False,0.3009135710001374,0.03365121599995291,0.0007454950000465033,0.029700984000101016,5643,854,hex:2fa8b/44c00,hex:2fa8b/44c00,,
exceptions-02-b1,exceptions-02,exceptions,1.5,price,32,9,2,16,16,2,8,10,hex:1/14,TOLERANCE,PASS,True,False,False,0.26762147699992056,0.016027360000180124,0.000568283000120573,0.013633450000043013,4314,682,hex:2fa8b/44c00,hex:3160b/44c00,,0
exceptions-02-b1,exceptions-02,exceptions,1.5,scip,32,9,2,16,16,2,8,10,hex:1/14,NUMERICAL_optimal,PASS_LOWER_ONLY,False,True,False,0.43783749499993974,0.1841206549997878,0.0009679610000148386,0.006467861999908564,4298,731,hex:2fa8b/44c00,,0.6932208806818183,
exceptions-02-b1,exceptions-02,exceptions,1.5,tariff,32,9,2,16,16,2,8,10,hex:1/14,EXACT,PASS,True,False,False,0.2576407920000747,0.006674529000065377,0.0006384240000443242,0.010938406999912331,5037,798,hex:2fa8b/44c00,hex:2fa8b/44c00,,
exceptions-02-b2,exceptions-02,exceptions,3.0,deficit,32,9,2,16,16,2,8,10,hex:1/14,TOLERANCE,PASS,True,False,False,0.5728351840000414,0.029456157000140593,0.0008042550000482152,0.29892092299996875,6191,1080,hex:2fa8b/44c00,hex:632bf/89800,,
exceptions-02-b2,exceptions-02,exceptions,3.0,enumeration,32,9,2,16,16,2,8,10,hex:1/14,EXACT,PASS,True,False,False,0.3057665309997901,0.03374810700006492,0.000790629999983139,0.029357371000060084,5643,854,hex:2fa8b/44c00,hex:2fa8b/44c00,,
exceptions-02-b2,exceptions-02,exceptions,3.0,price,32,9,2,16,16,2,8,10,hex:1/14,TOLERANCE,PASS,True,False,False,0.27083966899999723,0.01633270000002085,0.0006380940001236013,0.01405047100001866,4314,682,hex:2fa8b/44c00,hex:3160b/44c00,,0
exceptions-02-b2,exceptions-02,exceptions,3.0,scip,32,9,2,16,16,2,8,10,hex:1/14,NUMERICAL_optimal,PASS_LOWER_ONLY,False,True,False,0.44335212999999385,0.18577416500011168,0.0010089180000250053,0.00648119599986785,4298,731,hex:2fa8b/44c00,,0.6932208806818183,
exceptions-02-b2,exceptions-02,exceptions,3.0,tariff,32,9,2,16,16,2,8,10,hex:1/14,EXACT,PASS,True,False,False,0.2587265340000613,0.006711378000090917,0.0006541239999933168,0.011016633000053844,5037,798,hex:2fa8b/44c00,hex:2fa8b/44c00,,
exceptions-03-b0,exceptions-03,exceptions,0.5,deficit,8,17,2,8,8,2,6,135,hex:1/64,OPTIMIZATION_DEADLINE,PASS,False,False,False,0.3374189099999967,0.09749047099990094,0.0004934329999741749,0.0009815260000323178,1733,482,hex:-1/32,hex:3/2,,0
exceptions-03-b0,exceptions-03,exceptions,0.5,enumeration,8,17,2,8,8,2,6,135,hex:1/64,EXACT,PASS,True,False,False,0.2818305109999528,0.020615431999885914,0.0006615879999571916,0.02221213000007083,4608,699,hex:18cd/8660,hex:18cd/8660,,
exceptions-03-b0,exceptions-03,exceptions,0.5,price,8,17,2,8,8,2,6,135,hex:1/64,TIME_LIMIT,PASS,False,False,False,0.32310465799992016,0.0669430549999106,0.0004990639999959967,0.015611800999977277,2017,567,hex:18cd/8660,hex:369b5f/10cc000,,1
exceptions-03-b0,exceptions-03,exceptions,0.5,scip,8,17,2,8,8,2,6,135,hex:1/64,OPTIMIZATION_DEADLINE,PASS,False,False,False,0.3502519419998862,0.10530169599996952,0.0004802580001523893,0.0011158079998949688,1733,482,hex:-1/32,hex:3/2,,0
exceptions-03-b0,exceptions-03,exceptions,0.5,tariff,8,17,2,8,8,2,6,135,hex:1/64,EXACT,PASS,True,False,False,0.2540815710001425,0.005680639000047449,0.0004719229998499941,0.009752196999897933,3024,630,hex:18cd/8660,hex:18cd/8660,,
exceptions-03-b1,exceptions-03,exceptions,1.5,deficit,8,17,2,8,8,2,6,135,hex:1/64,TOLERANCE,,False,False,True,1.5039930499999628,0.19077706500002023,0.0037146409999877505,,42577,6512,hex:18cd/8660,hex:341d/10cc0,,
exceptions-03-b1,exceptions-03,exceptions,1.5,enumeration,8,17,2,8,8,2,6,135,hex:1/64,EXACT,PASS,True,False,False,0.2802369399998952,0.020283160999952088,0.0005948830000761518,0.021672911999985445,4608,699,hex:18cd/8660,hex:18cd/8660,,
exceptions-03-b1,exceptions-03,exceptions,1.5,price,8,17,2,8,8,2,6,135,hex:1/64,TOLERANCE,PASS,True,False,False,0.6723755740001707,0.3959322929999871,0.0007536909999998898,0.030912899999975707,5772,817,hex:18cd/8660,hex:684b9/219800,,14
exceptions-03-b1,exceptions-03,exceptions,1.5,scip,8,17,2,8,8,2,6,135,hex:1/64,NUMERICAL_optimal,PASS_LOWER_ONLY,False,True,False,0.652680403000204,0.3975225369999862,0.0006738209999639366,0.005366079999930662,1793,550,hex:18cd/8660,,0.18456395348837207,
exceptions-03-b1,exceptions-03,exceptions,1.5,tariff,8,17,2,8,8,2,6,135,hex:1/64,EXACT,PASS,True,False,False,0.2517303719998836,0.0056803190000209725,0.0004632769998806907,0.009792041000082463,3024,630,hex:18cd/8660,hex:18cd/8660,,
exceptions-03-b2,exceptions-03,exceptions,3.0,deficit,8,17,2,8,8,2,6,135,hex:1/64,TOLERANCE,,False,False,True,3.0056434360001276,0.1912848260001283,0.0037525909999658325,,42577,6512,hex:18cd/8660,hex:341d/10cc0,,
exceptions-03-b2,exceptions-03,exceptions,3.0,enumeration,8,17,2,8,8,2,6,135,hex:1/64,EXACT,PASS,True,False,False,0.28095631600012894,0.020514242999979615,0.0005998619999445509,0.02186351799991826,4608,699,hex:18cd/8660,hex:18cd/8660,,
exceptions-03-b2,exceptions-03,exceptions,3.0,price,8,17,2,8,8,2,6,135,hex:1/64,TOLERANCE,PASS,True,False,False,0.6571494820000225,0.38399768899989795,0.0007195360001333029,0.0299816470001133,5772,817,hex:18cd/8660,hex:684b9/219800,,14
exceptions-03-b2,exceptions-03,exceptions,3.0,scip,8,17,2,8,8,2,6,135,hex:1/64,NUMERICAL_optimal,PASS_LOWER_ONLY,False,True,False,0.6482344549999652,0.39386304100003144,0.0006468399999448593,0.005169743000124072,1793,550,hex:18cd/8660,,0.18456395348837207,
exceptions-03-b2,exceptions-03,exceptions,3.0,tariff,8,17,2,8,8,2,6,135,hex:1/64,EXACT,PASS,True,False,False,0.2530476379999982,0.00569996500007619,0.000488843999846722,0.009753469000088444,3024,630,hex:18cd/8660,hex:18cd/8660,,
exceptions-04-b0,exceptions-04,exceptions,0.5,deficit,16,17,2,10,10,2,6,97,hex:1/64,OPTIMIZATION_DEADLINE,PASS,False,False,False,0.3371091989999968,0.09699694400001135,0.0004835350000576,0.0014090670001678518,2609,526,hex:-1/c8,hex:3/2,,0
exceptions-04-b0,exceptions-04,exceptions,0.5,enumeration,16,17,2,10,10,2,6,97,hex:1/64,EXACT,PASS,True,False,False,0.3293333409999377,0.04782702500006053,0.0008974390000275889,0.0432798179999736,6974,895,hex:bc9/1900,hex:bc9/1900,,
exceptions-04-b0,exceptions-04,exceptions,0.5,price,16,17,2,10,10,2,6,97,hex:1/64,TOLERANCE,PASS,True,False,False,0.2718658569999661,0.019116447999977026,0.0004690180001034605,0.013468891000002259,2659,556,hex:bc9/1900,hex:be9/1900,,0
exceptions-04-b0,exceptions-04,exceptions,0.5,scip,16,17,2,10,10,2,6,97,hex:1/64,OPTIMIZATION_DEADLINE,PASS,False,False,False,0.3445549809998738,0.09855197299998508,0.000544017000038366,0.0016946209998423,2609,526,hex:-1/c8,hex:3/2,,0
exceptions-04-b0,exceptions-04,exceptions,0.5,tariff,16,17,2,10,10,2,6,97,hex:1/64,EXACT,PASS,True,False,False,0.2594365520001247,0.008803762000070492,0.0005521630000657751,0.013163960999918345,3963,744,hex:bc9/1900,hex:bc9/1900,,
exceptions-04-b1,exceptions-04,exceptions,1.5,deficit,16,17,2,10,10,2,6,97,hex:1/64,TOLERANCE,,False,False,True,1.5041266770001585,0.19587664999994558,0.0027767460001086874,,30870,3730,hex:bc9/1900,hex:17fb/3200,,
exceptions-04-b1,exceptions-04,exceptions,1.5,enumeration,16,17,2,10,10,2,6,97,hex:1/64,EXACT,PASS,True,False,False,0.32734367800003383,0.04750757700003305,0.0008262459998604754,0.04246145699994486,6974,895,hex:bc9/1900,hex:bc9/1900,,
exceptions-04-b1,exceptions-04,exceptions,1.5,price,16,17,2,10,10,2,6,97,hex:1/64,TOLERANCE,PASS,True,False,False,0.269264099999873,0.018856010000035894,0.0004337120001309813,0.013412704999836933,2659,556,hex:bc9/1900,hex:be9/1900,,0
exceptions-04-b1,exceptions-04,exceptions,1.5,scip,16,17,2,10,10,2,6,97,hex:1/64,NUMERICAL_optimal,PASS_LOWER_ONLY,False,True,False,0.4112116870001046,0.15661305699995864,0.0007637290000275243,0.005628099999967162,2659,592,hex:bc9/1900,,0.47140624999999986,
exceptions-04-b1,exceptions-04,exceptions,1.5,tariff,16,17,2,10,10,2,6,97,hex:1/64,EXACT,PASS,True,False,False,0.2610428170000887,0.009011100000179795,0.0005556999999498657,0.013252725000029386,3963,744,hex:bc9/1900,hex:bc9/1900,,
exceptions-04-b2,exceptions-04,exceptions,3.0,deficit,16,17,2,10,10,2,6,97,hex:1/64,TOLERANCE,,False,False,True,3.005866470000001,0.1951413539998157,0.0028024330001699127,,30870,3730,hex:bc9/1900,hex:17fb/3200,,
exceptions-04-b2,exceptions-04,exceptions,3.0,enumeration,16,17,2,10,10,2,6,97,hex:1/64,EXACT,PASS,True,False,False,0.3278781680000975,0.047403424000094674,0.0008085229999323928,0.04293334900012269,6974,895,hex:bc9/1900,hex:bc9/1900,,
exceptions-04-b2,exceptions-04,exceptions,3.0,price,16,17,2,10,10,2,6,97,hex:1/64,TOLERANCE,PASS,True,False,False,0.26953814900002726,0.019027390000019295,0.0004494009999689297,0.013383670000166603,2659,556,hex:bc9/1900,hex:be9/1900,,0
exceptions-04-b2,exceptions-04,exceptions,3.0,scip,16,17,2,10,10,2,6,97,hex:1/64,NUMERICAL_optimal,PASS_LOWER_ONLY,False,True,False,0.40833795999992617,0.15497238700004345,0.0007094269999470271,0.005580441000120118,2659,592,hex:bc9/1900,,0.47140624999999986,
exceptions-04-b2,exceptions-04,exceptions,3.0,tariff,16,17,2,10,10,2,6,97,hex:1/64,EXACT,PASS,True,False,False,0.25816582500010554,0.008652478999920277,0.0005832409999584343,0.013255571999934546,3963,744,hex:bc9/1900,hex:bc9/1900,,
exceptions-05-b0,exceptions-05,exceptions,0.5,deficit,32,17,2,17,17,2,8,40,hex:1/64,OPTIMIZATION_DEADLINE,PASS,False,False,False,0.33913805800011687,0.09946467600002507,0.0006206109999311593,0.0024097589998746116,4345,614,hex:-1/64,hex:3/2,,0
exceptions-05-b0,exceptions-05,exceptions,0.5,enumeration,32,17,2,17,17,2,8,40,hex:1/64,TIME_LIMIT,PASS,False,False,False,0.3076870139998391,0.06442673099991225,0.0008972089999588206,0.002982579999979862,7514,1052,hex:4573d/7aa80,hex:3/2,,
exceptions-05-b0,exceptions-05,exceptions,0.5,price,32,17,2,17,17,2,8,40,hex:1/64,TOLERANCE,PASS,True,False,False,0.2931781590000355,0.03417823699987821,0.0006139889999303705,0.019628935999890018,4484,693,hex:4573d/7aa80,hex:46add/7aa80,,0
exceptions-05-b0,exceptions-05,exceptions,0.5,scip,32,17,2,17,17,2,8,40,hex:1/64,OPTIMIZATION_DEADLINE,PASS,False,False,False,0.34581820699986565,0.09832313000015347,0.0007089660000474396,0.0032347119999940332,4345,614,hex:-1/64,hex:3/2,,0
exceptions-05-b0,exceptions-05,exceptions,0.5,tariff,32,17,2,17,17,2,8,40,hex:1/64,EXACT,PASS,True,False,False,0.2675432560001809,0.012723075000167228,0.0006657549999999901,0.017767932999959157,5627,808,hex:4573d/7aa80,hex:4573d/7aa80,,
exceptions-05-b1,exceptions-05,exceptions,1.5,deficit,32,17,2,17,17,2,8,40,hex:1/64,TOLERANCE,,False,False,True,1.5040100530000018,0.13048850999985007,0.0016218050000134099,,18263,3124,hex:4573d/7aa80,hex:8c925/f5500,,
exceptions-05-b1,exceptions-05,exceptions,1.5,enumeration,32,17,2,17,17,2,8,40,hex:1/64,EXACT,PASS,True,False,False,0.40145312799995736,0.09008257200002845,0.000971517000152744,0.0710371379998378,9004,1193,hex:4573d/7aa80,hex:4573d/7aa80,,
exceptions-05-b1,exceptions-05,exceptions,1.5,price,32,17,2,17,17,2,8,40,hex:1/64,TOLERANCE,PASS,True,False,False,0.2910022480000407,0.033616055000038614,0.0005738229999678879,0.019394575999967856,4484,693,hex:4573d/7aa80,hex:46add/7aa80,,0
exceptions-05-b1,exceptions-05,exceptions,1.5,scip,32,17,2,17,17,2,8,40,hex:1/64,NUMERICAL_optimal,PASS_LOWER_ONLY,False,True,False,0.7273057009999775,0.473836024999855,0.0009858949999852484,0.006557908999866413,4468,735,hex:4573d/7aa80,,0.5662360668789809,
exceptions-05-b1,exceptions-05,exceptions,1.5,tariff,32,17,2,17,17,2,8,40,hex:1/64,EXACT,PASS,True,False,False,0.26734958400015785,0.012522900000021764,0.0006784900001548522,0.01729007900007673,5627,808,hex:4573d/7aa80,hex:4573d/7aa80,,
exceptions-05-b2,exceptions-05,exceptions,3.0,deficit,32,17,2,17,17,2,8,40,hex:1/64,TOLERANCE,,False,False,True,3.005709159999924,0.12943280800004686,0.0016493260000061127,,18263,3124,hex:4573d/7aa80,hex:8c925/f5500,,
exceptions-05-b2,exceptions-05,exceptions,3.0,enumeration,32,17,2,17,17,2,8,40,hex:1/64,EXACT,PASS,True,False,False,0.39878963099999964,0.08935936999978367,0.0009618799999770999,0.07128229799991459,9004,1193,hex:4573d/7aa80,hex:4573d/7aa80,,
exceptions-05-b2,exceptions-05,exceptions,3.0,price,32,17,2,17,17,2,8,40,hex:1/64,TOLERANCE,PASS,True,False,False,0.2911425700001473,0.03338486200004809,0.0005688039998403838,0.01934044599988738,4484,693,hex:4573d/7aa80,hex:46add/7aa80,,0
exceptions-05-b2,exceptions-05,exceptions,3.0,scip,32,17,2,17,17,2,8,40,hex:1/64,NUMERICAL_optimal,PASS_LOWER_ONLY,False,True,False,0.7305214599998635,0.4745236900000691,0.0010175739998885547,0.006503637999912826,4468,735,hex:4573d/7aa80,,0.5662360668789809,
exceptions-05-b2,exceptions-05,exceptions,3.0,tariff,32,17,2,17,17,2,8,40,hex:1/64,EXACT,PASS,True,False,False,0.268868737000048,0.012580727999875307,0.0006808539999383356,0.017746342999998888,5627,808,hex:4573d/7aa80,hex:4573d/7aa80,,
exceptions-06-b0,exceptions-06,exceptions,0.5,deficit,8,25,2,7,7,2,6,580,hex:1/1f4,OPTIMIZATION_DEADLINE,PASS,False,False,False,0.3364573169999403,0.09884523899995656,0.00045024299993201566,0.0010266009999213566,1913,502,hex:-3/c8,hex:3/2,,0
exceptions-06-b0,exceptions-06,exceptions,0.5,enumeration,8,25,2,7,7,2,6,580,hex:1/1f4,EXACT,PASS,True,False,False,0.31594425000002957,0.03405674999999064,0.0008554510000067239,0.0426177080000798,7547,856,hex:45/190,hex:45/190,,
exceptions-06-b0,exceptions-06,exceptions,0.5,price,8,25,2,7,7,2,6,580,hex:1/1f4,TIME_LIMIT,PASS,False,False,False,0.31955284199989364,0.06826171700004124,0.0003845000001092558,0.013678221999953166,1952,531,hex:45/190,hex:1a26e3/92e000,,0
exceptions-06-b0,exceptions-06,exceptions,0.5,scip,8,25,2,7,7,2,6,580,hex:1/1f4,OPTIMIZATION_DEADLINE,PASS,False,False,False,0.34245463999991443,0.09634169500009193,0.0004915800000162562,0.0011688970000705012,1913,502,hex:-3/c8,hex:3/2,,0
exceptions-06-b0,exceptions-06,exceptions,0.5,tariff,8,25,2,7,7,2,6,580,hex:1/1f4,EXACT,PASS,True,False,False,0.2573542370000723,0.008113059999914185,0.0005100440000660456,0.012504636000130631,3439,676,hex:45/190,hex:45/190,,
exceptions-06-b1,exceptions-06,exceptions,1.5,deficit,8,25,2,7,7,2,6,580,hex:1/1f4,OPTIMIZATION_DEADLINE,PASS,False,False,False,0.9394163910001225,0.7024543269999413,0.0004535989999112644,0.0010460770001827768,1913,502,hex:-3/c8,hex:3/2,,0
exceptions-06-b1,exceptions-06,exceptions,1.5,enumeration,8,25,2,7,7,2,6,580,hex:1/1f4,EXACT,PASS,True,False,False,0.31668232899983195,0.034271117000116647,0.0009262129999569879,0.04298732699999164,7547,856,hex:45/190,hex:45/190,,
exceptions-06-b1,exceptions-06,exceptions,1.5,price,8,25,2,7,7,2,6,580,hex:1/1f4,TOLERANCE,PASS,True,False,False,0.9423181009999553,0.6468477270000221,0.0008860679999997956,0.05169271599993408,8313,829,hex:45/190,hex:199d9cd/92e0000,,19
exceptions-06-b1,exceptions-06,exceptions,1.5,scip,8,25,2,7,7,2,6,580,hex:1/1f4,NUMERICAL_optimal,PASS_LOWER_ONLY,False,True,False,0.41910653100012496,0.16475684800002455,0.0006139790000361245,0.0051689120000446565,1935,545,hex:45/190,,0.17250000000000004,
exceptions-06-b1,exceptions-06,exceptions,1.5,tariff,8,25,2,7,7,2,6,580,hex:1/1f4,EXACT,PASS,True,False,False,0.2577166159999251,0.00812693600005332,0.0005270560000099067,0.012566501000037533,3439,676,hex:45/190,hex:45/190,,
exceptions-06-b2,exceptions-06,exceptions,3.0,deficit,8,25,2,7,7,2,6,580,hex:1/1f4,TOLERANCE,,False,False,True,3.006983196999954,1.4590208390000043,0.023365511000065453,,271181,32328,hex:45/190,hex:7f27d/2de600,,
exceptions-06-b2,exceptions-06,exceptions,3.0,enumeration,8,25,2,7,7,2,6,580,hex:1/1f4,EXACT,PASS,True,False,False,0.31479189099991345,0.034110537000060503,0.0009571509999659611,0.042872312000099555,7547,856,hex:45/190,hex:45/190,,
exceptions-06-b2,exceptions-06,exceptions,3.0,price,8,25,2,7,7,2,6,580,hex:1/1f4,TOLERANCE,PASS,True,False,False,0.931737713000075,0.636381320000055,0.0008263869999609597,0.05136683599994285,8313,829,hex:45/190,hex:199d9cd/92e0000,,19
exceptions-06-b2,exceptions-06,exceptions,3.0,scip,8,25,2,7,7,2,6,580,hex:1/1f4,NUMERICAL_optimal,PASS_LOWER_ONLY,False,True,False,0.41383570800007874,0.16224718299986307,0.0006402490000709804,0.005223975000035352,1935,545,hex:45/190,,0.17250000000000004,
exceptions-06-b2,exceptions-06,exceptions,3.0,tariff,8,25,2,7,7,2,6,580,hex:1/1f4,EXACT,PASS,True,False,False,0.2580281959999411,0.008196687000008751,0.0005251129998669057,0.01270355099995868,3439,676,hex:45/190,hex:45/190,,
exceptions-07-b0,exceptions-07,exceptions,0.5,deficit,16,25,2,12,12,2,6,466,hex:1/1f4,OPTIMIZATION_DEADLINE,PASS,False,False,False,0.33700924300001134,0.09882561899985376,0.00047164300008262217,0.0015321969999604335,2773,544,hex:-1/32,hex:3/2,,0
exceptions-07-b0,exceptions-07,exceptions,0.5,enumeration,16,25,2,12,12,2,6,466,hex:1/1f4,TIME_LIMIT,PASS,False,False,False,0.30750286199986476,0.06792143300003772,0.0010212109998519736,0.0018426780000027065,9336,1061,hex:2539/5780,hex:3/2,,
exceptions-07-b0,exceptions-07,exceptions,0.5,price,16,25,2,12,12,2,6,466,hex:1/1f4,TIME_LIMIT,PASS,False,False,False,0.3335082009998587,0.07511701700013873,0.0004907580000690359,0.01856387599991649,2878,576,hex:2539/5780,hex:26f9/5780,,0
exceptions-07-b0,exceptions-07,exceptions,0.5,scip,16,25,2,12,12,2,6,466,hex:1/1f4,OPTIMIZATION_DEADLINE,PASS,False,False,False,0.3434805319998304,0.09693753700003072,0.0005619610001303954,0.0017565260000083072,2773,544,hex:-1/32,hex:3/2,,0
exceptions-07-b0,exceptions-07,exceptions,0.5,tariff,16,25,2,12,12,2,6,466,hex:1/1f4,EXACT,PASS,True,False,False,0.2738504419999117,0.01506765399994947,0.0006102520001149969,0.019881551999787916,4782,743,hex:2539/5780,hex:2539/5780,,
exceptions-07-b1,exceptions-07,exceptions,1.5,deficit,16,25,2,12,12,2,6,466,hex:1/1f4,OPTIMIZATION_DEADLINE,PASS,False,False,False,0.9415362600000208,0.7005481770002007,0.0005068680000022141,0.0015125200000056793,2773,544,hex:-1/32,hex:3/2,,0
exceptions-07-b1,exceptions-07,exceptions,1.5,enumeration,16,25,2,12,12,2,6,466,hex:1/1f4,EXACT,PASS,True,False,False,0.4333168509999723,0.10014287500007413,0.0013293679999151209,0.09382195700004559,13004,1291,hex:2539/5780,hex:2539/5780,,
exceptions-07-b1,exceptions-07,exceptions,1.5,price,16,25,2,12,12,2,6,466,hex:1/1f4,TIME_LIMIT,PASS,False,False,False,0.9751332089999778,0.6694027390001338,0.0007462759999725677,0.06418186299993067,6138,783,hex:2539/5780,hex:9ac179/15e0000,,16
exceptions-07-b1,exceptions-07,exceptions,1.5,scip,16,25,2,12,12,2,6,466,hex:1/1f4,NUMERICAL_optimal,PASS_LOWER_ONLY,False,True,False,0.5458930319998672,0.2897184450000623,0.0007626070000696927,0.005722856999909709,2854,627,hex:2539/5780,,0.425401785714286,
exceptions-07-b1,exceptions-07,exceptions,1.5,tariff,16,25,2,12,12,2,6,466,hex:1/1f4,EXACT,PASS,True,False,False,0.27176373700012846,0.014879622000080417,0.0005763980000210722,0.019463579000102982,4782,743,hex:2539/5780,hex:2539/5780,,
exceptions-07-b2,exceptions-07,exceptions,3.0,deficit,16,25,2,12,12,2,6,466,hex:1/1f4,OPTIMIZATION_DEADLINE,PASS,False,False,False,1.846675833000063,1.6037866839999424,0.0005313739998200617,0.001441917999954967,2773,544,hex:-1/32,hex:3/2,,0
exceptions-07-b2,exceptions-07,exceptions,3.0,enumeration,16,25,2,12,12,2,6,466,hex:1/1f4,EXACT,PASS,True,False,False,0.4329266939998888,0.09978232000003118,0.00140356600013547,0.09356295399993542,13004,1291,hex:2539/5780,hex:2539/5780,,
exceptions-07-b2,exceptions-07,exceptions,3.0,price,16,25,2,12,12,2,6,466,hex:1/1f4,TIME_LIMIT,PASS,False,False,False,1.9571508900000936,1.5781138499999088,0.0011335309998230514,0.1306666039999982,12438,1119,hex:2539/5780,hex:4b8f0f/af0000,,17
exceptions-07-b2,exceptions-07,exceptions,3.0,scip,16,25,2,12,12,2,6,466,hex:1/1f4,NUMERICAL_optimal,PASS_LOWER_ONLY,False,True,False,0.5425950520000242,0.28878600200005167,0.0007331120000344526,0.005640544000016234,2854,627,hex:2539/5780,,0.425401785714286,
exceptions-07-b2,exceptions-07,exceptions,3.0,tariff,16,25,2,12,12,2,6,466,hex:1/1f4,EXACT,PASS,True,False,False,0.27121841300004235,0.014774671999930433,0.0006147500000679429,0.019644764999839026,4782,743,hex:2539/5780,hex:2539/5780,,
exceptions-08-b0,exceptions-08,exceptions,0.5,deficit,32,25,2,14,14,2,8,246,hex:1/1f4,OPTIMIZATION_DEADLINE,PASS,False,False,False,0.3395710390000204,0.10033485400003883,0.0006222839999736607,0.0025341520001802564,4544,639,hex:-1/c8,hex:3/2,,0
exceptions-08-b0,exceptions-08,exceptions,0.5,enumeration,32,25,2,14,14,2,8,246,hex:1/1f4,TIME_LIMIT,PASS,False,False,False,0.3084673199998633,0.06786762899992027,0.0008782029999565566,0.003058440999893719,7784,1072,hex:25b53/364c0,hex:3/2,,
exceptions-08-b0,exceptions-08,exceptions,0.5,price,32,25,2,14,14,2,8,246,hex:1/1f4,TIME_LIMIT,PASS,False,False,False,0.3511371950000921,0.08447940199994264,0.0006613969999307301,0.029336936000163405,4599,723,hex:9dbbf/d9300,hex:9ed1f/d9300,,0
exceptions-08-b0,exceptions-08,exceptions,0.5,scip,32,25,2,14,14,2,8,246,hex:1/1f4,OPTIMIZATION_DEADLINE,PASS,False,False,False,0.35060388099986994,0.10458832200015422,0.0007220510001388902,0.002999512000087634,4544,639,hex:-1/c8,hex:3/2,,0
exceptions-08-b0,exceptions-08,exceptions,0.5,tariff,32,25,2,14,14,2,8,246,hex:1/1f4,EXACT,PASS,True,False,False,0.3011423950001699,0.028695865999907255,0.000729012999954648,0.035870397000053345,6514,903,hex:9dbbf/d9300,hex:9dbbf/d9300,,
exceptions-08-b1,exceptions-08,exceptions,1.5,deficit,32,25,2,14,14,2,8,246,hex:1/1f4,OPTIMIZATION_DEADLINE,PASS,False,False,False,0.943074427000056,0.7018617489998178,0.0006225439999525406,0.002534661000026972,4544,639,hex:-1/c8,hex:3/2,,0
exceptions-08-b1,exceptions-08,exceptions,1.5,enumeration,32,25,2,14,14,2,8,246,hex:1/1f4,EXACT,PASS,True,False,False,0.5698107830000936,0.1896637530001044,0.0014810100001341198,0.14175845499994466,14062,1663,hex:9dbbf/d9300,hex:9dbbf/d9300,,
exceptions-08-b1,exceptions-08,exceptions,1.5,price,32,25,2,14,14,2,8,246,hex:1/1f4,TOLERANCE,PASS,True,False,False,0.39192242600006466,0.12488135599983252,0.0006047310000667494,0.029159825000078854,4605,734,hex:9dbbf/d9300,hex:4f13f9/6c9800,,0
exceptions-08-b1,exceptions-08,exceptions,1.5,scip,32,25,2,14,14,2,8,246,hex:1/1f4,OPTIMIZATION_DEADLINE,PASS,False,False,False,1.0604806989999815,0.8076209339999423,0.0007866619998821989,0.0030130269999517623,4544,639,hex:-1/c8,hex:3/2,,0
exceptions-08-b1,exceptions-08,exceptions,1.5,tariff,32,25,2,14,14,2,8,246,hex:1/1f4,EXACT,PASS,True,False,False,0.3001572559999204,0.028421544000138965,0.000740283999903113,0.03507696299993768,6514,903,hex:9dbbf/d9300,hex:9dbbf/d9300,,
exceptions-08-b2,exceptions-08,exceptions,3.0,deficit,32,25,2,14,14,2,8,246,hex:1/1f4,TOLERANCE,,False,False,True,3.0063009899999997,1.237869923000062,0.012172028000122737,,134555,20384,hex:9dbbf/d9300,hex:62ceff/87be00,,
exceptions-08-b2,exceptions-08,exceptions,3.0,enumeration,32,25,2,14,14,2,8,246,hex:1/1f4,EXACT,PASS,True,False,False,0.5704598160000387,0.18886615099995652,0.0014975710000726394,0.14202389000001858,14062,1663,hex:9dbbf/d9300,hex:9dbbf/d9300,,
exceptions-08-b2,exceptions-08,exceptions,3.0,price,32,25,2,14,14,2,8,246,hex:1/1f4,TOLERANCE,PASS,True,False,False,0.3959044890000314,0.12874447599983796,0.0006081779999931314,0.02930414299999029,4605,734,hex:9dbbf/d9300,hex:4f13f9/6c9800,,0
exceptions-08-b2,exceptions-08,exceptions,3.0,scip,32,25,2,14,14,2,8,246,hex:1/1f4,NUMERICAL_optimal,PASS_LOWER_ONLY,False,True,False,1.2156907379999211,0.9576573530000587,0.001075392000075226,0.006631206000065504,4711,769,hex:9dbbf/d9300,,0.7262578687050361,
exceptions-08-b2,exceptions-08,exceptions,3.0,tariff,32,25,2,14,14,2,8,246,hex:1/1f4,EXACT,PASS,True,False,False,0.3012346680000064,0.028423304999932952,0.0007226819998322753,0.035049190999870916,6514,903,hex:9dbbf/d9300,hex:9dbbf/d9300,,
exceptions-09-b0,exceptions-09,exceptions,0.5,deficit,8,9,4,7,7,2,6,52,hex:1/14,TOLERANCE,,False,False,True,0.5029367690001436,0.05538994499988803,0.0018462939999608352,,21021,3434,hex:35c7/11300,hex:85ab/22600,,
exceptions-09-b0,exceptions-09,exceptions,0.5,enumeration,8,9,4,7,7,2,6,52,hex:1/14,EXACT,PASS,True,False,False,0.338528709000002,0.059128960000180086,0.0012492679998103995,0.042295216999946206,11572,1011,hex:35c7/11300,hex:35c7/11300,,
exceptions-09-b0,exceptions-09,exceptions,0.5,price,8,9,4,7,7,2,6,52,hex:1/14,TOLERANCE,PASS,True,False,False,0.24976564799999323,0.005749105999939275,0.00036317899980531365,0.007361753000168392,1657,492,hex:3047/11300,hex:3887/11300,,0
exceptions-09-b0,exceptions-09,exceptions,0.5,scip,8,9,4,7,7,2,6,52,hex:1/14,OPTIMIZATION_DEADLINE,PASS,False,False,False,0.349576006999996,0.10588243799998054,0.0005010179997952946,0.0010225329999684618,1561,459,hex:-1/64,hex:3/2,,0
exceptions-09-b0,exceptions-09,exceptions,0.5,tariff,8,9,4,7,7,2,6,52,hex:1/14,EXACT,PASS,True,False,False,0.24796212399996875,0.0037023259999386937,0.0004943349999848579,0.0077577729998665745,2997,702,hex:35c7/11300,hex:35c7/11300,,
exceptions-09-b1,exceptions-09,exceptions,1.5,deficit,8,9,4,7,7,2,6,52,hex:1/14,TOLERANCE,PASS,True,False,False,0.6707452589998866,0.053270690000090326,0.0016915439998683723,0.37963950000016666,21021,3434,hex:35c7/11300,hex:85ab/22600,,
exceptions-09-b1,exceptions-09,exceptions,1.5,enumeration,8,9,4,7,7,2,6,52,hex:1/14,EXACT,PASS,True,False,False,0.33839282400003867,0.058401588999913656,0.0012600970001130918,0.04189491900001485,11572,1011,hex:35c7/11300,hex:35c7/11300,,
exceptions-09-b1,exceptions-09,exceptions,1.5,price,8,9,4,7,7,2,6,52,hex:1/14,TOLERANCE,PASS,True,False,False,0.24990130299988778,0.0054353489999812155,0.0003894190001574316,0.007418748999953095,1657,492,hex:3047/11300,hex:3887/11300,,0
exceptions-09-b1,exceptions-09,exceptions,1.5,scip,8,9,4,7,7,2,6,52,hex:1/14,NUMERICAL_gaplimit,PASS_LOWER_ONLY,False,True,False,0.38330120099999476,0.1291103230000772,0.0005592969998815533,0.005181163000088418,1643,522,hex:3047/11300,,0.201940882034632,
exceptions-09-b1,exceptions-09,exceptions,1.5,tariff,8,9,4,7,7,2,6,52,hex:1/14,EXACT,PASS,True,False,False,0.24663357899999028,0.0036770490000890277,0.0004875130000527861,0.007698713999843676,2997,702,hex:35c7/11300,hex:35c7/11300,,
exceptions-09-b2,exceptions-09,exceptions,3.0,deficit,8,9,4,7,7,2,6,52,hex:1/14,TOLERANCE,PASS,True,False,False,0.6736494320000475,0.05343136099986623,0.0017840179998529493,0.3790857149999738,21021,3434,hex:35c7/11300,hex:85ab/22600,,
exceptions-09-b2,exceptions-09,exceptions,3.0,enumeration,8,9,4,7,7,2,6,52,hex:1/14,EXACT,PASS,True,False,False,0.34156032100008815,0.05959025299989662,0.0012625520000710821,0.043099791999793524,11572,1011,hex:35c7/11300,hex:35c7/11300,,
exceptions-09-b2,exceptions-09,exceptions,3.0,price,8,9,4,7,7,2,6,52,hex:1/14,TOLERANCE,PASS,True,False,False,0.2495273229999384,0.0055034559998148325,0.00037502099985431414,0.0074498769999991055,1657,492,hex:3047/11300,hex:3887/11300,,0
exceptions-09-b2,exceptions-09,exceptions,3.0,scip,8,9,4,7,7,2,6,52,hex:1/14,NUMERICAL_gaplimit,PASS_LOWER_ONLY,False,True,False,0.3801186670000334,0.12787723700012066,0.0005954839998594252,0.00521778200004519,1643,522,hex:3047/11300,,0.201940882034632,
exceptions-09-b2,exceptions-09,exceptions,3.0,tariff,8,9,4,7,7,2,6,52,hex:1/14,EXACT,PASS,True,False,False,0.24755121499993038,0.003680526000152895,0.00046392799981731514,0.007679967999820292,2997,702,hex:35c7/11300,hex:35c7/11300,,
exceptions-10-b0,exceptions-10,exceptions,0.5,deficit,16,9,4,12,12,2,7,38,hex:1/14,TOLERANCE,,False,False,True,0.5029819300000327,0.05317237199983538,0.0014586970000891597,,18057,2985,hex:5e1d/d480,hex:66fb/d480,,
exceptions-10-b0,exceptions-10,exceptions,0.5,enumeration,16,9,4,12,12,2,7,38,hex:1/14,TIME_LIMIT,PASS,False,False,False,0.3110147649999817,0.06784076899998581,0.0009806240000216349,0.0016268939998553833,8393,941,hex:5e1d/d480,hex:3/2,,
exceptions-10-b0,exceptions-10,exceptions,0.5,price,16,9,4,12,12,2,7,38,hex:1/14,TOLERANCE,PASS,True,False,False,0.25868452500003514,0.012534731000187094,0.0004321279998293903,0.009652188000018214,2498,546,hex:5aed/d480,hex:614d/d480,,0
exceptions-10-b0,exceptions-10,exceptions,0.5,scip,16,9,4,12,12,2,7,38,hex:1/14,OPTIMIZATION_DEADLINE,PASS,False,False,False,0.3499456869999449,0.10355156100013119,0.0005056959998910315,0.0016483829999742738,2432,512,hex:-3/c8,hex:3/2,,0
exceptions-10-b0,exceptions-10,exceptions,0.5,tariff,16,9,4,12,12,2,7,38,hex:1/14,EXACT,PASS,True,False,False,0.24977596799999446,0.004957383999908416,0.0005824200000006385,0.009073494999938703,3996,756,hex:5e1d/d480,hex:5e1d/d480,,
exceptions-10-b1,exceptions-10,exceptions,1.5,deficit,16,9,4,12,12,2,7,38,hex:1/14,TOLERANCE,PASS,True,False,False,0.836460476999946,0.05319724899982248,0.0014665730000160693,0.542194655000003,18057,2985,hex:5e1d/d480,hex:66fb/d480,,
exceptions-10-b1,exceptions-10,exceptions,1.5,enumeration,16,9,4,12,12,2,7,38,hex:1/14,EXACT,PASS,True,False,False,0.460885271999814,0.14129256299997905,0.001589553000030719,0.08029093899995132,14837,1245,hex:5e1d/d480,hex:5e1d/d480,,
exceptions-10-b1,exceptions-10,exceptions,1.5,price,16,9,4,12,12,2,7,38,hex:1/14,TOLERANCE,PASS,True,False,False,0.25734088600006544,0.012517871000000014,0.0004205759998967551,0.00968606399987948,2498,546,hex:5aed/d480,hex:614d/d480,,0
exceptions-10-b1,exceptions-10,exceptions,1.5,scip,16,9,4,12,12,2,7,38,hex:1/14,NUMERICAL_gaplimit,PASS_LOWER_ONLY,False,True,False,0.38615391999996973,0.13292998299993997,0.0006710750001275301,0.005413173000079041,2485,579,hex:56ad/d480,,0.45591308165057065,
exceptions-10-b1,exceptions-10,exceptions,1.5,tariff,16,9,4,12,12,2,7,38,hex:1/14,EXACT,PASS,True,False,False,0.25172227699999894,0.004929930000116656,0.0005382360000112385,0.009088659000099142,3996,756,hex:5e1d/d480,hex:5e1d/d480,,
exceptions-10-b2,exceptions-10,exceptions,3.0,deficit,16,9,4,12,12,2,7,38,hex:1/14,TOLERANCE,PASS,True,False,False,0.8420774010000969,0.05337064300010752,0.0015090720000898727,0.5480583809999189,18057,2985,hex:5e1d/d480,hex:66fb/d480,,
exceptions-10-b2,exceptions-10,exceptions,3.0,enumeration,16,9,4,12,12,2,7,38,hex:1/14,EXACT,PASS,True,False,False,0.4616405039998881,0.14236236500005361,0.001633104999882562,0.08026802599988514,14837,1245,hex:5e1d/d480,hex:5e1d/d480,,
exceptions-10-b2,exceptions-10,exceptions,3.0,price,16,9,4,12,12,2,7,38,hex:1/14,TOLERANCE,PASS,True,False,False,0.2603353260001313,0.01264685199998894,0.00046661300007144746,0.009600235000107205,2498,546,hex:5aed/d480,hex:614d/d480,,0
exceptions-10-b2,exceptions-10,exceptions,3.0,scip,16,9,4,12,12,2,7,38,hex:1/14,NUMERICAL_gaplimit,PASS_LOWER_ONLY,False,True,False,0.38696896400006153,0.13367857399998684,0.000646920000008322,0.005397094000045399,2485,579,hex:56ad/d480,,0.45591308165057065,
exceptions-10-b2,exceptions-10,exceptions,3.0,tariff,16,9,4,12,12,2,7,38,hex:1/14,EXACT,PASS,True,False,False,0.2502618070000153,0.004883684000105859,0.0005572420000135025,0.008950298999934603,3996,756,hex:5e1d/d480,hex:5e1d/d480,,
exceptions-11-b0,exceptions-11,exceptions,0.5,deficit,32,9,4,17,17,2,8,18,hex:1/14,TOLERANCE,,False,False,True,0.5029472250000708,0.04413295700010167,0.0010895980001350836,,11753,1990,hex:1d85/3200,hex:3fa1/6400,,
exceptions-11-b0,exceptions-11,exceptions,0.5,enumeration,32,9,4,17,17,2,8,18,hex:1/14,TIME_LIMIT,PASS,False,False,False,0.3086922150000646,0.0673623900001985,0.0008494489998156496,0.0027127739999741607,7016,984,hex:1e85/3200,hex:3/2,,
exceptions-11-b0,exceptions-11,exceptions,0.5,price,32,9,4,17,17,2,8,18,hex:1/14,TOLERANCE,PASS,True,False,False,0.2750901800000065,0.022768411000015476,0.0005812670001432707,0.013716682999984187,4316,673,hex:1d05/3200,hex:1f85/3200,,0
exceptions-11-b0,exceptions-11,exceptions,0.5,scip,32,9,4,17,17,2,8,18,hex:1/14,OPTIMIZATION_DEADLINE,PASS,False,False,False,0.34493406100000357,0.09608877400000893,0.0006683100000373088,0.002905453000039415,4197,586,hex:-1/19,hex:3/2,,0
exceptions-11-b0,exceptions-11,exceptions,0.5,tariff,32,9,4,17,17,2,8,18,hex:1/14,EXACT,PASS,True,False,False,0.2564570179999919,0.00689329099986935,0.0006907319998390449,0.011325130000159334,5706,889,hex:1e85/3200,hex:1e85/3200,,
exceptions-11-b1,exceptions-11,exceptions,1.5,deficit,32,9,4,17,17,2,8,18,hex:1/14,TOLERANCE,PASS,True,False,False,0.8141673050001828,0.042867111000077784,0.0010619959998621198,0.5298281909999787,11753,1990,hex:1d85/3200,hex:3fa1/6400,,
exceptions-11-b1,exceptions-11,exceptions,1.5,enumeration,32,9,4,17,17,2,8,18,hex:1/14,EXACT,PASS,True,False,False,0.6638434830001643,0.28653123699996286,0.0018892670000241196,0.13527921900004003,16540,1724,hex:1e85/3200,hex:1e85/3200,,
exceptions-11-b1,exceptions-11,exceptions,1.5,price,32,9,4,17,17,2,8,18,hex:1/14,TOLERANCE,PASS,True,False,False,0.27313097299997935,0.02272311699994134,0.0005894230000649259,0.01368467299994336,4316,673,hex:1d05/3200,hex:1f85/3200,,0
exceptions-11-b1,exceptions-11,exceptions,1.5,scip,32,9,4,17,17,2,8,18,hex:1/14,NUMERICAL_gaplimit,PASS_LOWER_ONLY,False,True,False,0.40662550299998657,0.15446147699981339,0.0009693150000202877,0.006360419999964506,4287,711,hex:1c85/3200,,0.6105314700704223,
exceptions-11-b1,exceptions-11,exceptions,1.5,tariff,32,9,4,17,17,2,8,18,hex:1/14,EXACT,PASS,True,False,False,0.25503231300012885,0.00688657399996373,0.0006829569999808882,0.011346719000130179,5706,889,hex:1e85/3200,hex:1e85/3200,,
exceptions-11-b2,exceptions-11,exceptions,3.0,deficit,32,9,4,17,17,2,8,18,hex:1/14,TOLERANCE,PASS,True,False,False,0.8151345839999067,0.0428444120000222,0.0010780579998481699,0.5316608220000489,11753,1990,hex:1d85/3200,hex:3fa1/6400,,
exceptions-11-b2,exceptions-11,exceptions,3.0,enumeration,32,9,4,17,17,2,8,18,hex:1/14,EXACT,PASS,True,False,False,0.664276806000089,0.28575864000004003,0.0018213410000953445,0.13594540700000834,16540,1724,hex:1e85/3200,hex:1e85/3200,,
exceptions-11-b2,exceptions-11,exceptions,3.0,price,32,9,4,17,17,2,8,18,hex:1/14,TOLERANCE,PASS,True,False,False,0.2733402250000836,0.022646844000064448,0.0005672120000781433,0.013644418000012593,4316,673,hex:1d05/3200,hex:1f85/3200,,0
exceptions-11-b2,exceptions-11,exceptions,3.0,scip,32,9,4,17,17,2,8,18,hex:1/14,NUMERICAL_gaplimit,PASS_LOWER_ONLY,False,True,False,0.4090894370001479,0.15483521700002711,0.0009562200000345911,0.006314773999974932,4287,711,hex:1c85/3200,,0.6105314700704223,
exceptions-11-b2,exceptions-11,exceptions,3.0,tariff,32,9,4,17,17,2,8,18,hex:1/14,EXACT,PASS,True,False,False,0.25586240200004795,0.006912573999898086,0.0006773679999696469,0.01124304200016013,5706,889,hex:1e85/3200,hex:1e85/3200,,
exceptions-12-b0,exceptions-12,exceptions,0.5,deficit,8,17,4,6,6,2,5,313,hex:1/64,OPTIMIZATION_DEADLINE,PASS,False,False,False,0.33563022099997397,0.09882576400013932,0.00040260400010083686,0.0009149129998604622,1736,484,hex:-1/c8,hex:3/2,,0
exceptions-12-b0,exceptions-12,exceptions,0.5,enumeration,8,17,4,6,6,2,5,313,hex:1/64,TIME_LIMIT,PASS,False,False,False,0.3067758429999685,0.06526714699998593,0.0012728330000300048,0.001098617000025115,11974,1096,hex:c87/3200,hex:3/2,,
exceptions-12-b0,exceptions-12,exceptions,0.5,price,8,17,4,6,6,2,5,313,hex:1/64,TOLERANCE,PASS,True,False,False,0.2728558609999254,0.025494737000144596,0.00037452199990184454,0.010826751999957196,1829,513,hex:c47/3200,hex:cc7/3200,,0
exceptions-12-b0,exceptions-12,exceptions,0.5,scip,8,17,4,6,6,2,5,313,hex:1/64,OPTIMIZATION_DEADLINE,PASS,False,False,False,0.34786667199978183,0.10404873299989958,0.0004852389999996376,0.0010767359999590553,1736,484,hex:-1/c8,hex:3/2,,0
exceptions-12-b0,exceptions-12,exceptions,0.5,tariff,8,17,4,6,6,2,5,313,hex:1/64,EXACT,PASS,True,False,False,0.2564163690001351,0.007156139000016992,0.0005723119998037873,0.011668278000115606,4398,840,hex:c87/3200,hex:c87/3200,,
exceptions-12-b1,exceptions-12,exceptions,1.5,deficit,8,17,4,6,6,2,5,313,hex:1/64,OPTIMIZATION_DEADLINE,PASS,False,False,False,0.9402413459999934,0.6997848609998982,0.0004509339999003714,0.0009139199999026459,1736,484,hex:-1/c8,hex:3/2,,0
exceptions-12-b1,exceptions-12,exceptions,1.5,enumeration,8,17,4,6,6,2,5,313,hex:1/64,TIME_LIMIT,PASS,False,False,False,0.9254526290001195,0.6784085060000962,0.010873963999983971,0.001082915999859324,109417,5574,hex:c87/3200,hex:3/2,,
exceptions-12-b1,exceptions-12,exceptions,1.5,price,8,17,4,6,6,2,5,313,hex:1/64,TOLERANCE,PASS,True,False,False,0.27459218300009525,0.02547536400015815,0.00040493799997420865,0.010856040999897232,1829,513,hex:c47/3200,hex:cc7/3200,,0
exceptions-12-b1,exceptions-12,exceptions,1.5,scip,8,17,4,6,6,2,5,313,hex:1/64,NUMERICAL_optimal,PASS_LOWER_ONLY,False,True,False,0.4969868039997891,0.24499885400018684,0.0006053530000826868,0.005139885999824401,1796,545,hex:c87/3200,,0.25054687499999995,
exceptions-12-b1,exceptions-12,exceptions,1.5,tariff,8,17,4,6,6,2,5,313,hex:1/64,EXACT,PASS,True,False,False,0.25758469099992,0.007118327999933172,0.0005915570000070147,0.011492982999925516,4398,840,hex:c87/3200,hex:c87/3200,,
exceptions-12-b2,exceptions-12,exceptions,3.0,deficit,8,17,4,6,6,2,5,313,hex:1/64,TOLERANCE,,False,False,True,3.005964094000092,1.0447038079998947,0.016614806000006865,,206263,15675,hex:c87/3200,hex:1a03/6400,,
exceptions-12-b2,exceptions-12,exceptions,3.0,enumeration,8,17,4,6,6,2,5,313,hex:1/64,EXACT,PASS,True,False,False,1.4474706060000244,0.706241523000017,0.011183432999814613,0.49200476000009985,112336,5696,hex:c87/3200,hex:c87/3200,,
exceptions-12-b2,exceptions-12,exceptions,3.0,price,8,17,4,6,6,2,5,313,hex:1/64,TOLERANCE,PASS,True,False,False,0.27370983599985266,0.02549783600011324,0.00037726599998677557,0.010866490999887901,1829,513,hex:c47/3200,hex:cc7/3200,,0
exceptions-12-b2,exceptions-12,exceptions,3.0,scip,8,17,4,6,6,2,5,313,hex:1/64,NUMERICAL_optimal,PASS_LOWER_ONLY,False,True,False,0.4989668159998928,0.2455988700000944,0.0006200200000421319,0.005151989000069079,1796,545,hex:c87/3200,,0.25054687499999995,
exceptions-12-b2,exceptions-12,exceptions,3.0,tariff,8,17,4,6,6,2,5,313,hex:1/64,EXACT,PASS,True,False,False,0.25552649499991276,0.007143505999920308,0.0005962360000921763,0.01147166400005517,4398,840,hex:c87/3200,hex:c87/3200,,
exceptions-13-b0,exceptions-13,exceptions,0.5,deficit,16,17,4,10,10,2,7,183,hex:1/64,OPTIMIZATION_DEADLINE,PASS,False,False,False,0.3369540329999836,0.09840018399995643,0.00046103199997560296,0.0014500330000828399,2604,530,hex:-1/64,hex:3/2,,0
exceptions-13-b0,exceptions-13,exceptions,0.5,enumeration,16,17,4,10,10,2,7,183,hex:1/64,TIME_LIMIT,PASS,False,False,False,0.3064870709999923,0.06805812499987951,0.0009705560000838886,0.0016666279998389655,8753,1009,hex:aed/1900,hex:3/2,,
exceptions-13-b0,exceptions-13,exceptions,0.5,price,16,17,4,10,10,2,7,183,hex:1/64,TOLERANCE,PASS,True,False,False,0.2992827309999484,0.04829426799983594,0.0005224070000622305,0.014038475000006656,2679,567,hex:aed/1900,hex:b2d/1900,,0
exceptions-13-b0,exceptions-13,exceptions,0.5,scip,16,17,4,10,10,2,7,183,hex:1/64,OPTIMIZATION_DEADLINE,PASS,False,False,False,0.34945063400004983,0.1043814059999022,0.000543956999990769,0.0017278329999044217,2604,530,hex:-1/64,hex:3/2,,0
exceptions-13-b0,exceptions-13,exceptions,0.5,tariff,16,17,4,10,10,2,7,183,hex:1/64,EXACT,PASS,True,False,False,0.2597909129999607,0.009361704999946596,0.0006506670001726889,0.014039748000186592,5374,879,hex:aed/1900,hex:aed/1900,,
exceptions-13-b1,exceptions-13,exceptions,1.5,deficit,16,17,4,10,10,2,7,183,hex:1/64,OPTIMIZATION_DEADLINE,PASS,False,False,False,0.9403397779999523,0.6998395189998519,0.0005218270000568737,0.0016963840000698838,2604,530,hex:-1/64,hex:3/2,,0
exceptions-13-b1,exceptions-13,exceptions,1.5,enumeration,16,17,4,10,10,2,7,183,hex:1/64,TIME_LIMIT,PASS,False,False,False,0.9182489150000492,0.672754531999999,0.005791218000013032,0.0017117929999130865,60917,3539,hex:aed/1900,hex:3/2,,
exceptions-13-b1,exceptions-13,exceptions,1.5,price,16,17,4,10,10,2,7,183,hex:1/64,TOLERANCE,PASS,True,False,False,0.3022802820000834,0.0507338790000631,0.0005120880000504258,0.014812340999924345,2679,567,hex:aed/1900,hex:b2d/1900,,0
exceptions-13-b1,exceptions-13,exceptions,1.5,scip,16,17,4,10,10,2,7,183,hex:1/64,NUMERICAL_optimal,PASS_LOWER_ONLY,False,True,False,0.4665657340001417,0.21451369500005057,0.0007724060001237376,0.0057077120000030845,2677,604,hex:aed/1900,,0.4370312500000001,
exceptions-13-b1,exceptions-13,exceptions,1.5,tariff,16,17,4,10,10,2,7,183,hex:1/64,EXACT,PASS,True,False,False,0.260766096999987,0.00957307699991361,0.0006405789999917033,0.014183695000156149,5374,879,hex:aed/1900,hex:aed/1900,,
exceptions-13-b2,exceptions-13,exceptions,3.0,deficit,16,17,4,10,10,2,7,183,hex:1/64,TOLERANCE,,False,False,True,3.0051094220000323,0.7835253670000384,0.011811815999863029,,140049,21022,hex:aed/1900,hex:1657/3200,,
exceptions-13-b2,exceptions-13,exceptions,3.0,enumeration,16,17,4,10,10,2,7,183,hex:1/64,TIME_LIMIT,PASS,False,False,False,1.8334281749998809,1.580983371000002,0.013626843000110966,0.0017475800000283925,142561,7404,hex:aed/1900,hex:3/2,,
exceptions-13-b2,exceptions-13,exceptions,3.0,price,16,17,4,10,10,2,7,183,hex:1/64,TOLERANCE,PASS,True,False,False,0.30273487299996305,0.04891174899989892,0.0004998649999379268,0.014067957999941427,2679,567,hex:aed/1900,hex:b2d/1900,,0
exceptions-13-b2,exceptions-13,exceptions,3.0,scip,16,17,4,10,10,2,7,183,hex:1/64,NUMERICAL_optimal,PASS_LOWER_ONLY,False,True,False,0.4712032639999961,0.21584513700008756,0.0007752509998226742,0.0057078519998867705,2677,604,hex:aed/1900,,0.4370312500000001,
exceptions-13-b2,exceptions-13,exceptions,3.0,tariff,16,17,4,10,10,2,7,183,hex:1/64,EXACT,PASS,True,False,False,0.26488241099991683,0.009432363000087207,0.0006848919999811187,0.014159570000174426,5374,879,hex:aed/1900,hex:aed/1900,,
exceptions-14-b0,exceptions-14,exceptions,0.5,deficit,32,17,4,20,20,2,8,88,hex:1/64,OPTIMIZATION_DEADLINE,PASS,False,False,False,0.33812980300012896,0.09839283899987095,0.000593490000028396,0.002397166000037032,4361,627,hex:-3/c8,hex:3/2,,0
exceptions-14-b0,exceptions-14,exceptions,0.5,enumeration,32,17,4,20,20,2,8,88,hex:1/64,TIME_LIMIT,PASS,False,False,False,0.30779097000004185,0.06508056899997428,0.0008484779998525482,0.002861164000023564,7380,1050,hex:28d/47e,hex:3/2,,
exceptions-14-b0,exceptions-14,exceptions,0.5,price,32,17,4,20,20,2,8,88,hex:1/64,TOLERANCE,PASS,True,False,False,0.33272352800008775,0.0731877020000411,0.0006211729998994997,0.02098358900002495,4426,715,hex:2d111/47e00,hex:16a557/23f000,,0
exceptions-14-b0,exceptions-14,exceptions,0.5,scip,32,17,4,20,20,2,8,88,hex:1/64,OPTIMIZATION_DEADLINE,PASS,False,False,False,0.35203486599993994,0.10455677499999183,0.0007109709999895131,0.0029625740000938094,4361,627,hex:-3/c8,hex:3/2,,0
exceptions-14-b0,exceptions-14,exceptions,0.5,tariff,32,17,4,20,20,2,8,88,hex:1/64,EXACT,PASS,True,False,False,0.2724557139999888,0.014458307000040804,0.0007942869999624236,0.01952694200008409,7234,1100,hex:2d111/47e00,hex:2d111/47e00,,
exceptions-14-b1,exceptions-14,exceptions,1.5,deficit,32,17,4,20,20,2,8,88,hex:1/64,TOLERANCE,,False,False,True,1.5042648920000374,0.4745234579997941,0.005858393000153228,,74422,8831,hex:2d111/47e00,hex:5b4fd/8fc00,,
exceptions-14-b1,exceptions-14,exceptions,1.5,enumeration,32,17,4,20,20,2,8,88,hex:1/64,TIME_LIMIT,PASS,False,False,False,0.9141284999998334,0.670310187000041,0.003577303999918513,0.0029198649999671034,35692,3470,hex:2d111/47e00,hex:3/2,,
exceptions-14-b1,exceptions-14,exceptions,1.5,price,32,17,4,20,20,2,8,88,hex:1/64,TOLERANCE,PASS,True,False,False,0.3319378680000682,0.07353199599992877,0.0005946830001448689,0.021040845000015906,4426,715,hex:2d111/47e00,hex:16a557/23f000,,0
exceptions-14-b1,exceptions-14,exceptions,1.5,scip,32,17,4,20,20,2,8,88,hex:1/64,NUMERICAL_optimal,PASS_LOWER_ONLY,False,True,False,0.6670394959999157,0.4127117149998867,0.001001924000092913,0.006517415999951481,4486,758,hex:2d111/47e00,,0.6270142663043479,
exceptions-14-b1,exceptions-14,exceptions,1.5,tariff,32,17,4,20,20,2,8,88,hex:1/64,EXACT,PASS,True,False,False,0.2740910850000091,0.014459608999914053,0.0007971019999786222,0.02189014500004305,7234,1100,hex:2d111/47e00,hex:2d111/47e00,,
exceptions-14-b2,exceptions-14,exceptions,3.0,deficit,32,17,4,20,20,2,8,88,hex:1/64,TOLERANCE,,False,False,True,3.005425533000107,0.47257678300002226,0.005868150999958743,,74422,8831,hex:2d111/47e00,hex:5b4fd/8fc00,,
exceptions-14-b2,exceptions-14,exceptions,3.0,enumeration,32,17,4,20,20,2,8,88,hex:1/64,TIME_LIMIT,PASS,False,False,False,1.820550775999891,1.5697706529999778,0.007242812999948001,0.0029321570000320207,71596,6127,hex:2d111/47e00,hex:3/2,,
exceptions-14-b2,exceptions-14,exceptions,3.0,price,32,17,4,20,20,2,8,88,hex:1/64,TOLERANCE,PASS,True,False,False,0.3326901950001684,0.07421198799988815,0.0005675419999988662,0.021057797000139544,4426,715,hex:2d111/47e00,hex:16a557/23f000,,0
exceptions-14-b2,exceptions-14,exceptions,3.0,scip,32,17,4,20,20,2,8,88,hex:1/64,NUMERICAL_optimal,PASS_LOWER_ONLY,False,True,False,0.6727666609999687,0.4158425799998895,0.0010928320000402891,0.006548067000039737,4486,758,hex:2d111/47e00,,0.6270142663043479,
exceptions-14-b2,exceptions-14,exceptions,3.0,tariff,32,17,4,20,20,2,8,88,hex:1/64,EXACT,PASS,True,False,False,0.27250585899992075,0.014383907000137697,0.0007735379999758152,0.02009551600008308,7234,1100,hex:2d111/47e00,hex:2d111/47e00,,
exceptions-15-b0,exceptions-15,exceptions,0.5,deficit,8,25,4,5,5,2,6,1194,hex:1/1f4,OPTIMIZATION_DEADLINE,PASS,False,False,False,0.3362732790001246,0.09823115199992571,0.00041489599993838056,0.0009962639999230305,1910,509,hex:-1/32,hex:3/2,,0
exceptions-15-b0,exceptions-15,exceptions,0.5,enumeration,8,25,4,5,5,2,6,1194,hex:1/1f4,TIME_LIMIT,PASS,False,False,False,0.3064147760001106,0.06825987900015207,0.0013402880001649464,0.0011752500001875887,13030,1157,hex:43/190,hex:3/2,,
exceptions-15-b0,exceptions-15,exceptions,0.5,price,8,25,4,5,5,2,6,1194,hex:1/1f4,TIME_LIMIT,PASS,False,False,False,0.32078516699994,0.06944939400000294,0.0003828960000191728,0.01499888600005761,1947,537,hex:43/190,hex:3a085/145000,,0
exceptions-15-b0,exceptions-15,exceptions,0.5,scip,8,25,4,5,5,2,6,1194,hex:1/1f4,OPTIMIZATION_DEADLINE,PASS,False,False,False,0.3472798440000133,0.10453333399982512,0.0005374249999476888,0.0011543299999630108,1910,509,hex:-1/32,hex:3/2,,0
exceptions-15-b0,exceptions-15,exceptions,0.5,tariff,8,25,4,5,5,2,6,1194,hex:1/1f4,EXACT,PASS,True,False,False,0.26211803899991537,0.010379802999977983,0.0006699040000057721,0.015234716999884768,5865,919,hex:43/190,hex:43/190,,
exceptions-15-b1,exceptions-15,exceptions,1.5,deficit,8,25,4,5,5,2,6,1194,hex:1/1f4,OPTIMIZATION_DEADLINE,PASS,False,False,False,0.9405874579999818,0.6992898920000243,0.00048792500001582084,0.0009874510001282033,1910,509,hex:-1/32,hex:3/2,,0
exceptions-15-b1,exceptions-15,exceptions,1.5,enumeration,8,25,4,5,5,2,6,1194,hex:1/1f4,TIME_LIMIT,PASS,False,False,False,0.9264359869998771,0.6776507279998896,0.010840225000038117,0.0012393689999044,118216,5814,hex:43/190,hex:3/2,,
exceptions-15-b1,exceptions-15,exceptions,1.5,price,8,25,4,5,5,2,6,1194,hex:1/1f4,TIME_LIMIT,PASS,False,False,False,0.9671737270000449,0.6727186690000053,0.000717282999858071,0.05408513399993353,5572,806,hex:43/190,hex:1c8edf/a28000,,18
exceptions-15-b1,exceptions-15,exceptions,1.5,scip,8,25,4,5,5,2,6,1194,hex:1/1f4,NUMERICAL_gaplimit,PASS_LOWER_ONLY,False,True,False,0.5470280550000552,0.2956660439999723,0.0005956750001132605,0.005140909000147076,1931,555,hex:43/190,,0.1683381142956238,
exceptions-15-b1,exceptions-15,exceptions,1.5,tariff,8,25,4,5,5,2,6,1194,hex:1/1f4,EXACT,PASS,True,False,False,0.26216918400018585,0.010466595000025336,0.0006752540000434237,0.015221031999999468,5865,919,hex:43/190,hex:43/190,,
exceptions-15-b2,exceptions-15,exceptions,3.0,deficit,8,25,4,5,5,2,6,1194,hex:1/1f4,OPTIMIZATION_DEADLINE,PASS,False,False,False,1.8448936209999829,1.6058204530002058,0.0004615849998117483,0.0010253719999582245,1910,509,hex:-1/32,hex:3/2,,0
exceptions-15-b2,exceptions-15,exceptions,3.0,enumeration,8,25,4,5,5,2,6,1194,hex:1/1f4,OPTIMIZATION_DEADLINE,PASS,False,False,False,1.8343885790000058,1.593695413000205,0.0004674159999922267,0.0010160849999465427,1911,521,hex:43/190,hex:3/2,,0
exceptions-15-b2,exceptions-15,exceptions,3.0,price,8,25,4,5,5,2,6,1194,hex:1/1f4,TOLERANCE,PASS,True,False,False,1.4334132930000578,1.1047546759998568,0.0010582700001577905,0.08207130699997833,11234,1026,hex:43/190,hex:6e1e95/28a0000,,19
exceptions-15-b2,exceptions-15,exceptions,3.0,scip,8,25,4,5,5,2,6,1194,hex:1/1f4,NUMERICAL_gaplimit,PASS_LOWER_ONLY,False,True,False,0.5538807950001683,0.30099889399980384,0.0006522809999296442,0.005223147999913635,1931,555,hex:43/190,,0.1683381142956238,
exceptions-15-b2,exceptions-15,exceptions,3.0,tariff,8,25,4,5,5,2,6,1194,hex:1/1f4,EXACT,PASS,True,False,False,0.26588087899995116,0.010548403000029793,0.0006848640000498563,0.015140690999942308,5865,919,hex:43/190,hex:43/190,,
exceptions-16-b0,exceptions-16,exceptions,0.5,deficit,16,25,4,10,10,2,7,903,hex:1/1f4,OPTIMIZATION_DEADLINE,PASS,False,False,False,0.3385407180001039,0.09962714199991751,0.0004971410000962351,0.0015231209999910789,2776,553,hex:-1/c8,hex:3/2,,0
exceptions-16-b0,exceptions-16,exceptions,0.5,enumeration,16,25,4,10,10,2,7,903,hex:1/1f4,TIME_LIMIT,PASS,False,False,False,0.3078970910000862,0.06718925800009856,0.0010440450000714918,0.0018880239999816695,9410,1144,hex:1879d/37780,hex:3/2,,
exceptions-16-b0,exceptions-16,exceptions,0.5,price,16,25,4,10,10,2,7,903,hex:1/1f4,TIME_LIMIT,PASS,False,False,False,0.3323503789999904,0.07283343399990372,0.0005829009999160917,0.019482170999935988,2891,599,hex:17ebd/37780,hex:18c0d/37780,,0
exceptions-16-b0,exceptions-16,exceptions,0.5,scip,16,25,4,10,10,2,7,903,hex:1/1f4,OPTIMIZATION_DEADLINE,PASS,False,False,False,0.3435517579998759,0.09451989099989078,0.0005749069998728373,0.0018073029998504353,2776,553,hex:-1/c8,hex:3/2,,0
exceptions-16-b0,exceptions-16,exceptions,0.5,tariff,16,25,4,10,10,2,7,903,hex:1/1f4,EXACT,PASS,True,False,False,0.27755088000003525,0.01758819199994832,0.0007417589999931806,0.022449943000083294,7080,1071,hex:1879d/37780,hex:1879d/37780,,
exceptions-16-b1,exceptions-16,exceptions,1.5,deficit,16,25,4,10,10,2,7,903,hex:1/1f4,OPTIMIZATION_DEADLINE,PASS,False,False,False,0.9409578990000682,0.6979042140001184,0.000525393000089025,0.0015339509998284484,2776,553,hex:-1/c8,hex:3/2,,0
exceptions-16-b1,exceptions-16,exceptions,1.5,enumeration,16,25,4,10,10,2,7,903,hex:1/1f4,TIME_LIMIT,PASS,False,False,False,0.9192965029999414,0.6757881379999162,0.006252603999882922,0.0018289439999534807,69464,4166,hex:1879d/37780,hex:3/2,,
exceptions-16-b1,exceptions-16,exceptions,1.5,price,16,25,4,10,10,2,7,903,hex:1/1f4,TIME_LIMIT,PASS,False,False,False,0.9915496180001355,0.6694858710000062,0.0008567239999592857,0.07888129200000549,8041,823,hex:1879d/37780,hex:628fcd5/dde0000,,24
exceptions-16-b1,exceptions-16,exceptions,1.5,scip,16,25,4,10,10,2,7,903,hex:1/1f4,NUMERICAL_optimal,PASS_LOWER_ONLY,False,True,False,0.5676727550001033,0.3093510609999157,0.0008264769999186683,0.005873934999954145,2831,618,hex:1879d/37780,,0.4412544014084507,
exceptions-16-b1,exceptions-16,exceptions,1.5,tariff,16,25,4,10,10,2,7,903,hex:1/1f4,EXACT,PASS,True,False,False,0.28328307600008884,0.017260418999967442,0.0008007789999737724,0.02261421999992308,7080,1071,hex:1879d/37780,hex:1879d/37780,,
exceptions-16-b2,exceptions-16,exceptions,3.0,deficit,16,25,4,10,10,2,7,903,hex:1/1f4,OPTIMIZATION_DEADLINE,PASS,False,False,False,1.8466364000000794,1.6010972330000186,0.0005833519999214332,0.0014978639999299048,2776,553,hex:-1/c8,hex:3/2,,0
exceptions-16-b2,exceptions-16,exceptions,3.0,enumeration,16,25,4,10,10,2,7,903,hex:1/1f4,TIME_LIMIT,PASS,False,False,False,1.8345999999999094,1.578327482999839,0.01354894099995363,0.001922388000139108,150566,8008,hex:1879d/37780,hex:3/2,,
exceptions-16-b2,exceptions-16,exceptions,3.0,price,16,25,4,10,10,2,7,903,hex:1/1f4,TOLERANCE,PASS,True,False,False,1.532095064000032,1.1819221329999436,0.0011622550000538467,0.10091963299987583,12838,980,hex:1879d/37780,hex:1894ec1/3778000,,24
exceptions-16-b2,exceptions-16,exceptions,3.0,scip,16,25,4,10,10,2,7,903,hex:1/1f4,NUMERICAL_optimal,PASS_LOWER_ONLY,False,True,False,0.5674092530000507,0.3095673179998357,0.0007694600001286744,0.005728429000100732,2831,618,hex:1879d/37780,,0.4412544014084507,
exceptions-16-b2,exceptions-16,exceptions,3.0,tariff,16,25,4,10,10,2,7,903,hex:1/1f4,EXACT,PASS,True,False,False,0.2791449060000559,0.01691680199996881,0.000774247999970612,0.02257287400016139,7080,1071,hex:1879d/37780,hex:1879d/37780,,
exceptions-17-b0,exceptions-17,exceptions,0.5,deficit,32,25,4,18,18,2,8,437,hex:1/1f4,OPTIMIZATION_DEADLINE,PASS,False,False,False,0.34061442699999134,0.09639553800002432,0.0006298890000380197,0.0025308350000159408,4525,650,hex:-1/64,hex:3/2,,0
exceptions-17-b0,exceptions-17,exceptions,0.5,enumeration,32,25,4,18,18,2,8,437,hex:1/1f4,TIME_LIMIT,PASS,False,False,False,0.3083677429999625,0.06647181000016644,0.0008874499999365071,0.003075914999953966,7632,1094,hex:2087f/3c280,hex:3/2,,
exceptions-17-b0,exceptions-17,exceptions,0.5,price,32,25,4,18,18,2,8,437,hex:1/1f4,TIME_LIMIT,PASS,False,False,False,0.33596048900017195,0.06407262099992295,0.0007312279999496241,0.029246391000015137,4742,787,hex:a92d/11300,hex:b16d/11300,,0
exceptions-17-b0,exceptions-17,exceptions,0.5,scip,32,25,4,18,18,2,8,437,hex:1/1f4,OPTIMIZATION_DEADLINE,PASS,False,False,False,0.34624134499995307,0.09675557200012008,0.0007211699999061238,0.003025611000111894,4525,650,hex:-1/64,hex:3/2,,0
exceptions-17-b0,exceptions-17,exceptions,0.5,tariff,32,25,4,18,18,2,8,437,hex:1/1f4,EXACT,PASS,True,False,False,0.3018953829998736,0.027551318999940122,0.001017003000015393,0.03465932800008886,8672,1303,hex:aead/11300,hex:aead/11300,,
exceptions-17-b1,exceptions-17,exceptions,1.5,deficit,32,25,4,18,18,2,8,437,hex:1/1f4,OPTIMIZATION_DEADLINE,PASS,False,False,False,0.9431615850000981,0.7022796270000526,0.0006335360001230583,0.0025977929999498883,4525,650,hex:-1/64,hex:3/2,,0
exceptions-17-b1,exceptions-17,exceptions,1.5,enumeration,32,25,4,18,18,2,8,437,hex:1/1f4,TIME_LIMIT,PASS,False,False,False,0.9145085060001747,0.6681586090001019,0.003542257000162863,0.0029648980000729352,35269,3600,hex:aead/11300,hex:3/2,,
exceptions-17-b1,exceptions-17,exceptions,1.5,price,32,25,4,18,18,2,8,437,hex:1/1f4,TOLERANCE,PASS,True,False,False,0.4625428480001119,0.19289060200003405,0.0007323010001982766,0.030006202000095072,4658,755,hex:aead/11300,hex:13292f9/1e14000,,0
exceptions-17-b1,exceptions-17,exceptions,1.5,scip,32,25,4,18,18,2,8,437,hex:1/1f4,NUMERICAL_optimal,PASS_LOWER_ONLY,False,True,False,0.9447304819998408,0.6880237979999038,0.0010687189999316615,0.006479883999872982,4632,783,hex:aead/11300,,0.6351846590909089,
exceptions-17-b1,exceptions-17,exceptions,1.5,tariff,32,25,4,18,18,2,8,437,hex:1/1f4,EXACT,PASS,True,False,False,0.30058868800006167,0.02758591399992838,0.0009428039998056192,0.034323560000075304,8672,1303,hex:aead/11300,hex:aead/11300,,
exceptions-17-b2,exceptions-17,exceptions,3.0,deficit,32,25,4,18,18,2,8,437,hex:1/1f4,OPTIMIZATION_DEADLINE,PASS,False,False,False,1.8482241820001946,1.60402010100006,0.0006288269999004115,0.0024685710000085237,4525,650,hex:-1/64,hex:3/2,,0
exceptions-17-b2,exceptions-17,exceptions,3.0,enumeration,32,25,4,18,18,2,8,437,hex:1/1f4,TIME_LIMIT,PASS,False,False,False,1.8221889740000279,1.5728590379999332,0.0071569870001439995,0.0030320470000333444,74769,6212,hex:aead/11300,hex:3/2,,
exceptions-17-b2,exceptions-17,exceptions,3.0,price,32,25,4,18,18,2,8,437,hex:1/1f4,TOLERANCE,PASS,True,False,False,0.4634939470001882,0.1938083820000429,0.0007238149999011512,0.030448340000020835,4658,755,hex:aead/11300,hex:13292f9/1e14000,,0
exceptions-17-b2,exceptions-17,exceptions,3.0,scip,32,25,4,18,18,2,8,437,hex:1/1f4,NUMERICAL_optimal,PASS_LOWER_ONLY,False,True,False,0.9455485280000175,0.68739058999995,0.0010696229999211937,0.0065084029999979975,4632,783,hex:aead/11300,,0.6351846590909089,
exceptions-17-b2,exceptions-17,exceptions,3.0,tariff,32,25,4,18,18,2,8,437,hex:1/1f4,EXACT,PASS,True,False,False,0.30022571400013476,0.027119027000026108,0.000928548000047158,0.03395395200004714,8672,1303,hex:aead/11300,hex:aead/11300,,
exceptions-18-b0,exceptions-18,exceptions,0.5,deficit,8,9,6,6,6,2,5,75,hex:1/14,OPTIMIZATION_DEADLINE,PASS,False,False,False,0.33517813399998886,0.09881194600006893,0.000384829999802605,0.000827199000013934,1556,464,hex:-3/c8,hex:3/2,,0
exceptions-18-b0,exceptions-18,exceptions,0.5,enumeration,8,9,6,6,6,2,5,75,hex:1/14,TIME_LIMIT,PASS,False,False,False,0.3062825619999785,0.0688942809999844,0.0013522210001610802,0.0010135370000625699,12274,1081,hex:8cb/3200,hex:3/2,,
exceptions-18-b0,exceptions-18,exceptions,0.5,price,8,9,6,6,6,2,5,75,hex:1/14,TOLERANCE,PASS,True,False,False,0.2511254180001288,0.005556231000127809,0.0003722670001025108,0.00763972200002172,1632,486,hex:80b/3200,hex:98b/3200,,0
exceptions-18-b0,exceptions-18,exceptions,0.5,scip,8,9,6,6,6,2,5,75,hex:1/14,OPTIMIZATION_DEADLINE,PASS,False,False,False,0.3419856179998533,0.09589247100007015,0.0004390520000470133,0.0009881200001018442,1556,464,hex:-3/c8,hex:3/2,,0
exceptions-18-b0,exceptions-18,exceptions,0.5,tariff,8,9,6,6,6,2,5,75,hex:1/14,EXACT,PASS,True,False,False,0.25162667600011446,0.003984509000019898,0.0005316149999998743,0.008154605000072479,3542,740,hex:8cb/3200,hex:8cb/3200,,
exceptions-18-b1,exceptions-18,exceptions,1.5,deficit,8,9,6,6,6,2,5,75,hex:1/14,TOLERANCE,PASS,True,False,False,0.9649811589999899,0.09461780399988129,0.0033263570001054177,0.6254654340000343,42493,4104,hex:8cb/3200,hex:1637/6400,,
exceptions-18-b1,exceptions-18,exceptions,1.5,enumeration,8,9,6,6,6,2,5,75,hex:1/14,EXACT,PASS,True,False,False,0.48161881200007883,0.1410842809998485,0.0028089689999433176,0.1002637539997977,23124,1562,hex:8cb/3200,hex:8cb/3200,,
exceptions-18-b1,exceptions-18,exceptions,1.5,price,8,9,6,6,6,2,5,75,hex:1/14,TOLERANCE,PASS,True,False,False,0.25373871800002235,0.005419400999926438,0.00037517100008699344,0.007583738999983325,1632,486,hex:80b/3200,hex:98b/3200,,0
exceptions-18-b1,exceptions-18,exceptions,1.5,scip,8,9,6,6,6,2,5,75,hex:1/14,NUMERICAL_optimal,PASS_LOWER_ONLY,False,True,False,0.38172429900009774,0.1297190140001021,0.0005882310001652513,0.0049307100000532955,1608,511,hex:8cb/3200,,0.175859375,
exceptions-18-b1,exceptions-18,exceptions,1.5,tariff,8,9,6,6,6,2,5,75,hex:1/14,EXACT,PASS,True,False,False,0.24786777899998924,0.00396621499999128,0.0005543479999232659,0.007939904000068054,3542,740,hex:8cb/3200,hex:8cb/3200,,
exceptions-18-b2,exceptions-18,exceptions,3.0,deficit,8,9,6,6,6,2,5,75,hex:1/14,TOLERANCE,PASS,True,False,False,0.9618229310001425,0.09341462300017156,0.0033589800000299874,0.6238804320000781,42493,4104,hex:8cb/3200,hex:1637/6400,,
exceptions-18-b2,exceptions-18,exceptions,3.0,enumeration,8,9,6,6,6,2,5,75,hex:1/14,EXACT,PASS,True,False,False,0.48672346200009997,0.14264155499995468,0.0027705099998911464,0.10153495400004431,23124,1562,hex:8cb/3200,hex:8cb/3200,,
exceptions-18-b2,exceptions-18,exceptions,3.0,price,8,9,6,6,6,2,5,75,hex:1/14,TOLERANCE,PASS,True,False,False,0.2548634789998232,0.005406467999819142,0.00039673200012657617,0.007677263000005041,1632,486,hex:80b/3200,hex:98b/3200,,0
exceptions-18-b2,exceptions-18,exceptions,3.0,scip,8,9,6,6,6,2,5,75,hex:1/14,NUMERICAL_optimal,PASS_LOWER_ONLY,False,True,False,0.38297785400004614,0.13192538999987846,0.0006109109999670181,0.005155938999905629,1608,511,hex:8cb/3200,,0.175859375,
exceptions-18-b2,exceptions-18,exceptions,3.0,tariff,8,9,6,6,6,2,5,75,hex:1/14,EXACT,PASS,True,False,False,0.25182632099995317,0.0039880960000573396,0.0005305519998728414,0.008105804000024364,3542,740,hex:8cb/3200,hex:8cb/3200,,
exceptions-19-b0,exceptions-19,exceptions,0.5,deficit,16,9,6,9,9,2,7,51,hex:1/14,TOLERANCE,,False,False,True,0.5030041290001463,0.07983765099993434,0.002676043000064965,,32141,5506,hex:1f25/5140,hex:4647/a280,,
exceptions-19-b0,exceptions-19,exceptions,0.5,enumeration,16,9,6,9,9,2,7,51,hex:1/14,TIME_LIMIT,PASS,False,False,False,0.3069828279999456,0.0658495379998385,0.0009714259999782371,0.0016454159999739204,8317,973,hex:1f25/5140,hex:3/2,,
exceptions-19-b0,exceptions-19,exceptions,0.5,price,16,9,6,9,9,2,7,51,hex:1/14,TOLERANCE,PASS,True,False,False,0.26152045499998167,0.012726733000135937,0.00046083200004432,0.009695146000012755,2498,544,hex:1d85/5140,hex:20c5/5140,,0
exceptions-19-b0,exceptions-19,exceptions,0.5,scip,16,9,6,9,9,2,7,51,hex:1/14,OPTIMIZATION_DEADLINE,PASS,False,False,False,0.34367485599977954,0.09672649499998442,0.0005260729999463365,0.0015860250000514498,2431,511,hex:-1/32,hex:3/2,,0
exceptions-19-b0,exceptions-19,exceptions,0.5,tariff,16,9,6,9,9,2,7,51,hex:1/14,EXACT,PASS,True,False,False,0.25436894400013443,0.005084135000060996,0.0005939109998962522,0.009297492999849055,4536,787,hex:1f25/5140,hex:1f25/5140,,
exceptions-19-b1,exceptions-19,exceptions,1.5,deficit,16,9,6,9,9,2,7,51,hex:1/14,TOLERANCE,PASS,True,False,False,1.103490114999886,0.08002835000002051,0.0026720519999798853,0.7766180099999929,32141,5506,hex:1f25/5140,hex:4647/a280,,
exceptions-19-b1,exceptions-19,exceptions,1.5,enumeration,16,9,6,9,9,2,7,51,hex:1/14,EXACT,PASS,True,False,False,0.727834385000051,0.310924433000082,0.0031817859999137,0.1727936629999931,28328,1907,hex:1f25/5140,hex:1f25/5140,,
exceptions-19-b1,exceptions-19,exceptions,1.5,price,16,9,6,9,9,2,7,51,hex:1/14,TOLERANCE,PASS,True,False,False,0.2638941690001957,0.01293134600018675,0.0004867210000156774,0.009918115999880683,2498,544,hex:1d85/5140,hex:20c5/5140,,0
exceptions-19-b1,exceptions-19,exceptions,1.5,scip,16,9,6,9,9,2,7,51,hex:1/14,NUMERICAL_optimal,PASS_LOWER_ONLY,False,True,False,0.536419584999976,0.2784687360001499,0.0007526389999839012,0.005551692000153707,2501,601,hex:1f25/5140,,0.3833173076923077,
exceptions-19-b1,exceptions-19,exceptions,1.5,tariff,16,9,6,9,9,2,7,51,hex:1/14,EXACT,PASS,True,False,False,0.2549258659998941,0.005078214000150183,0.0006183059999784746,0.00925194699993881,4536,787,hex:1f25/5140,hex:1f25/5140,,
exceptions-19-b2,exceptions-19,exceptions,3.0,deficit,16,9,6,9,9,2,7,51,hex:1/14,TOLERANCE,PASS,True,False,False,1.1022267929999998,0.0797515829999611,0.002646203000040259,0.7783190799998465,32141,5506,hex:1f25/5140,hex:4647/a280,,
exceptions-19-b2,exceptions-19,exceptions,3.0,enumeration,16,9,6,9,9,2,7,51,hex:1/14,EXACT,PASS,True,False,False,0.7335800389998894,0.31186043699995025,0.0031809929998871667,0.17521774899978482,28328,1907,hex:1f25/5140,hex:1f25/5140,,
exceptions-19-b2,exceptions-19,exceptions,3.0,price,16,9,6,9,9,2,7,51,hex:1/14,TOLERANCE,PASS,True,False,False,0.2647670589999507,0.012788654000132738,0.0004946249998738494,0.009842129000162458,2498,544,hex:1d85/5140,hex:20c5/5140,,0
exceptions-19-b2,exceptions-19,exceptions,3.0,scip,16,9,6,9,9,2,7,51,hex:1/14,NUMERICAL_optimal,PASS_LOWER_ONLY,False,True,False,0.5340233409999655,0.2784635929999695,0.0007856700001411809,0.005575604999876305,2501,601,hex:1f25/5140,,0.3833173076923077,
exceptions-19-b2,exceptions-19,exceptions,3.0,tariff,16,9,6,9,9,2,7,51,hex:1/14,EXACT,PASS,True,False,False,0.2917665689999467,0.005069278000064514,0.0006307899998319044,0.009242066000069826,4536,787,hex:1f25/5140,hex:1f25/5140,,
exceptions-20-b0,exceptions-20,exceptions,0.5,deficit,32,9,6,18,18,2,8,25,hex:1/14,TOLERANCE,,False,False,True,0.5031668100000388,0.058291111000016826,0.0017233959999884974,,20024,3801,hex:64ef/a5a0,hex:6ce7/a5a0,,
exceptions-20-b0,exceptions-20,exceptions,0.5,enumeration,32,9,6,18,18,2,8,25,hex:1/14,TIME_LIMIT,PASS,False,False,False,0.30974213100012093,0.05710815699990235,0.0008977599998161168,0.002846015999921292,6543,941,hex:65c3/a5a0,hex:3/2,,
exceptions-20-b0,exceptions-20,exceptions,0.5,price,32,9,6,18,18,2,8,25,hex:1/14,TOLERANCE,PASS,True,False,False,0.27979459400012274,0.016562075999900117,0.0006827380000231642,0.014334216999941418,4442,700,hex:13db/2120,hex:6697/a5a0,,0
exceptions-20-b0,exceptions-20,exceptions,0.5,scip,32,9,6,18,18,2,8,25,hex:1/14,OPTIMIZATION_DEADLINE,PASS,False,False,False,0.3461084000000483,0.09572099100000742,0.0006822570001077111,0.002738956000030157,4186,592,hex:-1/c8,hex:3/2,,0
exceptions-20-b0,exceptions-20,exceptions,0.5,tariff,32,9,6,18,18,2,8,25,hex:1/14,EXACT,PASS,True,False,False,0.26911434600015127,0.007504544000084934,0.0008624639999652572,0.012217814999985421,6368,979,hex:65c3/a5a0,hex:65c3/a5a0,,
exceptions-20-b1,exceptions-20,exceptions,1.5,deficit,32,9,6,18,18,2,8,25,hex:1/14,TOLERANCE,PASS,True,False,False,1.0506046990001323,0.058288605999905485,0.0017344259999845235,0.7502248109999528,20024,3801,hex:64ef/a5a0,hex:6ce7/a5a0,,
exceptions-20-b1,exceptions-20,exceptions,1.5,enumeration,32,9,6,18,18,2,8,25,hex:1/14,TIME_LIMIT,PASS,False,False,False,0.9152933450000091,0.6695003249999445,0.0032930230001966265,0.002853449999975055,29661,2403,hex:65c3/a5a0,hex:3/2,,
exceptions-20-b1,exceptions-20,exceptions,1.5,price,32,9,6,18,18,2,8,25,hex:1/14,TOLERANCE,PASS,True,False,False,0.27206066999997347,0.016626817000087613,0.0006220139998731611,0.014323856999908458,4442,700,hex:13db/2120,hex:6697/a5a0,,0
exceptions-20-b1,exceptions-20,exceptions,1.5,scip,32,9,6,18,18,2,8,25,hex:1/14,NUMERICAL_optimal,PASS_LOWER_ONLY,False,True,False,0.46264971499999774,0.204806784000084,0.001086602999976094,0.006540119999954186,4262,716,hex:65c3/a5a0,,0.6144103773584906,
exceptions-20-b1,exceptions-20,exceptions,1.5,tariff,32,9,6,18,18,2,8,25,hex:1/14,EXACT,PASS,True,False,False,0.2600964880000447,0.007185045999904105,0.000742799999898125,0.011595510999995895,6368,979,hex:65c3/a5a0,hex:65c3/a5a0,,
exceptions-20-b2,exceptions-20,exceptions,3.0,deficit,32,9,6,18,18,2,8,25,hex:1/14,TOLERANCE,PASS,True,False,False,1.093741977000036,0.06433893000007629,0.001690632999952868,0.7891017279998778,20024,3801,hex:64ef/a5a0,hex:6ce7/a5a0,,
exceptions-20-b2,exceptions-20,exceptions,3.0,enumeration,32,9,6,18,18,2,8,25,hex:1/14,EXACT,PASS,True,False,False,1.1948778659998425,0.6749366460001056,0.0034249679999902582,0.2768520769998304,30278,2426,hex:65c3/a5a0,hex:65c3/a5a0,,
exceptions-20-b2,exceptions-20,exceptions,3.0,price,32,9,6,18,18,2,8,25,hex:1/14,TOLERANCE,PASS,True,False,False,0.27009929200016813,0.016674458000125014,0.0005799550001484022,0.014052322999987155,4442,700,hex:13db/2120,hex:6697/a5a0,,0
exceptions-20-b2,exceptions-20,exceptions,3.0,scip,32,9,6,18,18,2,8,25,hex:1/14,NUMERICAL_optimal,PASS_LOWER_ONLY,False,True,False,0.4639201929999217,0.2068448489999355,0.0010064640000564395,0.0064601900000980095,4262,716,hex:65c3/a5a0,,0.6144103773584906,
exceptions-20-b2,exceptions-20,exceptions,3.0,tariff,32,9,6,18,18,2,8,25,hex:1/14,EXACT,PASS,True,False,False,0.262549288999935,0.00732994800000597,0.0007555039999260771,0.011843954999903872,6368,979,hex:65c3/a5a0,hex:65c3/a5a0,,
exceptions-21-b0,exceptions-21,exceptions,0.5,deficit,8,17,6,6,6,2,6,274,hex:1/64,OPTIMIZATION_DEADLINE,PASS,False,False,False,0.3353761669998221,0.07904607699992994,0.00040581899997960136,0.0009291480000683805,1730,486,hex:-1/64,hex:3/2,,0
exceptions-21-b0,exceptions-21,exceptions,0.5,enumeration,8,17,6,6,6,2,6,274,hex:1/64,TIME_LIMIT,PASS,False,False,False,0.3071634800000993,0.06851085599987528,0.0014806700000917772,0.001300552999964566,13701,1205,hex:1f49/ed80,hex:3/2,,
exceptions-21-b0,exceptions-21,exceptions,0.5,price,8,17,6,6,6,2,6,274,hex:1/64,TOLERANCE,PASS,True,False,False,0.2717138440000326,0.025313231999916752,0.00038955900004111754,0.010707433999868954,1828,517,hex:1f49/ed80,hex:21a9/ed80,,0
exceptions-21-b0,exceptions-21,exceptions,0.5,scip,8,17,6,6,6,2,6,274,hex:1/64,OPTIMIZATION_DEADLINE,PASS,False,False,False,0.34190751699998145,0.09583105199999409,0.00045930900000712427,0.0010966220002046612,1730,486,hex:-1/64,hex:3/2,,0
exceptions-21-b0,exceptions-21,exceptions,0.5,tariff,8,17,6,6,6,2,6,274,hex:1/64,EXACT,PASS,True,False,False,0.2547097680001116,0.007337738999922294,0.0006706949998260825,0.011570158000040465,5915,831,hex:1f49/ed80,hex:1f49/ed80,,
exceptions-21-b1,exceptions-21,exceptions,1.5,deficit,8,17,6,6,6,2,6,274,hex:1/64,OPTIMIZATION_DEADLINE,PASS,False,False,False,0.9407924649999586,0.7000096550000308,0.00045429000010699383,0.0009352500001114095,1730,486,hex:-1/64,hex:3/2,,0
exceptions-21-b1,exceptions-21,exceptions,1.5,enumeration,8,17,6,6,6,2,6,274,hex:1/64,TIME_LIMIT,PASS,False,False,False,0.9285763279999628,0.6757779269998991,0.011638244999858216,0.0011540089999471093,118513,6044,hex:1f49/ed80,hex:3/2,,
exceptions-21-b1,exceptions-21,exceptions,1.5,price,8,17,6,6,6,2,6,274,hex:1/64,TOLERANCE,PASS,True,False,False,0.27358293999986927,0.025249282000004314,0.00042181899993920524,0.010878154000010909,1828,517,hex:1f49/ed80,hex:21a9/ed80,,0
exceptions-21-b1,exceptions-21,exceptions,1.5,scip,8,17,6,6,6,2,6,274,hex:1/64,NUMERICAL_optimal,PASS_LOWER_ONLY,False,True,False,0.4440451090001716,0.19263435400011986,0.0006027379999977711,0.005162178000091444,1812,554,hex:1f49/ed80,,0.13172697368421055,
exceptions-21-b1,exceptions-21,exceptions,1.5,tariff,8,17,6,6,6,2,6,274,hex:1/64,EXACT,PASS,True,False,False,0.2558066700000836,0.007359420000057071,0.0006859630000235484,0.011771464000048582,5915,831,hex:1f49/ed80,hex:1f49/ed80,,
exceptions-21-b2,exceptions-21,exceptions,3.0,deficit,8,17,6,6,6,2,6,274,hex:1/64,TOLERANCE,,False,False,True,3.005972730000167,1.3527458660000775,0.026048637000030794,,339597,52162,hex:1f49/ed80,hex:c8e7/59100,,
exceptions-21-b2,exceptions-21,exceptions,3.0,enumeration,8,17,6,6,6,2,6,274,hex:1/64,OPTIMIZATION_DEADLINE,PASS,False,False,False,1.8331693060001726,1.5943781820001277,0.00043939300007878046,0.0009752150001531845,1776,505,hex:1f49/ed80,hex:3/2,,0
exceptions-21-b2,exceptions-21,exceptions,3.0,price,8,17,6,6,6,2,6,274,hex:1/64,TOLERANCE,PASS,True,False,False,0.27200154199999815,0.02541938000013033,0.0003847600000881357,0.010773398000083034,1828,517,hex:1f49/ed80,hex:21a9/ed80,,0
exceptions-21-b2,exceptions-21,exceptions,3.0,scip,8,17,6,6,6,2,6,274,hex:1/64,NUMERICAL_optimal,PASS_LOWER_ONLY,False,True,False,0.44315973199991276,0.19209915300007196,0.000569103999850995,0.005115141000032963,1812,554,hex:1f49/ed80,,0.13172697368421055,
exceptions-21-b2,exceptions-21,exceptions,3.0,tariff,8,17,6,6,6,2,6,274,hex:1/64,EXACT,PASS,True,False,False,0.2563566500000434,0.007344642000134627,0.0006868950001717167,0.01153959099997337,5915,831,hex:1f49/ed80,hex:1f49/ed80,,
exceptions-22-b0,exceptions-22,exceptions,0.5,deficit,16,17,6,11,11,2,6,239,hex:1/64,OPTIMIZATION_DEADLINE,PASS,False,False,False,0.3371466890000647,0.09824406399980035,0.0005064780000338942,0.0014340830000492133,2605,531,hex:-d/c8,hex:3/2,,0
exceptions-22-b0,exceptions-22,exceptions,0.5,enumeration,16,17,6,11,11,2,6,239,hex:1/64,TIME_LIMIT,PASS,False,False,False,0.30776211000011244,0.06619373800003814,0.00109289500005616,0.0017879650001759728,8541,1060,hex:931/1900,hex:3/2,,
exceptions-22-b0,exceptions-22,exceptions,0.5,price,16,17,6,11,11,2,6,239,hex:1/64,TIME_LIMIT,PASS,False,False,False,0.3243789910000032,0.07124140300015824,0.0004630569999335421,0.014936876000092525,2664,570,hex:931/1900,hex:2628d/64000,,0
exceptions-22-b0,exceptions-22,exceptions,0.5,scip,16,17,6,11,11,2,6,239,hex:1/64,OPTIMIZATION_DEADLINE,PASS,False,False,False,0.3489237429998866,0.10420121899983315,0.0005283190000682225,0.0017158600001039304,2605,531,hex:-d/c8,hex:3/2,,0
exceptions-22-b0,exceptions-22,exceptions,0.5,tariff,16,17,6,11,11,2,6,239,hex:1/64,EXACT,PASS,True,False,False,0.2630281340000238,0.010536282999964897,0.0007888659999935044,0.015154824000092049,6816,1083,hex:931/1900,hex:931/1900,,
exceptions-22-b1,exceptions-22,exceptions,1.5,deficit,16,17,6,11,11,2,6,239,hex:1/64,OPTIMIZATION_DEADLINE,PASS,False,False,False,0.9406036509999467,0.699871112999972,0.0005191980001200136,0.0014641410000422184,2605,531,hex:-d/c8,hex:3/2,,0
exceptions-22-b1,exceptions-22,exceptions,1.5,enumeration,16,17,6,11,11,2,6,239,hex:1/64,TIME_LIMIT,PASS,False,False,False,0.9197750619998715,0.6737757299999885,0.006169368999962899,0.0016863459998148755,62700,3864,hex:931/1900,hex:3/2,,
exceptions-22-b1,exceptions-22,exceptions,1.5,price,16,17,6,11,11,2,6,239,hex:1/64,TOLERANCE,PASS,True,False,False,0.638513243000034,0.3593500110000605,0.0006982669999615609,0.037956676000021616,4725,720,hex:931/1900,hex:12e09/32000,,11
exceptions-22-b1,exceptions-22,exceptions,1.5,scip,16,17,6,11,11,2,6,239,hex:1/64,NUMERICAL_optimal,PASS_LOWER_ONLY,False,True,False,0.5209453350000786,0.26516458099990814,0.0008070999999745254,0.005764093999914621,2704,604,hex:931/1900,,0.3676562500000001,
exceptions-22-b1,exceptions-22,exceptions,1.5,tariff,16,17,6,11,11,2,6,239,hex:1/64,EXACT,PASS,True,False,False,0.2630100290000428,0.010705249000011463,0.0007496029998037557,0.015279338000027565,6816,1083,hex:931/1900,hex:931/1900,,
exceptions-22-b2,exceptions-22,exceptions,3.0,deficit,16,17,6,11,11,2,6,239,hex:1/64,TOLERANCE,,False,False,True,3.006050306999896,1.4956633730000704,0.026534472999856007,,278280,43923,hex:931/1900,hex:3899/9600,,
exceptions-22-b2,exceptions-22,exceptions,3.0,enumeration,16,17,6,11,11,2,6,239,hex:1/64,TIME_LIMIT,PASS,False,False,False,1.8343368089999785,1.581467506000081,0.014214439000170387,0.0017220629999883386,144932,7822,hex:931/1900,hex:3/2,,
exceptions-22-b2,exceptions-22,exceptions,3.0,price,16,17,6,11,11,2,6,239,hex:1/64,TOLERANCE,PASS,True,False,False,0.6353276209999876,0.35608975000013743,0.0006817250000494823,0.03758514199989804,4725,720,hex:931/1900,hex:12e09/32000,,11
exceptions-22-b2,exceptions-22,exceptions,3.0,scip,16,17,6,11,11,2,6,239,hex:1/64,NUMERICAL_optimal,PASS_LOWER_ONLY,False,True,False,0.5234269239999776,0.2677891760001785,0.000805486999979621,0.0057298230001379125,2704,604,hex:931/1900,,0.3676562500000001,
exceptions-22-b2,exceptions-22,exceptions,3.0,tariff,16,17,6,11,11,2,6,239,hex:1/64,EXACT,PASS,True,False,False,0.26576784400003817,0.010778950000030818,0.0007722450000073877,0.015299890000051164,6816,1083,hex:931/1900,hex:931/1900,,
exceptions-23-b0,exceptions-23,exceptions,0.5,deficit,32,17,6,17,17,2,8,123,hex:1/64,OPTIMIZATION_DEADLINE,PASS,False,False,False,0.3390987810000752,0.09499983899991093,0.0006327429998691514,0.002406188000122711,4338,624,hex:-1/32,hex:3/2,,0
exceptions-23-b0,exceptions-23,exceptions,0.5,enumeration,32,17,6,17,17,2,8,123,hex:1/64,TIME_LIMIT,PASS,False,False,False,0.30757069399987813,0.06662943499986795,0.0009065039998858992,0.002869353999813029,7526,1092,hex:26b/460,hex:3/2,,
exceptions-23-b0,exceptions-23,exceptions,0.5,price,32,17,6,17,17,2,8,123,hex:1/64,TOLERANCE,PASS,True,False,False,0.33664669299992056,0.0728734770000301,0.0006984649999139947,0.0216310959999646,4465,710,hex:8a323/f0a00,hex:45ee15/785000,,0
exceptions-23-b0,exceptions-23,exceptions,0.5,scip,32,17,6,17,17,2,8,123,hex:1/64,OPTIMIZATION_DEADLINE,PASS,False,False,False,0.3458466329998373,0.09825976100000844,0.0007190450000962301,0.0028985040000861773,4338,624,hex:-1/32,hex:3/2,,0
exceptions-23-b0,exceptions-23,exceptions,0.5,tariff,32,17,6,17,17,2,8,123,hex:1/64,EXACT,PASS,True,False,False,0.28169298399984655,0.016239297999845803,0.0009800430000268534,0.02166142399983073,8830,1237,hex:8a323/f0a00,hex:8a323/f0a00,,
exceptions-23-b1,exceptions-23,exceptions,1.5,deficit,32,17,6,17,17,2,8,123,hex:1/64,OPTIMIZATION_DEADLINE,PASS,False,False,False,0.9424430760000178,0.6924397170000702,0.0006325930000912194,0.0024077909999959957,4338,624,hex:-1/32,hex:3/2,,0
exceptions-23-b1,exceptions-23,exceptions,1.5,enumeration,32,17,6,17,17,2,8,123,hex:1/64,TIME_LIMIT,PASS,False,False,False,0.9148304980001285,0.6624411180000607,0.0036595709998437087,0.002888588999894637,35968,3467,hex:8a323/f0a00,hex:3/2,,
exceptions-23-b1,exceptions-23,exceptions,1.5,price,32,17,6,17,17,2,8,123,hex:1/64,TOLERANCE,PASS,True,False,False,0.3338027709999096,0.07236262299988994,0.0006810540000969922,0.021442363999994996,4465,710,hex:8a323/f0a00,hex:45ee15/785000,,0
exceptions-23-b1,exceptions-23,exceptions,1.5,scip,32,17,6,17,17,2,8,123,hex:1/64,NUMERICAL_gaplimit,PASS_LOWER_ONLY,False,True,False,0.7204917589999695,0.46239587500008383,0.0010368399998696987,0.006556696999950873,4470,748,hex:2237/3c28,,0.5743212256493506,
exceptions-23-b1,exceptions-23,exceptions,1.5,tariff,32,17,6,17,17,2,8,123,hex:1/64,EXACT,PASS,True,False,False,0.2778876359998321,0.015906170999869573,0.0008799059999091696,0.021229340999980195,8830,1237,hex:8a323/f0a00,hex:8a323/f0a00,,
exceptions-23-b2,exceptions-23,exceptions,3.0,deficit,32,17,6,17,17,2,8,123,hex:1/64,TOLERANCE,,False,False,True,3.0060539660000813,0.8994479199998295,0.01149354500012123,,168036,17483,hex:8a323/f0a00,hex:21b2d/39c00,,
exceptions-23-b2,exceptions-23,exceptions,3.0,enumeration,32,17,6,17,17,2,8,123,hex:1/64,TIME_LIMIT,PASS,False,False,False,1.8230432340001244,1.5739877249998244,0.007270673999983046,0.0030879779999395396,72840,6005,hex:8a323/f0a00,hex:3/2,,
exceptions-23-b2,exceptions-23,exceptions,3.0,price,32,17,6,17,17,2,8,123,hex:1/64,TOLERANCE,PASS,True,False,False,0.3337134559999413,0.07209226600002694,0.0006881779997911508,0.021397064999973736,4465,710,hex:8a323/f0a00,hex:45ee15/785000,,0
exceptions-23-b2,exceptions-23,exceptions,3.0,scip,32,17,6,17,17,2,8,123,hex:1/64,NUMERICAL_gaplimit,PASS_LOWER_ONLY,False,True,False,0.7188674520000404,0.4622819430001073,0.0010328519999802666,0.006558280000035666,4470,748,hex:2237/3c28,,0.5743212256493506,
exceptions-23-b2,exceptions-23,exceptions,3.0,tariff,32,17,6,17,17,2,8,123,hex:1/64,EXACT,PASS,True,False,False,0.2781127169998854,0.01592744100003074,0.0008866690000104427,0.021358232000011412,8830,1237,hex:8a323/f0a00,hex:8a323/f0a00,,
exceptions-24-b0,exceptions-24,exceptions,0.5,deficit,8,25,6,7,7,2,5,1877,hex:1/1f4,OPTIMIZATION_DEADLINE,PASS,False,False,False,0.3371048719998271,0.09511730700000953,0.000444310999910158,0.000986095000143905,1906,496,hex:-1/c8,hex:3/2,,0
exceptions-24-b0,exceptions-24,exceptions,0.5,enumeration,8,25,6,7,7,2,5,1877,hex:1/1f4,TIME_LIMIT,PASS,False,False,False,0.3077922980000949,0.0676676180000868,0.0014455650000400055,0.0012201229999391217,13283,1153,hex:23fb/b540,hex:3/2,,
exceptions-24-b0,exceptions-24,exceptions,0.5,price,8,25,6,7,7,2,5,1877,hex:1/1f4,TIME_LIMIT,PASS,False,False,False,0.3290864400000828,0.07327829599989855,0.0005089020000923483,0.01654308199999832,1979,531,hex:23fb/b540,hex:24e3/b540,,0
exceptions-24-b0,exceptions-24,exceptions,0.5,scip,8,25,6,7,7,2,5,1877,hex:1/1f4,OPTIMIZATION_DEADLINE,PASS,False,False,False,0.342607998999938,0.09509270100011236,0.00047084099992389383,0.0011508430000048975,1906,496,hex:-1/c8,hex:3/2,,0
exceptions-24-b0,exceptions-24,exceptions,0.5,tariff,8,25,6,7,7,2,5,1877,hex:1/1f4,EXACT,PASS,True,False,False,0.2717218799998591,0.013882034000062049,0.0008187319999706233,0.018930579999960173,8288,1080,hex:23fb/b540,hex:23fb/b540,,
exceptions-24-b1,exceptions-24,exceptions,1.5,deficit,8,25,6,7,7,2,5,1877,hex:1/1f4,OPTIMIZATION_DEADLINE,PASS,False,False,False,0.9401180370000475,0.6999911630000497,0.00044123499992565485,0.0009790220001377747,1906,496,hex:-1/c8,hex:3/2,,0
exceptions-24-b1,exceptions-24,exceptions,1.5,enumeration,8,25,6,7,7,2,5,1877,hex:1/1f4,TIME_LIMIT,PASS,False,False,False,0.9276830009998775,0.6764501269999528,0.010831805999941935,0.0012671110000610497,118484,5746,hex:23fb/b540,hex:3/2,,
exceptions-24-b1,exceptions-24,exceptions,1.5,price,8,25,6,7,7,2,5,1877,hex:1/1f4,TIME_LIMIT,PASS,False,False,False,1.0053409110000757,0.6671800719998373,0.000857084000017494,0.09279278700000759,8478,837,hex:23fb/b540,hex:24997f/b54000,,19
exceptions-24-b1,exceptions-24,exceptions,1.5,scip,8,25,6,7,7,2,5,1877,hex:1/1f4,NUMERICAL_gaplimit,PASS_LOWER_ONLY,False,True,False,0.5634673839999778,0.30949547399995936,0.0006169839998619864,0.005251987000065128,1970,576,hex:23fb/b540,,0.19886672041096806,
exceptions-24-b1,exceptions-24,exceptions,1.5,tariff,8,25,6,7,7,2,5,1877,hex:1/1f4,EXACT,PASS,True,False,False,0.2720904590000828,0.013957264000055147,0.0008200549998491624,0.019004757999937283,8288,1080,hex:23fb/b540,hex:23fb/b540,,
exceptions-24-b2,exceptions-24,exceptions,3.0,deficit,8,25,6,7,7,2,5,1877,hex:1/1f4,OPTIMIZATION_DEADLINE,PASS,False,False,False,1.8444715349999115,1.60411797200004,0.0004671840001719829,0.001090780999902563,1906,496,hex:-1/c8,hex:3/2,,0
exceptions-24-b2,exceptions-24,exceptions,3.0,enumeration,8,25,6,7,7,2,5,1877,hex:1/1f4,OPTIMIZATION_DEADLINE,PASS,False,False,False,1.8333994600000096,1.5930626070000926,0.00045749599985356326,0.0010266709998631995,1950,530,hex:23fb/b540,hex:3/2,,0
exceptions-24-b2,exceptions-24,exceptions,3.0,price,8,25,6,7,7,2,5,1877,hex:1/1f4,TOLERANCE,PASS,True,False,False,1.5575037339999653,1.1895011899998735,0.0012993809998533834,0.11809823800012964,14646,1076,hex:23fb/b540,hex:9154f/2d5000,,21
exceptions-24-b2,exceptions-24,exceptions,3.0,scip,8,25,6,7,7,2,5,1877,hex:1/1f4,NUMERICAL_gaplimit,PASS_LOWER_ONLY,False,True,False,0.5640473739999834,0.3082648440001776,0.0006696929999634449,0.005421673999990162,1970,576,hex:23fb/b540,,0.19886672041096806,
exceptions-24-b2,exceptions-24,exceptions,3.0,tariff,8,25,6,7,7,2,5,1877,hex:1/1f4,EXACT,PASS,True,False,False,0.27066069700003936,0.014055157000029794,0.0008324670000092738,0.019006269999863434,8288,1080,hex:23fb/b540,hex:23fb/b540,,
exceptions-25-b0,exceptions-25,exceptions,0.5,deficit,16,25,6,11,11,2,7,1211,hex:1/1f4,OPTIMIZATION_DEADLINE,PASS,False,False,False,0.3375275519999832,0.09525674199994683,0.00047875499990368553,0.00157274299999699,2784,552,hex:-1/64,hex:3/2,,0
exceptions-25-b0,exceptions-25,exceptions,0.5,enumeration,16,25,6,11,11,2,7,1211,hex:1/1f4,TIME_LIMIT,PASS,False,False,False,0.30762794200018106,0.06593181600010212,0.000988159000144151,0.0018462739999449695,9114,1146,hex:4585/b540,hex:3/2,,
exceptions-25-b0,exceptions-25,exceptions,0.5,price,16,25,6,11,11,2,7,1211,hex:1/1f4,TIME_LIMIT,PASS,False,False,False,0.33627410700000837,0.0761643499999991,0.0005041330000494781,0.021376744999997754,2842,581,hex:4585/b540,hex:4755/b540,,0
exceptions-25-b0,exceptions-25,exceptions,0.5,scip,16,25,6,11,11,2,7,1211,hex:1/1f4,OPTIMIZATION_DEADLINE,PASS,False,False,False,0.3498094320000291,0.10392710399992211,0.0005673619998560753,0.0018567340000572585,2784,552,hex:-1/64,hex:3/2,,0
exceptions-25-b0,exceptions-25,exceptions,0.5,tariff,16,25,6,11,11,2,7,1211,hex:1/1f4,EXACT,PASS,True,False,False,0.28208281700017324,0.01808470700007092,0.000917385999855469,0.023800338999990345,9342,1394,hex:4585/b540,hex:4585/b540,,
exceptions-25-b1,exceptions-25,exceptions,1.5,deficit,16,25,6,11,11,2,7,1211,hex:1/1f4,OPTIMIZATION_DEADLINE,PASS,False,False,False,0.9419565939999757,0.6995364549998158,0.0005320860000210814,0.0015297810000447498,2784,552,hex:-1/64,hex:3/2,,0
exceptions-25-b1,exceptions-25,exceptions,1.5,enumeration,16,25,6,11,11,2,7,1211,hex:1/1f4,TIME_LIMIT,PASS,False,False,False,0.9201136120000228,0.6752661740001713,0.006241152000029615,0.001889513999913106,67540,4369,hex:4585/b540,hex:3/2,,
exceptions-25-b1,exceptions-25,exceptions,1.5,price,16,25,6,11,11,2,7,1211,hex:1/1f4,TIME_LIMIT,PASS,False,False,False,1.0004284219999136,0.6762834370001656,0.0007185839999692689,0.08196792700005062,6108,790,hex:4585/b540,hex:47075d/b54000,,16
exceptions-25-b1,exceptions-25,exceptions,1.5,scip,16,25,6,11,11,2,7,1211,hex:1/1f4,NUMERICAL_optimal,PASS_LOWER_ONLY,False,True,False,0.43502479700009644,0.18047816800003602,0.0007569560000320052,0.005713249000109499,2878,655,hex:4585/b540,,0.38355603448275855,
exceptions-25-b1,exceptions-25,exceptions,1.5,tariff,16,25,6,11,11,2,7,1211,hex:1/1f4,EXACT,PASS,True,False,False,0.2799904930000139,0.017950595000002068,0.000901626999848304,0.023638486999971065,9342,1394,hex:4585/b540,hex:4585/b540,,
exceptions-25-b2,exceptions-25,exceptions,3.0,deficit,16,25,6,11,11,2,7,1211,hex:1/1f4,OPTIMIZATION_DEADLINE,PASS,False,False,False,1.8458938969999963,1.603395268999975,0.0005175589999453223,0.001531935999992129,2784,552,hex:-1/64,hex:3/2,,0
exceptions-25-b2,exceptions-25,exceptions,3.0,enumeration,16,25,6,11,11,2,7,1211,hex:1/1f4,TIME_LIMIT,PASS,False,False,False,1.834498640999982,1.5761331660000906,0.013958303999970667,0.0018857780000871571,149710,8499,hex:4585/b540,hex:3/2,,
exceptions-25-b2,exceptions-25,exceptions,3.0,price,16,25,6,11,11,2,7,1211,hex:1/1f4,TOLERANCE,PASS,True,False,False,1.8825991090000116,1.5296738330000608,0.0011642179999853397,0.10299269899996943,12357,1026,hex:4585/b540,hex:d1651/21fc00,,22
exceptions-25-b2,exceptions-25,exceptions,3.0,scip,16,25,6,11,11,2,7,1211,hex:1/1f4,NUMERICAL_optimal,PASS_LOWER_ONLY,False,True,False,0.43811150300007284,0.18290262199980134,0.0007940650000364258,0.005790683999975954,2878,655,hex:4585/b540,,0.38355603448275855,
exceptions-25-b2,exceptions-25,exceptions,3.0,tariff,16,25,6,11,11,2,7,1211,hex:1/1f4,EXACT,PASS,True,False,False,0.29308590400000867,0.01837632699994174,0.0010126539998509543,0.024208263999980772,9342,1394,hex:4585/b540,hex:4585/b540,,
exceptions-26-b0,exceptions-26,exceptions,0.5,deficit,32,25,6,18,18,2,8,613,hex:1/1f4,OPTIMIZATION_DEADLINE,PASS,False,False,False,0.3404666530000213,0.09532323899998119,0.0006494950000615063,0.0024829349999890837,4524,635,hex:-3/c8,hex:3/2,,0
exceptions-26-b0,exceptions-26,exceptions,0.5,enumeration,32,25,6,18,18,2,8,613,hex:1/1f4,TIME_LIMIT,PASS,False,False,False,0.3091065220000928,0.06538057900002059,0.0009649059998082521,0.0030681399998684356,7647,1069,hex:e86d/1d7e0,hex:3/2,,
exceptions-26-b0,exceptions-26,exceptions,0.5,price,32,25,6,18,18,2,8,613,hex:1/1f4,TIME_LIMIT,PASS,False,False,False,0.35514193899985,0.08410277699999824,0.0007613939999373542,0.02957173499999044,4712,750,hex:85cc5/ebf00,hex:8ce05/ebf00,,0
exceptions-26-b0,exceptions-26,exceptions,0.5,scip,32,25,6,18,18,2,8,613,hex:1/1f4,OPTIMIZATION_DEADLINE,PASS,False,False,False,0.3456670129999111,0.09566222199987351,0.0006983959999615763,0.003045418000056088,4524,635,hex:-3/c8,hex:3/2,,0
exceptions-26-b0,exceptions-26,exceptions,0.5,tariff,32,25,6,18,18,2,8,613,hex:1/1f4,EXACT,PASS,True,False,False,0.3022842190000574,0.02750110199986011,0.0011351939999713068,0.03407585200011454,11438,1386,hex:89565/ebf00,hex:89565/ebf00,,
exceptions-26-b1,exceptions-26,exceptions,1.5,deficit,32,25,6,18,18,2,8,613,hex:1/1f4,OPTIMIZATION_DEADLINE,PASS,False,False,False,0.9436611200001153,0.7002809040000102,0.0006282159999955184,0.0025428280000596715,4524,635,hex:-3/c8,hex:3/2,,0
exceptions-26-b1,exceptions-26,exceptions,1.5,enumeration,32,25,6,18,18,2,8,613,hex:1/1f4,TIME_LIMIT,PASS,False,False,False,0.9139223730001049,0.665125622000005,0.0037540339999395655,0.003020079999942027,35387,3542,hex:89565/ebf00,hex:3/2,,
exceptions-26-b1,exceptions-26,exceptions,1.5,price,32,25,6,18,18,2,8,613,hex:1/1f4,TIME_LIMIT,PASS,False,False,False,1.0343463619999511,0.6796597749998909,0.000838609000084034,0.1090941519998978,6574,826,hex:89565/ebf00,hex:44ed405/75f8000,,10
exceptions-26-b1,exceptions-26,exceptions,1.5,scip,32,25,6,18,18,2,8,613,hex:1/1f4,NUMERICAL_optimal,PASS_LOWER_ONLY,False,True,False,0.7496387670000786,0.48643658600008166,0.0011141539998789085,0.006787959999883242,4643,750,hex:89565/ebf00,,0.5820912665562914,
exceptions-26-b1,exceptions-26,exceptions,1.5,tariff,32,25,6,18,18,2,8,613,hex:1/1f4,EXACT,PASS,True,False,False,0.3056368710001607,0.027916437999920163,0.0011416160000408127,0.03429104500014546,11438,1386,hex:89565/ebf00,hex:89565/ebf00,,
exceptions-26-b2,exceptions-26,exceptions,3.0,deficit,32,25,6,18,18,2,8,613,hex:1/1f4,OPTIMIZATION_DEADLINE,PASS,False,False,False,1.8489294119999613,1.600541425999836,0.0006568270000570919,0.002519935999998779,4524,635,hex:-3/c8,hex:3/2,,0
exceptions-26-b2,exceptions-26,exceptions,3.0,enumeration,32,25,6,18,18,2,8,613,hex:1/1f4,TIME_LIMIT,PASS,False,False,False,1.82291501099985,1.5666728510000212,0.008008757999959926,0.0030204610000055254,77368,6553,hex:89565/ebf00,hex:3/2,,
exceptions-26-b2,exceptions-26,exceptions,3.0,price,32,25,6,18,18,2,8,613,hex:1/1f4,TOLERANCE,PASS,True,False,False,1.050831713999969,0.7117399029998523,0.0008631449998119933,0.09118071900002178,6689,840,hex:89565/ebf00,hex:44b8bb/75f800,,11
exceptions-26-b2,exceptions-26,exceptions,3.0,scip,32,25,6,18,18,2,8,613,hex:1/1f4,NUMERICAL_optimal,PASS_LOWER_ONLY,False,True,False,0.7487863320000088,0.48572602099989126,0.0010363700000652898,0.006595791000108875,4643,750,hex:89565/ebf00,,0.5820912665562914,
exceptions-26-b2,exceptions-26,exceptions,3.0,tariff,32,25,6,18,18,2,8,613,hex:1/1f4,EXACT,PASS,True,False,False,0.30834272900006,0.027369845999828613,0.0011499209999783488,0.033986464999998134,11438,1386,hex:89565/ebf00,hex:89565/ebf00,,
exceptions-27-b0,exceptions-27,exceptions,0.5,deficit,8,9,2,7,7,2,5,30,hex:1/14,TOLERANCE,PASS,True,False,False,0.4650220510000054,0.021869424999977127,0.000844819999883839,0.19792775299993082,6431,1247,hex:6f4d/22600,hex:10901/44c00,,
exceptions-27-b0,exceptions-27,exceptions,0.5,enumeration,8,9,2,7,7,2,5,30,hex:1/14,EXACT,PASS,True,False,False,0.26453739299995505,0.01157786099997793,0.0005532859997856576,0.009046495000120558,2570,569,hex:6f4d/22600,hex:6f4d/22600,,
exceptions-27-b0,exceptions-27,exceptions,0.5,price,8,9,2,7,7,2,5,30,hex:1/14,TOLERANCE,PASS,True,False,False,0.2551516140001695,0.005374203999963356,0.0004536989999905927,0.007492768000020078,1634,488,hex:5ecd/22600,hex:7a4d/22600,,0
exceptions-27-b0,exceptions-27,exceptions,0.5,scip,8,9,2,7,7,2,5,30,hex:1/14,OPTIMIZATION_DEADLINE,PASS,False,False,False,0.34309461599991664,0.08992597299993577,0.00046070200005488005,0.0010000510001191287,1563,461,hex:-1/32,hex:3/2,,0
exceptions-27-b0,exceptions-27,exceptions,0.5,tariff,8,9,2,7,7,2,5,30,hex:1/14,EXACT,PASS,True,False,False,0.2556756440001209,0.0035078729999895586,0.00045201600005384535,0.007688876000202072,2304,605,hex:6f4d/22600,hex:6f4d/22600,,
exceptions-27-b1,exceptions-27,exceptions,1.5,deficit,8,9,2,7,7,2,5,30,hex:1/14,TOLERANCE,PASS,True,False,False,0.46670381700005237,0.02201291400001537,0.0007946770001581172,0.1989711459998489,6431,1247,hex:6f4d/22600,hex:10901/44c00,,
exceptions-27-b1,exceptions-27,exceptions,1.5,enumeration,8,9,2,7,7,2,5,30,hex:1/14,EXACT,PASS,True,False,False,0.2637117589999889,0.011418704000107027,0.0005110760000661685,0.00887764000003699,2570,569,hex:6f4d/22600,hex:6f4d/22600,,
exceptions-27-b1,exceptions-27,exceptions,1.5,price,8,9,2,7,7,2,5,30,hex:1/14,TOLERANCE,PASS,True,False,False,0.2527807680000933,0.0053453909999916505,0.00037836800015611516,0.007395566999775838,1634,488,hex:5ecd/22600,hex:7a4d/22600,,0
exceptions-27-b1,exceptions-27,exceptions,1.5,scip,8,9,2,7,7,2,5,30,hex:1/14,NUMERICAL_gaplimit,PASS_LOWER_ONLY,False,True,False,0.3921514770001977,0.13276555100014775,0.0006037390000983578,0.005035771999928329,1622,533,hex:5ecd/22600,,0.21743401510490382,
exceptions-27-b1,exceptions-27,exceptions,1.5,tariff,8,9,2,7,7,2,5,30,hex:1/14,EXACT,PASS,True,False,False,0.25293087899990496,0.003592220999962592,0.0004350639999302075,0.007591022000042358,2304,605,hex:6f4d/22600,hex:6f4d/22600,,
exceptions-27-b2,exceptions-27,exceptions,3.0,deficit,8,9,2,7,7,2,5,30,hex:1/14,TOLERANCE,PASS,True,False,False,0.4627721520000705,0.0220050089999404,0.0008132620000651514,0.19835709799986034,6431,1247,hex:6f4d/22600,hex:10901/44c00,,
exceptions-27-b2,exceptions-27,exceptions,3.0,enumeration,8,9,2,7,7,2,5,30,hex:1/14,EXACT,PASS,True,False,False,0.2661813859999711,0.011377615999890622,0.0005236790000253677,0.008994016000087868,2570,569,hex:6f4d/22600,hex:6f4d/22600,,
exceptions-27-b2,exceptions-27,exceptions,3.0,price,8,9,2,7,7,2,5,30,hex:1/14,TOLERANCE,PASS,True,False,False,0.2595701769998868,0.005571843999859993,0.0003869229999509116,0.007531851000067036,1634,488,hex:5ecd/22600,hex:7a4d/22600,,0
exceptions-27-b2,exceptions-27,exceptions,3.0,scip,8,9,2,7,7,2,5,30,hex:1/14,NUMERICAL_gaplimit,PASS_LOWER_ONLY,False,True,False,0.39104058900011296,0.1334233550001045,0.0006312610000804852,0.005082860000129585,1622,533,hex:5ecd/22600,,0.21743401510490382,
exceptions-27-b2,exceptions-27,exceptions,3.0,tariff,8,9,2,7,7,2,5,30,hex:1/14,EXACT,PASS,True,False,False,0.25588678600001913,0.0034895379999397846,0.0005128889999923558,0.007637128000169469,2304,605,hex:6f4d/22600,hex:6f4d/22600,,
exceptions-28-b0,exceptions-28,exceptions,0.5,deficit,16,9,2,9,9,2,6,18,hex:1/14,TOLERANCE,PASS,False,False,True,0.502803872999948,0.02296182800000679,0.0008456220000425674,0.23816425999984858,5820,1212,hex:1444f/2fa80,hex:2c1c9/5f500,,
exceptions-28-b0,exceptions-28,exceptions,0.5,enumeration,16,9,2,9,9,2,6,18,hex:1/14,EXACT,PASS,True,False,False,0.27914633099999264,0.019724931999917317,0.0006416710000394232,0.016454694000003656,3894,690,hex:1444f/2fa80,hex:1444f/2fa80,,
exceptions-28-b0,exceptions-28,exceptions,0.5,price,16,9,2,9,9,2,6,18,hex:1/14,TOLERANCE,PASS,True,False,False,0.2608875319999697,0.008849456000007194,0.0004614930001025641,0.009522556000092663,2549,548,hex:1444f/2fa80,hex:1481f/2fa80,,0
exceptions-28-b0,exceptions-28,exceptions,0.5,scip,16,9,2,9,9,2,6,18,hex:1/14,OPTIMIZATION_DEADLINE,PASS,False,False,False,0.3442157560000396,0.09038221200012231,0.000556781999875966,0.001618006999933641,2438,507,hex:-1/c8,hex:3/2,,0
exceptions-28-b0,exceptions-28,exceptions,0.5,tariff,16,9,2,9,9,2,6,18,hex:1/14,EXACT,PASS,True,False,False,0.25674050299994633,0.0045160990000567836,0.0005202429999826563,0.008739339999920048,3232,654,hex:1444f/2fa80,hex:1444f/2fa80,,
exceptions-28-b1,exceptions-28,exceptions,1.5,deficit,16,9,2,9,9,2,6,18,hex:1/14,TOLERANCE,PASS,True,False,False,0.5022765820001496,0.022657589000118605,0.000791551000020263,0.23719941500007735,5820,1212,hex:1444f/2fa80,hex:2c1c9/5f500,,
exceptions-28-b1,exceptions-28,exceptions,1.5,enumeration,16,9,2,9,9,2,6,18,hex:1/14,EXACT,PASS,True,False,False,0.280348229999845,0.019591712999954325,0.0006524009997974645,0.01650435699980335,3894,690,hex:1444f/2fa80,hex:1444f/2fa80,,
exceptions-28-b1,exceptions-28,exceptions,1.5,price,16,9,2,9,9,2,6,18,hex:1/14,TOLERANCE,PASS,True,False,False,0.2623984079998536,0.00902600699987488,0.000475600000072518,0.009666374000062206,2549,548,hex:1444f/2fa80,hex:1481f/2fa80,,0
exceptions-28-b1,exceptions-28,exceptions,1.5,scip,16,9,2,9,9,2,6,18,hex:1/14,NUMERICAL_optimal,PASS_LOWER_ONLY,False,True,False,0.40850112499992974,0.14949059500008843,0.0007782060001773061,0.005735099000048649,2558,610,hex:1444f/2fa80,,0.4253227459016394,
exceptions-28-b1,exceptions-28,exceptions,1.5,tariff,16,9,2,9,9,2,6,18,hex:1/14,EXACT,PASS,True,False,False,0.2580897679999907,0.004557345999955942,0.000496448999911081,0.008716667000044254,3232,654,hex:1444f/2fa80,hex:1444f/2fa80,,
exceptions-28-b2,exceptions-28,exceptions,3.0,deficit,16,9,2,9,9,2,6,18,hex:1/14,TOLERANCE,PASS,True,False,False,0.504566369000031,0.02286367499982589,0.0007735070000762789,0.2381532290000905,5820,1212,hex:1444f/2fa80,hex:2c1c9/5f500,,
exceptions-28-b2,exceptions-28,exceptions,3.0,enumeration,16,9,2,9,9,2,6,18,hex:1/14,EXACT,PASS,True,False,False,0.2807039760000407,0.019664358999989417,0.0006616979999307659,0.016518843999847377,3894,690,hex:1444f/2fa80,hex:1444f/2fa80,,
exceptions-28-b2,exceptions-28,exceptions,3.0,price,16,9,2,9,9,2,6,18,hex:1/14,TOLERANCE,PASS,True,False,False,0.26096341299989945,0.008953259999998409,0.00047110200011957204,0.0095196100000976,2549,548,hex:1444f/2fa80,hex:1481f/2fa80,,0
exceptions-28-b2,exceptions-28,exceptions,3.0,scip,16,9,2,9,9,2,6,18,hex:1/14,NUMERICAL_optimal,PASS_LOWER_ONLY,False,True,False,0.4056712410001637,0.1484894620000432,0.0007365779999872757,0.005620905999876413,2558,610,hex:1444f/2fa80,,0.4253227459016394,
exceptions-28-b2,exceptions-28,exceptions,3.0,tariff,16,9,2,9,9,2,6,18,hex:1/14,EXACT,PASS,True,False,False,0.25851628500004153,0.004547246999891286,0.0005083309999918129,0.008724390999987008,3232,654,hex:1444f/2fa80,hex:1444f/2fa80,,
exceptions-29-b0,exceptions-29,exceptions,0.5,deficit,32,9,2,16,16,2,7,10,hex:1/14,TOLERANCE,,False,False,True,0.5028919849999056,0.02735449599981621,0.0007528579999416252,,6257,1136,hex:846d3/c6700,hex:1159cf/18ce00,,
exceptions-29-b0,exceptions-29,exceptions,0.5,enumeration,32,9,2,16,16,2,7,10,hex:1/14,EXACT,PASS,True,False,False,0.3071772430000692,0.034614147999946,0.0008355329998721572,0.02937482600009389,5663,860,hex:846d3/c6700,hex:846d3/c6700,,
exceptions-29-b0,exceptions-29,exceptions,0.5,price,32,9,2,16,16,2,7,10,hex:1/14,TOLERANCE,PASS,True,False,False,0.2747958220002147,0.015772047000155,0.0006001429999287211,0.013666306999994049,4307,696,hex:846d3/c6700,hex:86693/c6700,,0
exceptions-29-b0,exceptions-29,exceptions,0.5,scip,32,9,2,16,16,2,7,10,hex:1/14,OPTIMIZATION_DEADLINE,PASS,False,False,False,0.3457586130000436,0.09026787800007696,0.0007055600001422135,0.002808433999916815,4179,606,hex:-1/64,hex:3/2,,0
exceptions-29-b0,exceptions-29,exceptions,0.5,tariff,32,9,2,16,16,2,7,10,hex:1/14,EXACT,PASS,True,False,False,0.2639419059999,0.006536709000101837,0.0006592939998881775,0.011137396000094668,5022,832,hex:846d3/c6700,hex:846d3/c6700,,
exceptions-29-b1,exceptions-29,exceptions,1.5,deficit,32,9,2,16,16,2,7,10,hex:1/14,TOLERANCE,PASS,True,False,False,0.5675420190000295,0.027151021999998193,0.0008061280000219995,0.2949644640000315,6257,1136,hex:846d3/c6700,hex:1159cf/18ce00,,
exceptions-29-b1,exceptions-29,exceptions,1.5,enumeration,32,9,2,16,16,2,7,10,hex:1/14,EXACT,PASS,True,False,False,0.3051190599999245,0.034391455999866594,0.000819543000034173,0.029120366000142894,5663,860,hex:846d3/c6700,hex:846d3/c6700,,
exceptions-29-b1,exceptions-29,exceptions,1.5,price,32,9,2,16,16,2,7,10,hex:1/14,TOLERANCE,PASS,True,False,False,0.27660588999992797,0.016048220999891782,0.0006928059999609104,0.013806979000037245,4307,696,hex:846d3/c6700,hex:86693/c6700,,0
exceptions-29-b1,exceptions-29,exceptions,1.5,scip,32,9,2,16,16,2,7,10,hex:1/14,NUMERICAL_optimal,PASS_LOWER_ONLY,False,True,False,0.4793777830000181,0.2195746740001141,0.0010057920001145249,0.006525016000068717,4291,735,hex:846d3/c6700,,0.6673462106299214,
exceptions-29-b1,exceptions-29,exceptions,1.5,tariff,32,9,2,16,16,2,7,10,hex:1/14,EXACT,PASS,True,False,False,0.2614321260000452,0.006785403000094448,0.0006556069999987812,0.010952188000146634,5022,832,hex:846d3/c6700,hex:846d3/c6700,,
exceptions-29-b2,exceptions-29,exceptions,3.0,deficit,32,9,2,16,16,2,7,10,hex:1/14,TOLERANCE,PASS,True,False,False,0.5667277169998215,0.027125935000185564,0.0008280889999241481,0.2916473379998479,6257,1136,hex:846d3/c6700,hex:1159cf/18ce00,,
exceptions-29-b2,exceptions-29,exceptions,3.0,enumeration,32,9,2,16,16,2,7,10,hex:1/14,EXACT,PASS,True,False,False,0.3098711889999777,0.0339726919999066,0.0008249340000929806,0.028846862999898804,5663,860,hex:846d3/c6700,hex:846d3/c6700,,
exceptions-29-b2,exceptions-29,exceptions,3.0,price,32,9,2,16,16,2,7,10,hex:1/14,TOLERANCE,PASS,True,False,False,0.2749200869998276,0.01609016999987034,0.0006862339998860989,0.013714775999915219,4307,696,hex:846d3/c6700,hex:86693/c6700,,0
exceptions-29-b2,exceptions-29,exceptions,3.0,scip,32,9,2,16,16,2,7,10,hex:1/14,NUMERICAL_optimal,PASS_LOWER_ONLY,False,True,False,0.48854976999996325,0.22373446500000682,0.0010699110000587098,0.006746760999931212,4291,735,hex:846d3/c6700,,0.6673462106299214,
exceptions-29-b2,exceptions-29,exceptions,3.0,tariff,32,9,2,16,16,2,7,10,hex:1/14,EXACT,PASS,True,False,False,0.2669840819999081,0.006616165999957957,0.0006717369999478251,0.011243362999948658,5022,832,hex:846d3/c6700,hex:846d3/c6700,,
standard-00-b0,standard-00,standard,0.5,deficit,8,9,2,8,8,0,6,28,hex:1/14,TOLERANCE,PASS,True,False,False,0.4372048940001605,0.020330423999894265,0.0007154899999477493,0.1781806779999897,6236,1276,hex:6e99/20080,hex:10195/40100,,
standard-00-b0,standard-00,standard,0.5,enumeration,8,9,2,8,8,0,6,28,hex:1/14,EXACT,PASS,True,False,False,0.2589171829999941,0.011163997000039672,0.0004985920002127386,0.009451054000010117,2582,559,hex:6e99/20080,hex:6e99/20080,,
standard-00-b0,standard-00,standard,0.5,price,8,9,2,8,8,0,6,28,hex:1/14,TOLERANCE,PASS,True,False,False,0.25083115600000383,0.005446634999998423,0.00036282900009609875,0.007424146999937875,1644,483,hex:6e99/20080,hex:7129/20080,,0
standard-00-b0,standard-00,standard,0.5,scip,8,9,2,8,8,0,6,28,hex:1/14,OPTIMIZATION_DEADLINE,PASS,False,False,False,0.34198893300003874,0.08964552399993408,0.00044089499988331227,0.001050954999982423,1571,455,hex:-1/c8,hex:3/2,,0
standard-00-b0,standard-00,standard,0.5,tariff,8,9,2,8,8,0,6,28,hex:1/14,EXACT,PASS,True,False,False,0.25077560800014,0.0031600699999216886,0.00037317800001801515,0.0070974820000628824,1810,545,hex:6e99/20080,hex:6e99/20080,,
standard-00-b1,standard-00,standard,1.5,deficit,8,9,2,8,8,0,6,28,hex:1/14,TOLERANCE,PASS,True,False,False,0.43516618800003926,0.020022337000000334,0.0007004110000252695,0.17698463900001116,6236,1276,hex:6e99/20080,hex:10195/40100,,
standard-00-b1,standard-00,standard,1.5,enumeration,8,9,2,8,8,0,6,28,hex:1/14,EXACT,PASS,True,False,False,0.25799732299992684,0.011164758000177244,0.0004491199999847595,0.008807344999922861,2582,559,hex:6e99/20080,hex:6e99/20080,,
standard-00-b1,standard-00,standard,1.5,price,8,9,2,8,8,0,6,28,hex:1/14,TOLERANCE,PASS,True,False,False,0.2527557830001115,0.005402361999813365,0.0003792899999552901,0.007367899999962901,1644,483,hex:6e99/20080,hex:7129/20080,,0
standard-00-b1,standard-00,standard,1.5,scip,8,9,2,8,8,0,6,28,hex:1/14,NUMERICAL_gaplimit,PASS_LOWER_ONLY,False,True,False,0.381738083999835,0.12437689100011085,0.0005706079998617497,0.004940318000080879,1631,529,hex:6e99/20080,,0.22080030487804878,
standard-00-b1,standard-00,standard,1.5,tariff,8,9,2,8,8,0,6,28,hex:1/14,EXACT,PASS,True,False,False,0.24635172600005717,0.0031002829998669768,0.0003759139999601757,0.0070052920000307495,1810,545,hex:6e99/20080,hex:6e99/20080,,
standard-00-b2,standard-00,standard,3.0,deficit,8,9,2,8,8,0,6,28,hex:1/14,TOLERANCE,PASS,True,False,False,0.4396199150000939,0.02052004899996973,0.0007152880000376172,0.1793018989999382,6236,1276,hex:6e99/20080,hex:10195/40100,,
standard-00-b2,standard-00,standard,3.0,enumeration,8,9,2,8,8,0,6,28,hex:1/14,EXACT,PASS,True,False,False,0.2602507730000525,0.01115189899996949,0.00044969100008529495,0.00894169299999703,2582,559,hex:6e99/20080,hex:6e99/20080,,
standard-00-b2,standard-00,standard,3.0,price,8,9,2,8,8,0,6,28,hex:1/14,TOLERANCE,PASS,True,False,False,0.25193774400008806,0.005355741999892416,0.0003885969999828376,0.007395569000209434,1644,483,hex:6e99/20080,hex:7129/20080,,0
standard-00-b2,standard-00,standard,3.0,scip,8,9,2,8,8,0,6,28,hex:1/14,NUMERICAL_gaplimit,PASS_LOWER_ONLY,False,True,False,0.377434717000142,0.12454170600017278,0.0005800750000162225,0.00498975799996515,1631,529,hex:6e99/20080,,0.22080030487804878,
standard-00-b2,standard-00,standard,3.0,tariff,8,9,2,8,8,0,6,28,hex:1/14,EXACT,PASS,True,False,False,0.2501597259999926,0.003133414000103585,0.00037666399998670386,0.007104685000058453,1810,545,hex:6e99/20080,hex:6e99/20080,,
standard-01-b0,standard-01,standard,0.5,deficit,16,9,2,12,12,0,7,19,hex:1/14,TOLERANCE,,False,False,True,0.5029371910000009,0.022980614000061905,0.0006835990000126912,,5822,1149,hex:25af/5780,hex:5103/af00,,
standard-01-b0,standard-01,standard,0.5,enumeration,16,9,2,12,12,0,7,19,hex:1/14,EXACT,PASS,True,False,False,0.2761013300000741,0.019571154000004753,0.0006095809999351331,0.016975055999864708,3852,665,hex:25af/5780,hex:25af/5780,,
standard-01-b0,standard-01,standard,0.5,price,16,9,2,12,12,0,7,19,hex:1/14,TOLERANCE,PASS,True,False,False,0.25859977999994044,0.0088832439998896,0.00044515300010061765,0.009626555000068038,2498,538,hex:25af/5780,hex:268f/5780,,0
standard-01-b0,standard-01,standard,0.5,scip,16,9,2,12,12,0,7,19,hex:1/14,OPTIMIZATION_DEADLINE,PASS,False,False,False,0.3430585789999441,0.09483607799984384,0.0005124799999975949,0.0016018670000903512,2444,510,hex:-1/64,hex:3/2,,0
standard-01-b0,standard-01,standard,0.5,tariff,16,9,2,12,12,0,7,19,hex:1/14,EXACT,PASS,True,False,False,0.2522615789998781,0.004293323999945642,0.0005012080000597052,0.008353983000006338,2691,618,hex:25af/5780,hex:25af/5780,,
standard-01-b1,standard-01,standard,1.5,deficit,16,9,2,12,12,0,7,19,hex:1/14,TOLERANCE,PASS,True,False,False,0.5188402999999653,0.022993176999989373,0.0007014119998984825,0.25373265200005335,5822,1149,hex:25af/5780,hex:5103/af00,,
standard-01-b1,standard-01,standard,1.5,enumeration,16,9,2,12,12,0,7,19,hex:1/14,EXACT,PASS,True,False,False,0.2748957349999728,0.019371359999922788,0.0005593460000454797,0.01682582600005844,3852,665,hex:25af/5780,hex:25af/5780,,
standard-01-b1,standard-01,standard,1.5,price,16,9,2,12,12,0,7,19,hex:1/14,TOLERANCE,PASS,True,False,False,0.2563353629998346,0.008794697999974233,0.00042860200005634397,0.009473748000118576,2498,538,hex:25af/5780,hex:268f/5780,,0
standard-01-b1,standard-01,standard,1.5,scip,16,9,2,12,12,0,7,19,hex:1/14,NUMERICAL_optimal,PASS_LOWER_ONLY,False,True,False,0.6267913199999384,0.3661897740000768,0.0007461659999989934,0.005522724999991624,2510,595,hex:25af/5780,,0.4306696428571429,
standard-01-b1,standard-01,standard,1.5,tariff,16,9,2,12,12,0,7,19,hex:1/14,EXACT,PASS,True,False,False,0.250974049999968,0.00431936199993288,0.00043806000007862167,0.008290623999982927,2691,618,hex:25af/5780,hex:25af/5780,,
standard-01-b2,standard-01,standard,3.0,deficit,16,9,2,12,12,0,7,19,hex:1/14,TOLERANCE,PASS,True,False,False,0.5275043239998922,0.023282338999933927,0.0007072930000049382,0.26554692000013347,5822,1149,hex:25af/5780,hex:5103/af00,,
standard-01-b2,standard-01,standard,3.0,enumeration,16,9,2,12,12,0,7,19,hex:1/14,EXACT,PASS,True,False,False,0.27915769000014734,0.020153062999952454,0.0009738930000366963,0.01854914099999405,3852,665,hex:25af/5780,hex:25af/5780,,
standard-01-b2,standard-01,standard,3.0,price,16,9,2,12,12,0,7,19,hex:1/14,TOLERANCE,PASS,True,False,False,0.26125983800011454,0.008967300999984218,0.00046331699991242203,0.009823924000102124,2498,538,hex:25af/5780,hex:268f/5780,,0
standard-01-b2,standard-01,standard,3.0,scip,16,9,2,12,12,0,7,19,hex:1/14,NUMERICAL_optimal,PASS_LOWER_ONLY,False,True,False,0.6275440689998959,0.3696906850000232,0.0007939360000364104,0.0056704910000462405,2510,595,hex:25af/5780,,0.4306696428571429,
standard-01-b2,standard-01,standard,3.0,tariff,16,9,2,12,12,0,7,19,hex:1/14,EXACT,PASS,True,False,False,0.2520131340002081,0.004291841999929602,0.000439040999935969,0.008435896000037246,2691,618,hex:25af/5780,hex:25af/5780,,
standard-02-b0,standard-02,standard,0.5,deficit,32,9,2,16,16,0,8,10,hex:1/14,TOLERANCE,,False,False,True,0.5028018830000747,0.029675930999928823,0.0007245030001286068,,6209,1071,hex:3058b/44c00,hex:648bf/89800,,
standard-02-b0,standard-02,standard,0.5,enumeration,32,9,2,16,16,0,8,10,hex:1/14,EXACT,PASS,True,False,False,0.30249548500000856,0.033450255999923684,0.0007818130000032397,0.02951080700017883,5648,839,hex:3058b/44c00,hex:3058b/44c00,,
standard-02-b0,standard-02,standard,0.5,price,32,9,2,16,16,0,8,10,hex:1/14,TOLERANCE,PASS,True,False,False,0.27769184700014193,0.015918969000040306,0.0006375230000230658,0.013725104000059218,4314,674,hex:3058b/44c00,hex:3160b/44c00,,0
standard-02-b0,standard-02,standard,0.5,scip,32,9,2,16,16,0,8,10,hex:1/14,OPTIMIZATION_DEADLINE,PASS,False,False,False,0.34543719999987843,0.09620113200003289,0.0006897109999499662,0.0030187290001322253,4194,584,hex:-3/c8,hex:3/2,,0
standard-02-b0,standard-02,standard,0.5,tariff,32,9,2,16,16,0,8,10,hex:1/14,EXACT,PASS,True,False,False,0.2586804420000135,0.006299402999957238,0.0005746639999415493,0.010638110999934725,4489,742,hex:3058b/44c00,hex:3058b/44c00,,
standard-02-b1,standard-02,standard,1.5,deficit,32,9,2,16,16,0,8,10,hex:1/14,TOLERANCE,PASS,True,False,False,0.569349013999954,0.028856581000127335,0.0007486590000098658,0.3014453160001267,6209,1071,hex:3058b/44c00,hex:648bf/89800,,
standard-02-b1,standard-02,standard,1.5,enumeration,32,9,2,16,16,0,8,10,hex:1/14,EXACT,PASS,True,False,False,0.30212676900009683,0.03332979099991462,0.0007152469997890876,0.02976377599998159,5648,839,hex:3058b/44c00,hex:3058b/44c00,,
standard-02-b1,standard-02,standard,1.5,price,32,9,2,16,16,0,8,10,hex:1/14,TOLERANCE,PASS,True,False,False,0.2710073299999749,0.016133211999886043,0.0005982180000501103,0.013838953999993464,4314,674,hex:3058b/44c00,hex:3160b/44c00,,0
standard-02-b1,standard-02,standard,1.5,scip,32,9,2,16,16,0,8,10,hex:1/14,NUMERICAL_optimal,PASS_LOWER_ONLY,False,True,False,0.5526191280000603,0.29676544899984947,0.0010264789998473134,0.0066035519998877135,4298,723,hex:3058b/44c00,,0.7032208806818184,
standard-02-b1,standard-02,standard,1.5,tariff,32,9,2,16,16,0,8,10,hex:1/14,EXACT,PASS,True,False,False,0.25759887100002743,0.006254499000078795,0.0005802749999475054,0.01078979499993693,4489,742,hex:3058b/44c00,hex:3058b/44c00,,
standard-02-b2,standard-02,standard,3.0,deficit,32,9,2,16,16,0,8,10,hex:1/14,TOLERANCE,PASS,True,False,False,0.5715448280000146,0.028904990999990332,0.0007165289998738444,0.30448597899999186,6209,1071,hex:3058b/44c00,hex:648bf/89800,,
standard-02-b2,standard-02,standard,3.0,enumeration,32,9,2,16,16,0,8,10,hex:1/14,EXACT,PASS,True,False,False,0.3051941019998594,0.03382452599998942,0.0007434789999933855,0.029829850000169245,5648,839,hex:3058b/44c00,hex:3058b/44c00,,
standard-02-b2,standard-02,standard,3.0,price,32,9,2,16,16,0,8,10,hex:1/14,TOLERANCE,PASS,True,False,False,0.27275322199989205,0.01833448499996848,0.0005749649999415851,0.013881051999987903,4314,674,hex:3058b/44c00,hex:3160b/44c00,,0
standard-02-b2,standard-02,standard,3.0,scip,32,9,2,16,16,0,8,10,hex:1/14,NUMERICAL_optimal,PASS_LOWER_ONLY,False,True,False,0.559044836999874,0.2995575770000869,0.0010069909999401716,0.006446787999948356,4298,723,hex:3058b/44c00,,0.7032208806818184,
standard-02-b2,standard-02,standard,3.0,tariff,32,9,2,16,16,0,8,10,hex:1/14,EXACT,PASS,True,False,False,0.2567938449999474,0.006271792000006826,0.0006137870000202383,0.010466270000051736,4489,742,hex:3058b/44c00,hex:3058b/44c00,,
standard-03-b0,standard-03,standard,0.5,deficit,8,17,2,8,8,0,6,135,hex:1/64,OPTIMIZATION_DEADLINE,PASS,False,False,False,0.3368484279999393,0.09771122699999069,0.0004494009999689297,0.0008996939998269227,1733,474,hex:-1/32,hex:3/2,,0
standard-03-b0,standard-03,standard,0.5,enumeration,8,17,2,8,8,0,6,135,hex:1/64,EXACT,PASS,True,False,False,0.28103548899980524,0.020417659000031563,0.0006280150000748108,0.021738912000046184,4611,682,hex:18cd/8660,hex:18cd/8660,,
standard-03-b0,standard-03,standard,0.5,price,8,17,2,8,8,0,6,135,hex:1/64,TIME_LIMIT,PASS,False,False,False,0.3233135079999556,0.06521496300001672,0.0004917200001273159,0.015149630999985675,2016,556,hex:18cd/8660,hex:369b5f/10cc000,,1
standard-03-b0,standard-03,standard,0.5,scip,8,17,2,8,8,0,6,135,hex:1/64,OPTIMIZATION_DEADLINE,PASS,False,False,False,0.3430907689999003,0.09690457700003208,0.0004931029998260783,0.0011567249998734042,1733,474,hex:-1/32,hex:3/2,,0
standard-03-b0,standard-03,standard,0.5,tariff,8,17,2,8,8,0,6,135,hex:1/64,EXACT,PASS,True,False,False,0.25381392700001015,0.005414783000105672,0.00040384599992648873,0.009348074000172346,2132,576,hex:18cd/8660,hex:18cd/8660,,
standard-03-b1,standard-03,standard,1.5,deficit,8,17,2,8,8,0,6,135,hex:1/64,TOLERANCE,,False,False,True,1.5039638169998852,0.19125668700007736,0.0037232979998407245,,42576,6505,hex:18cd/8660,hex:341d/10cc0,,
standard-03-b1,standard-03,standard,1.5,enumeration,8,17,2,8,8,0,6,135,hex:1/64,EXACT,PASS,True,False,False,0.4019403950001106,0.029361035999954765,0.0006556159999036026,0.021880809999856865,4611,682,hex:18cd/8660,hex:18cd/8660,,
standard-03-b1,standard-03,standard,1.5,price,8,17,2,8,8,0,6,135,hex:1/64,TOLERANCE,PASS,True,False,False,0.6327316489998793,0.36248510100017484,0.0006786500000544038,0.028774779000059425,5396,787,hex:18cd/8660,hex:684b9/219800,,14
standard-03-b1,standard-03,standard,1.5,scip,8,17,2,8,8,0,6,135,hex:1/64,NUMERICAL_gaplimit,PASS_LOWER_ONLY,False,True,False,0.7304562950000673,0.47842310999999427,0.000632534000033047,0.005152863999910551,1799,544,hex:18cd/8660,,0.19383958701166468,
standard-03-b1,standard-03,standard,1.5,tariff,8,17,2,8,8,0,6,135,hex:1/64,EXACT,PASS,True,False,False,0.2536383530000421,0.005316086999982872,0.0004033950001485209,0.00929783700007647,2132,576,hex:18cd/8660,hex:18cd/8660,,
standard-03-b2,standard-03,standard,3.0,deficit,8,17,2,8,8,0,6,135,hex:1/64,TOLERANCE,,False,False,True,3.004689557999882,0.195160216999966,0.003695965999895634,,42576,6505,hex:18cd/8660,hex:341d/10cc0,,
standard-03-b2,standard-03,standard,3.0,enumeration,8,17,2,8,8,0,6,135,hex:1/64,EXACT,PASS,True,False,False,0.28209746099992117,0.02049116100010906,0.0006261210000957362,0.021810628999901382,4611,682,hex:18cd/8660,hex:18cd/8660,,
standard-03-b2,standard-03,standard,3.0,price,8,17,2,8,8,0,6,135,hex:1/64,TOLERANCE,PASS,True,False,False,0.6396919329999946,0.36973404500008655,0.0006638919999204518,0.029271008000023357,5396,787,hex:18cd/8660,hex:684b9/219800,,14
standard-03-b2,standard-03,standard,3.0,scip,8,17,2,8,8,0,6,135,hex:1/64,NUMERICAL_gaplimit,PASS_LOWER_ONLY,False,True,False,0.7383376949999274,0.4831556139999975,0.0006171350000840903,0.005150357000047734,1799,544,hex:18cd/8660,,0.19383958701166468,
standard-03-b2,standard-03,standard,3.0,tariff,8,17,2,8,8,0,6,135,hex:1/64,EXACT,PASS,True,False,False,0.2537626050000199,0.005234013000062987,0.00042645799999263545,0.009424633999969956,2132,576,hex:18cd/8660,hex:18cd/8660,,
standard-04-b0,standard-04,standard,0.5,deficit,16,17,2,10,10,0,6,97,hex:1/64,OPTIMIZATION_DEADLINE,PASS,False,False,False,0.3376149580001311,0.09589751999988039,0.0005005269999855955,0.0014134140001260675,2609,521,hex:-1/c8,hex:3/2,,0
standard-04-b0,standard-04,standard,0.5,enumeration,16,17,2,10,10,0,6,97,hex:1/64,EXACT,PASS,True,False,False,0.3291010489999735,0.048001143000192315,0.000808022000001074,0.043513676999964446,6973,865,hex:bc9/1900,hex:bc9/1900,,
standard-04-b0,standard-04,standard,0.5,price,16,17,2,10,10,0,6,97,hex:1/64,TOLERANCE,PASS,True,False,False,0.2739517560000877,0.01900191699996867,0.0004693580001458031,0.013467650999928082,2659,550,hex:bc9/1900,hex:be9/1900,,0
standard-04-b0,standard-04,standard,0.5,scip,16,17,2,10,10,0,6,97,hex:1/64,OPTIMIZATION_DEADLINE,PASS,False,False,False,0.3441526909998629,0.08545231600010084,0.0005823700000746612,0.001709699000002729,2609,521,hex:-1/c8,hex:3/2,,0
standard-04-b0,standard-04,standard,0.5,tariff,16,17,2,10,10,0,6,97,hex:1/64,EXACT,PASS,True,False,False,0.2591605329998856,0.008388746000036917,0.00046268599999166327,0.01296743299985792,2983,641,hex:bc9/1900,hex:bc9/1900,,
standard-04-b1,standard-04,standard,1.5,deficit,16,17,2,10,10,0,6,97,hex:1/64,TOLERANCE,,False,False,True,1.5041045969999232,0.1982381070001793,0.0027259810001396545,,30865,3750,hex:bc9/1900,hex:17fb/3200,,
standard-04-b1,standard-04,standard,1.5,enumeration,16,17,2,10,10,0,6,97,hex:1/64,EXACT,PASS,True,False,False,0.3303113150000172,0.04772270000012213,0.0008750679999138811,0.0432427270000062,6973,865,hex:bc9/1900,hex:bc9/1900,,
standard-04-b1,standard-04,standard,1.5,price,16,17,2,10,10,0,6,97,hex:1/64,TOLERANCE,PASS,True,False,False,0.2710022339999796,0.019074852999892755,0.00044930100011697505,0.013573648999908983,2659,550,hex:bc9/1900,hex:be9/1900,,0
standard-04-b1,standard-04,standard,1.5,scip,16,17,2,10,10,0,6,97,hex:1/64,NUMERICAL_optimal,PASS_LOWER_ONLY,False,True,False,0.4843373100000008,0.2279900590001489,0.0008101060000171856,0.005675430000110282,2680,598,hex:bc9/1900,,0.47140624999999986,
standard-04-b1,standard-04,standard,1.5,tariff,16,17,2,10,10,0,6,97,hex:1/64,EXACT,PASS,True,False,False,0.2590049850000469,0.008190024999976231,0.0004558829998586589,0.012672683999880974,2983,641,hex:bc9/1900,hex:bc9/1900,,
standard-04-b2,standard-04,standard,3.0,deficit,16,17,2,10,10,0,6,97,hex:1/64,TOLERANCE,,False,False,True,3.0057966199999555,0.1968137989999832,0.0027766260000134935,,30865,3750,hex:bc9/1900,hex:17fb/3200,,
standard-04-b2,standard-04,standard,3.0,enumeration,16,17,2,10,10,0,6,97,hex:1/64,EXACT,PASS,True,False,False,0.331043525000041,0.048013233000119726,0.0008575649999329471,0.04316062299994883,6973,865,hex:bc9/1900,hex:bc9/1900,,
standard-04-b2,standard-04,standard,3.0,price,16,17,2,10,10,0,6,97,hex:1/64,TOLERANCE,PASS,True,False,False,0.2762220609999986,0.01905620899992755,0.0004681260002143972,0.013662666000072932,2659,550,hex:bc9/1900,hex:be9/1900,,0
standard-04-b2,standard-04,standard,3.0,scip,16,17,2,10,10,0,6,97,hex:1/64,NUMERICAL_optimal,PASS_LOWER_ONLY,False,True,False,0.4817054459999781,0.22599458499985303,0.0007311279998702958,0.0057821899999908055,2680,598,hex:bc9/1900,,0.47140624999999986,
standard-04-b2,standard-04,standard,3.0,tariff,16,17,2,10,10,0,6,97,hex:1/64,EXACT,PASS,True,False,False,0.2605063060000248,0.008137538000028144,0.0004747379998661927,0.01259998699993048,2983,641,hex:bc9/1900,hex:bc9/1900,,
standard-05-b0,standard-05,standard,0.5,deficit,32,17,2,17,17,0,8,40,hex:1/64,OPTIMIZATION_DEADLINE,PASS,False,False,False,0.3395892449998428,0.09703390200002104,0.0006410089999917545,0.0024481509999532136,4345,609,hex:-1/64,hex:3/2,,0
standard-05-b0,standard-05,standard,0.5,enumeration,32,17,2,17,17,0,8,40,hex:1/64,TIME_LIMIT,PASS,False,False,False,0.30815608700004304,0.06450517299981584,0.0009048230001553748,0.002931415000148263,7576,1050,hex:4573d/7aa80,hex:3/2,,
standard-05-b0,standard-05,standard,0.5,price,32,17,2,17,17,0,8,40,hex:1/64,TOLERANCE,PASS,True,False,False,0.2941693140001007,0.03330216599988489,0.000609049999866329,0.019477115999961825,4484,688,hex:4573d/7aa80,hex:46add/7aa80,,0
standard-05-b0,standard-05,standard,0.5,scip,32,17,2,17,17,0,8,40,hex:1/64,OPTIMIZATION_DEADLINE,PASS,False,False,False,0.3451196329999675,0.09424395099995309,0.0006982459999562707,0.0029252839999571734,4345,609,hex:-1/64,hex:3/2,,0
standard-05-b0,standard-05,standard,0.5,tariff,32,17,2,17,17,0,8,40,hex:1/64,EXACT,PASS,True,False,False,0.26865184500002215,0.01191757000015059,0.0006045109998922271,0.016701972999953796,4728,760,hex:4573d/7aa80,hex:4573d/7aa80,,
standard-05-b1,standard-05,standard,1.5,deficit,32,17,2,17,17,0,8,40,hex:1/64,TOLERANCE,,False,False,True,1.5039548039999318,0.1295695329999944,0.0016339280000465806,,18264,3124,hex:4573d/7aa80,hex:8c925/f5500,,
standard-05-b1,standard-05,standard,1.5,enumeration,32,17,2,17,17,0,8,40,hex:1/64,EXACT,PASS,True,False,False,0.4050792299999557,0.09048781199999212,0.0010754029999588965,0.07162195000000793,9004,1186,hex:4573d/7aa80,hex:4573d/7aa80,,
standard-05-b1,standard-05,standard,1.5,price,32,17,2,17,17,0,8,40,hex:1/64,TOLERANCE,PASS,True,False,False,0.29870917899984306,0.033976518000145006,0.0007085660001848737,0.019741991000046255,4484,688,hex:4573d/7aa80,hex:46add/7aa80,,0
standard-05-b1,standard-05,standard,1.5,scip,32,17,2,17,17,0,8,40,hex:1/64,NUMERICAL_optimal,PASS_LOWER_ONLY,False,True,False,0.676773409000134,0.417751423000027,0.0010695210000903899,0.006723260000171649,4467,729,hex:4573d/7aa80,,0.566236066878981,
standard-05-b1,standard-05,standard,1.5,tariff,32,17,2,17,17,0,8,40,hex:1/64,EXACT,PASS,True,False,False,0.2662668630000553,0.011868628999991415,0.0006427129999337922,0.016527266999901258,4728,760,hex:4573d/7aa80,hex:4573d/7aa80,,
standard-05-b2,standard-05,standard,3.0,deficit,32,17,2,17,17,0,8,40,hex:1/64,TOLERANCE,,False,False,True,3.005644498000038,0.13085928600003172,0.0016699850000350125,,18264,3124,hex:4573d/7aa80,hex:8c925/f5500,,
standard-05-b2,standard-05,standard,3.0,enumeration,32,17,2,17,17,0,8,40,hex:1/64,EXACT,PASS,True,False,False,0.40376911899988954,0.08958101599978363,0.001065634000042337,0.07092462500008878,9004,1186,hex:4573d/7aa80,hex:4573d/7aa80,,
standard-05-b2,standard-05,standard,3.0,price,32,17,2,17,17,0,8,40,hex:1/64,TOLERANCE,PASS,True,False,False,0.29432460499992885,0.03349641900013012,0.0006777979999696981,0.01945878200012885,4484,688,hex:4573d/7aa80,hex:46add/7aa80,,0
standard-05-b2,standard-05,standard,3.0,scip,32,17,2,17,17,0,8,40,hex:1/64,NUMERICAL_optimal,PASS_LOWER_ONLY,False,True,False,0.6683127859998876,0.4105966829999943,0.0010123449999355216,0.006559010000046328,4467,729,hex:4573d/7aa80,,0.566236066878981,
standard-05-b2,standard-05,standard,3.0,tariff,32,17,2,17,17,0,8,40,hex:1/64,EXACT,PASS,True,False,False,0.26961375500013673,0.0119601699998384,0.0006502869998712413,0.016899912999861044,4728,760,hex:4573d/7aa80,hex:4573d/7aa80,,
standard-06-b0,standard-06,standard,0.5,deficit,8,25,2,7,7,0,6,580,hex:1/1f4,OPTIMIZATION_DEADLINE,PASS,False,False,False,0.33718075100000533,0.0977387389998512,0.00046174499993867357,0.0010524910001095122,1913,498,hex:-3/c8,hex:3/2,,0
standard-06-b0,standard-06,standard,0.5,enumeration,8,25,2,7,7,0,6,580,hex:1/1f4,EXACT,PASS,True,False,False,0.31558955699983926,0.03451606199996604,0.0009051350000390812,0.043042676000141,7551,840,hex:45/190,hex:45/190,,
standard-06-b0,standard-06,standard,0.5,price,8,25,2,7,7,0,6,580,hex:1/1f4,TIME_LIMIT,PASS,False,False,False,0.3201678590000938,0.06690776699997514,0.000398936000010508,0.013569184000061796,1952,526,hex:45/190,hex:1a26e3/92e000,,0
standard-06-b0,standard-06,standard,0.5,scip,8,25,2,7,7,0,6,580,hex:1/1f4,OPTIMIZATION_DEADLINE,PASS,False,False,False,0.3494397729998582,0.10355950799998936,0.00047974799986150174,0.0012341500000729866,1913,498,hex:-3/c8,hex:3/2,,0
standard-06-b0,standard-06,standard,0.5,tariff,8,25,2,7,7,0,6,580,hex:1/1f4,EXACT,PASS,True,False,False,0.2578551939998306,0.007831111000086821,0.0004296439999507129,0.012152091999951153,2383,608,hex:45/190,hex:45/190,,
standard-06-b1,standard-06,standard,1.5,deficit,8,25,2,7,7,0,6,580,hex:1/1f4,OPTIMIZATION_DEADLINE,PASS,False,False,False,0.9394692539999596,0.6993709050000234,0.0004436409999470925,0.0010140790000150446,1913,498,hex:-3/c8,hex:3/2,,0
standard-06-b1,standard-06,standard,1.5,enumeration,8,25,2,7,7,0,6,580,hex:1/1f4,EXACT,PASS,True,False,False,0.31548468100004357,0.03494172899991099,0.0008677749999606021,0.04318530299997292,7551,840,hex:45/190,hex:45/190,,
standard-06-b1,standard-06,standard,1.5,price,8,25,2,7,7,0,6,580,hex:1/1f4,TOLERANCE,PASS,True,False,False,0.9485731490001399,0.6502269249999699,0.0008887840001534641,0.05208366300007583,8318,804,hex:45/190,hex:199d9cd/92e0000,,19
standard-06-b1,standard-06,standard,1.5,scip,8,25,2,7,7,0,6,580,hex:1/1f4,NUMERICAL_optimal,PASS_LOWER_ONLY,False,True,False,0.4122251109999979,0.1607210369998029,0.0005974780001452018,0.005061625999815078,1935,540,hex:45/190,,0.17250000000000004,
standard-06-b1,standard-06,standard,1.5,tariff,8,25,2,7,7,0,6,580,hex:1/1f4,EXACT,PASS,True,False,False,0.25746671799993237,0.007591983999873264,0.00043453400007820164,0.011955252999996446,2383,608,hex:45/190,hex:45/190,,
standard-06-b2,standard-06,standard,3.0,deficit,8,25,2,7,7,0,6,580,hex:1/1f4,TOLERANCE,,False,False,True,3.0065171420001207,1.4640265269999873,0.02362152499995318,,271188,32310,hex:45/190,hex:7f27d/2de600,,
standard-06-b2,standard-06,standard,3.0,enumeration,8,25,2,7,7,0,6,580,hex:1/1f4,EXACT,PASS,True,False,False,0.320160235000003,0.036453874000017095,0.0008575589999963995,0.04240383999990627,7551,840,hex:45/190,hex:45/190,,
standard-06-b2,standard-06,standard,3.0,price,8,25,2,7,7,0,6,580,hex:1/1f4,TOLERANCE,PASS,True,False,False,0.9505349230000775,0.6534347189999608,0.0008682489999500831,0.05207583900005375,8318,804,hex:45/190,hex:199d9cd/92e0000,,19
standard-06-b2,standard-06,standard,3.0,scip,8,25,2,7,7,0,6,580,hex:1/1f4,NUMERICAL_optimal,PASS_LOWER_ONLY,False,True,False,0.4161075790000268,0.16227529499997217,0.0006755769998108008,0.005245192999836945,1935,540,hex:45/190,,0.17250000000000004,
standard-06-b2,standard-06,standard,3.0,tariff,8,25,2,7,7,0,6,580,hex:1/1f4,EXACT,PASS,True,False,False,0.25662754699988,0.0076637909999135445,0.00040981899996950233,0.01195077600004879,2383,608,hex:45/190,hex:45/190,,
standard-07-b0,standard-07,standard,0.5,deficit,16,25,2,12,12,0,6,466,hex:1/1f4,OPTIMIZATION_DEADLINE,PASS,False,False,False,0.3385788160001084,0.09525083500011533,0.0005112359999657201,0.001508953999973528,2773,539,hex:-1/32,hex:3/2,,0
standard-07-b0,standard-07,standard,0.5,enumeration,16,25,2,12,12,0,6,466,hex:1/1f4,TIME_LIMIT,PASS,False,False,False,0.30668746400010605,0.06380042000000685,0.000972113999978319,0.00184657599993443,8974,1034,hex:2539/5780,hex:3/2,,
standard-07-b0,standard-07,standard,0.5,price,16,25,2,12,12,0,6,466,hex:1/1f4,TIME_LIMIT,PASS,False,False,False,0.328108119000035,0.07063961399990148,0.000507341999991695,0.01814854600002036,2878,570,hex:2539/5780,hex:26f9/5780,,0
standard-07-b0,standard-07,standard,0.5,scip,16,25,2,12,12,0,6,466,hex:1/1f4,OPTIMIZATION_DEADLINE,PASS,False,False,False,0.3439372180000646,0.09541691200001878,0.000569065000036062,0.001789437999832444,2773,539,hex:-1/32,hex:3/2,,0
standard-07-b0,standard-07,standard,0.5,tariff,16,25,2,12,12,0,6,466,hex:1/1f4,EXACT,PASS,True,False,False,0.27162692299998525,0.013440611000078206,0.0005094059999919409,0.018359100999987277,3346,680,hex:2539/5780,hex:2539/5780,,
standard-07-b1,standard-07,standard,1.5,deficit,16,25,2,12,12,0,6,466,hex:1/1f4,OPTIMIZATION_DEADLINE,PASS,False,False,False,0.9422004759999254,0.6981640019998849,0.0005291599998145102,0.0014980729999933828,2773,539,hex:-1/32,hex:3/2,,0
standard-07-b1,standard-07,standard,1.5,enumeration,16,25,2,12,12,0,6,466,hex:1/1f4,EXACT,PASS,True,False,False,0.43251448999990316,0.09953615199992782,0.0013791920000585378,0.0930392129998836,13012,1279,hex:2539/5780,hex:2539/5780,,
standard-07-b1,standard-07,standard,1.5,price,16,25,2,12,12,0,6,466,hex:1/1f4,TIME_LIMIT,PASS,False,False,False,0.9827603349999663,0.6742607779999616,0.0007719949999227538,0.0647120090000044,6308,774,hex:2539/5780,hex:9a211f/15e0000,,17
standard-07-b1,standard-07,standard,1.5,scip,16,25,2,12,12,0,6,466,hex:1/1f4,NUMERICAL_optimal,PASS_LOWER_ONLY,False,True,False,0.5835242550001567,0.32891045299993493,0.0007526080000843649,0.005686141000069256,2828,609,hex:2539/5780,,0.4254017857142856,
standard-07-b1,standard-07,standard,1.5,tariff,16,25,2,12,12,0,6,466,hex:1/1f4,EXACT,PASS,True,False,False,0.2713086240000848,0.013501858000154243,0.0005077499999970314,0.018273439000040526,3346,680,hex:2539/5780,hex:2539/5780,,
standard-07-b2,standard-07,standard,3.0,deficit,16,25,2,12,12,0,6,466,hex:1/1f4,OPTIMIZATION_DEADLINE,PASS,False,False,False,1.8472210899999482,1.6031908109998767,0.0005676929999935965,0.0015300439999919035,2773,539,hex:-1/32,hex:3/2,,0
standard-07-b2,standard-07,standard,3.0,enumeration,16,25,2,12,12,0,6,466,hex:1/1f4,EXACT,PASS,True,False,False,0.4355716539998866,0.10055968899996515,0.0013282869999784452,0.0938193819999924,13012,1279,hex:2539/5780,hex:2539/5780,,
standard-07-b2,standard-07,standard,3.0,price,16,25,2,12,12,0,6,466,hex:1/1f4,TIME_LIMIT,PASS,False,False,False,1.9506848979999631,1.5681734689999303,0.001207711000006384,0.13235397599987664,13400,1127,hex:2539/5780,hex:1084af5/2648000,,18
standard-07-b2,standard-07,standard,3.0,scip,16,25,2,12,12,0,6,466,hex:1/1f4,NUMERICAL_optimal,PASS_LOWER_ONLY,False,True,False,0.5782750619998751,0.3243300280000767,0.0007963110001583118,0.005726108999851931,2828,609,hex:2539/5780,,0.4254017857142856,
standard-07-b2,standard-07,standard,3.0,tariff,16,25,2,12,12,0,6,466,hex:1/1f4,EXACT,PASS,True,False,False,0.27076161300010426,0.013543171000037546,0.0004990739998902427,0.018274948999987828,3346,680,hex:2539/5780,hex:2539/5780,,
standard-08-b0,standard-08,standard,0.5,deficit,32,25,2,14,14,0,8,246,hex:1/1f4,OPTIMIZATION_DEADLINE,PASS,False,False,False,0.34047160399995846,0.09977856699993026,0.0006629710001107014,0.002494941000122708,4544,632,hex:-1/c8,hex:3/2,,0
standard-08-b0,standard-08,standard,0.5,enumeration,32,25,2,14,14,0,8,246,hex:1/1f4,TIME_LIMIT,PASS,False,False,False,0.30922489299996414,0.0650685540001632,0.0009354310000162513,0.0031535230000372394,7596,1047,hex:25b53/364c0,hex:3/2,,
standard-08-b0,standard-08,standard,0.5,price,32,25,2,14,14,0,8,246,hex:1/1f4,TIME_LIMIT,PASS,False,False,False,0.3519899960001567,0.08527543899981538,0.0006296189999375201,0.028946926000116946,4599,717,hex:9dbbf/d9300,hex:9ed1f/d9300,,0
standard-08-b0,standard-08,standard,0.5,scip,32,25,2,14,14,0,8,246,hex:1/1f4,OPTIMIZATION_DEADLINE,PASS,False,False,False,0.3457263200000398,0.09600523300014174,0.0007080150001002039,0.0030390990000341844,4544,632,hex:-1/c8,hex:3/2,,0
standard-08-b0,standard-08,standard,0.5,tariff,32,25,2,14,14,0,8,246,hex:1/1f4,EXACT,PASS,True,False,False,0.299861736000139,0.027064091000056578,0.0006291270001383964,0.033657854000011866,5231,839,hex:9dbbf/d9300,hex:9dbbf/d9300,,
standard-08-b1,standard-08,standard,1.5,deficit,32,25,2,14,14,0,8,246,hex:1/1f4,OPTIMIZATION_DEADLINE,PASS,False,False,False,0.9440642259999095,0.7025581980001334,0.0006311209999694256,0.002494559000069785,4544,632,hex:-1/c8,hex:3/2,,0
standard-08-b1,standard-08,standard,1.5,enumeration,32,25,2,14,14,0,8,246,hex:1/1f4,EXACT,PASS,True,False,False,0.5783568489998743,0.18991870700006075,0.0015203049999854557,0.1435693060000176,14066,1661,hex:9dbbf/d9300,hex:9dbbf/d9300,,
standard-08-b1,standard-08,standard,1.5,price,32,25,2,14,14,0,8,246,hex:1/1f4,TOLERANCE,PASS,True,False,False,0.3922199129999626,0.12399631099992803,0.0006589839999833202,0.02888754500008872,4605,728,hex:9dbbf/d9300,hex:4f13f9/6c9800,,0
standard-08-b1,standard-08,standard,1.5,scip,32,25,2,14,14,0,8,246,hex:1/1f4,OPTIMIZATION_DEADLINE,PASS,False,False,False,1.0625846090001687,0.8080391309999868,0.0007690289999118249,0.003074786000070162,4544,632,hex:-1/c8,hex:3/2,,0
standard-08-b1,standard-08,standard,1.5,tariff,32,25,2,14,14,0,8,246,hex:1/1f4,EXACT,PASS,True,False,False,0.29957373699994605,0.027004129000033572,0.000641399999949499,0.03390620899995156,5231,839,hex:9dbbf/d9300,hex:9dbbf/d9300,,
standard-08-b2,standard-08,standard,3.0,deficit,32,25,2,14,14,0,8,246,hex:1/1f4,TOLERANCE,,False,False,True,3.0065621670000837,1.2456018799998674,0.012469009999904301,,134561,20405,hex:9dbbf/d9300,hex:62ceff/87be00,,
standard-08-b2,standard-08,standard,3.0,enumeration,32,25,2,14,14,0,8,246,hex:1/1f4,EXACT,PASS,True,False,False,0.5718466729999818,0.18894129699992845,0.001396935000002486,0.14300448900007723,14066,1661,hex:9dbbf/d9300,hex:9dbbf/d9300,,
standard-08-b2,standard-08,standard,3.0,price,32,25,2,14,14,0,8,246,hex:1/1f4,TOLERANCE,PASS,True,False,False,0.3908977670000695,0.12374817299996721,0.0006309210000381427,0.028973213999961445,4605,728,hex:9dbbf/d9300,hex:4f13f9/6c9800,,0
standard-08-b2,standard-08,standard,3.0,scip,32,25,2,14,14,0,8,246,hex:1/1f4,NUMERICAL_optimal,PASS_LOWER_ONLY,False,True,False,1.0915384779998476,0.8345885759999874,0.0017368009998790512,0.007241414999953122,4581,749,hex:9dbbf/d9300,,0.726257868705036,
standard-08-b2,standard-08,standard,3.0,tariff,32,25,2,14,14,0,8,246,hex:1/1f4,EXACT,PASS,True,False,False,0.30259999399982007,0.02715574200010451,0.0006848319999335217,0.034204427000076976,5231,839,hex:9dbbf/d9300,hex:9dbbf/d9300,,
standard-09-b0,standard-09,standard,0.5,deficit,8,9,4,7,7,0,6,52,hex:1/14,TOLERANCE,,False,False,True,0.5028344390000257,0.05354145299997981,0.001814466000041648,,21052,3457,hex:35c7/11300,hex:8623/22600,,
standard-09-b0,standard-09,standard,0.5,enumeration,8,9,4,7,7,0,6,52,hex:1/14,EXACT,PASS,True,False,False,0.34039296800006014,0.05871530800004621,0.0013329650000741822,0.04232139099985943,11569,984,hex:35c7/11300,hex:35c7/11300,,
standard-09-b0,standard-09,standard,0.5,price,8,9,4,7,7,0,6,52,hex:1/14,TOLERANCE,PASS,True,False,False,0.24949618599998757,0.005487461000029725,0.0003625879999162862,0.007337357999858796,1654,483,hex:3047/11300,hex:3887/11300,,0
standard-09-b0,standard-09,standard,0.5,scip,8,9,4,7,7,0,6,52,hex:1/14,OPTIMIZATION_DEADLINE,PASS,False,False,False,0.3424395779998122,0.09579836399984742,0.0004928319999635278,0.001091733000066597,1561,452,hex:-1/64,hex:3/2,,0
standard-09-b0,standard-09,standard,0.5,tariff,8,9,4,7,7,0,6,52,hex:1/14,EXACT,PASS,True,False,False,0.24920197799997368,0.0032568870001341566,0.0004042370001116069,0.007182435000004261,1985,583,hex:35c7/11300,hex:35c7/11300,,
standard-09-b1,standard-09,standard,1.5,deficit,8,9,4,7,7,0,6,52,hex:1/14,TOLERANCE,PASS,True,False,False,0.6714837269998952,0.052518636999820956,0.0017190710000249965,0.37729173799993987,21052,3457,hex:35c7/11300,hex:8623/22600,,
standard-09-b1,standard-09,standard,1.5,enumeration,8,9,4,7,7,0,6,52,hex:1/14,EXACT,PASS,True,False,False,0.34587091699995653,0.05962266000005911,0.0012841089999255928,0.042973614999937126,11569,984,hex:35c7/11300,hex:35c7/11300,,
standard-09-b1,standard-09,standard,1.5,price,8,9,4,7,7,0,6,52,hex:1/14,TOLERANCE,PASS,True,False,False,0.24975253599995995,0.005531483999902775,0.00036051400002179435,0.007406045999914568,1654,483,hex:3047/11300,hex:3887/11300,,0
standard-09-b1,standard-09,standard,1.5,scip,8,9,4,7,7,0,6,52,hex:1/14,NUMERICAL_gaplimit,PASS_LOWER_ONLY,False,True,False,0.38194361000000754,0.12906366100014566,0.0005916449999858742,0.005149089000042295,1643,518,hex:3047/11300,,0.20555397727272723,
standard-09-b1,standard-09,standard,1.5,tariff,8,9,4,7,7,0,6,52,hex:1/14,EXACT,PASS,True,False,False,0.2490935250000348,0.003347604000055071,0.00039863399979367387,0.007338290000006964,1985,583,hex:35c7/11300,hex:35c7/11300,,
standard-09-b2,standard-09,standard,3.0,deficit,8,9,4,7,7,0,6,52,hex:1/14,TOLERANCE,PASS,True,False,False,0.6782306120001067,0.05398373499997433,0.0017945330000657123,0.38352957199981574,21052,3457,hex:35c7/11300,hex:8623/22600,,
standard-09-b2,standard-09,standard,3.0,enumeration,8,9,4,7,7,0,6,52,hex:1/14,EXACT,PASS,True,False,False,0.34004832899995563,0.058970250000129454,0.0013455539999540633,0.0420708490000834,11569,984,hex:35c7/11300,hex:35c7/11300,,
standard-09-b2,standard-09,standard,3.0,price,8,9,4,7,7,0,6,52,hex:1/14,TOLERANCE,PASS,True,False,False,0.2507462310002211,0.0054805479999231466,0.0004112100000384089,0.007410439999830487,1654,483,hex:3047/11300,hex:3887/11300,,0
standard-09-b2,standard-09,standard,3.0,scip,8,9,4,7,7,0,6,52,hex:1/14,NUMERICAL_gaplimit,PASS_LOWER_ONLY,False,True,False,0.38125447200013696,0.12870190499984346,0.0005791119999685179,0.004966517999946518,1643,518,hex:3047/11300,,0.20555397727272723,
standard-09-b2,standard-09,standard,3.0,tariff,8,9,4,7,7,0,6,52,hex:1/14,EXACT,PASS,True,False,False,0.2479078589999517,0.0032492299999375973,0.0003888769999775832,0.007186395999951856,1985,583,hex:35c7/11300,hex:35c7/11300,,
standard-10-b0,standard-10,standard,0.5,deficit,16,9,4,12,12,0,7,38,hex:1/14,TOLERANCE,,False,False,True,0.5029820949998793,0.052756573999886314,0.001512590999936947,,18071,3074,hex:5e1d/d480,hex:d107/1a900,,
standard-10-b0,standard-10,standard,0.5,enumeration,16,9,4,12,12,0,7,38,hex:1/14,TIME_LIMIT,PASS,False,False,False,0.30774840800017955,0.06688709100012602,0.001038243000039074,0.001627295999924172,8398,877,hex:5e1d/d480,hex:3/2,,
standard-10-b0,standard-10,standard,0.5,price,16,9,4,12,12,0,7,38,hex:1/14,TOLERANCE,PASS,True,False,False,0.2551964179999686,0.008981019999964701,0.0004482189999635011,0.00959120100014843,2519,548,hex:5aed/d480,hex:614d/d480,,0
standard-10-b0,standard-10,standard,0.5,scip,16,9,4,12,12,0,7,38,hex:1/14,OPTIMIZATION_DEADLINE,PASS,False,False,False,0.3500308289999339,0.10371805800014045,0.000519341999961398,0.0016201620001083938,2432,508,hex:-3/c8,hex:3/2,,0
standard-10-b0,standard-10,standard,0.5,tariff,16,9,4,12,12,0,7,38,hex:1/14,EXACT,PASS,True,False,False,0.2527042330000313,0.004391910000094867,0.00047241400011444057,0.008457419000023947,2864,631,hex:5e1d/d480,hex:5e1d/d480,,
standard-10-b1,standard-10,standard,1.5,deficit,16,9,4,12,12,0,7,38,hex:1/14,TOLERANCE,PASS,True,False,False,0.8409821559998818,0.053109154000139824,0.0015178910000486212,0.5472047850000763,18071,3074,hex:5e1d/d480,hex:d107/1a900,,
standard-10-b1,standard-10,standard,1.5,enumeration,16,9,4,12,12,0,7,38,hex:1/14,EXACT,PASS,True,False,False,0.4653849349999746,0.14236133600002177,0.0016910140000163665,0.08035644200003844,14867,1162,hex:5e1d/d480,hex:5e1d/d480,,
standard-10-b1,standard-10,standard,1.5,price,16,9,4,12,12,0,7,38,hex:1/14,TOLERANCE,PASS,True,False,False,0.2625669440001275,0.009039919000088048,0.00044824900010098645,0.009662095000066984,2519,548,hex:5aed/d480,hex:614d/d480,,0
standard-10-b1,standard-10,standard,1.5,scip,16,9,4,12,12,0,7,38,hex:1/14,NUMERICAL_gaplimit,PASS_LOWER_ONLY,False,True,False,0.38881344800006445,0.13630515099998775,0.0006811149999066402,0.005490247000125237,2485,574,hex:5aed/d480,,0.45591308165057065,
standard-10-b1,standard-10,standard,1.5,tariff,16,9,4,12,12,0,7,38,hex:1/14,EXACT,PASS,True,False,False,0.2571424779998779,0.0047566920000008395,0.000512369000034596,0.009039768999855369,2864,631,hex:5e1d/d480,hex:5e1d/d480,,
standard-10-b2,standard-10,standard,3.0,deficit,16,9,4,12,12,0,7,38,hex:1/14,TOLERANCE,PASS,True,False,False,0.8404490020000139,0.053322636999837414,0.0014762820001124055,0.5485733099999379,18071,3074,hex:5e1d/d480,hex:d107/1a900,,
standard-10-b2,standard-10,standard,3.0,enumeration,16,9,4,12,12,0,7,38,hex:1/14,EXACT,PASS,True,False,False,0.4591495300001043,0.13990746500007845,0.0016052630001013313,0.07993067099982909,14867,1162,hex:5e1d/d480,hex:5e1d/d480,,
standard-10-b2,standard-10,standard,3.0,price,16,9,4,12,12,0,7,38,hex:1/14,TOLERANCE,PASS,True,False,False,0.2546468890000142,0.009011476000068797,0.00044154600004731037,0.009464273999810757,2519,548,hex:5aed/d480,hex:614d/d480,,0
standard-10-b2,standard-10,standard,3.0,scip,16,9,4,12,12,0,7,38,hex:1/14,NUMERICAL_gaplimit,PASS_LOWER_ONLY,False,True,False,0.3885259700000461,0.13489711100010027,0.0006872950000342826,0.0054617969999526395,2485,574,hex:5aed/d480,,0.45591308165057065,
standard-10-b2,standard-10,standard,3.0,tariff,16,9,4,12,12,0,7,38,hex:1/14,EXACT,PASS,True,False,False,0.25370279499998105,0.004370236000113437,0.00046655300002385047,0.00839718800011724,2864,631,hex:5e1d/d480,hex:5e1d/d480,,
standard-11-b0,standard-11,standard,0.5,deficit,32,9,4,17,17,0,8,18,hex:1/14,TOLERANCE,,False,False,True,0.5031576840001435,0.042871136000030674,0.001106961000004958,,11759,1931,hex:1e85/3200,hex:c029/12c00,,
standard-11-b0,standard-11,standard,0.5,enumeration,32,9,4,17,17,0,8,18,hex:1/14,TIME_LIMIT,PASS,False,False,False,0.3086201749999873,0.06369356699997297,0.0008978989999377518,0.0027552939998258807,6833,945,hex:1e85/3200,hex:3/2,,
standard-11-b0,standard-11,standard,0.5,price,32,9,4,17,17,0,8,18,hex:1/14,TOLERANCE,PASS,True,False,False,0.2761935270000322,0.02293435199999294,0.0006118149999565503,0.013936870999941675,4316,666,hex:1d85/3200,hex:1f85/3200,,0
standard-11-b0,standard-11,standard,0.5,scip,32,9,4,17,17,0,8,18,hex:1/14,OPTIMIZATION_DEADLINE,PASS,False,False,False,0.34538120199999867,0.09674809099988124,0.0006893390000186628,0.002817080000113492,4197,578,hex:-1/32,hex:3/2,,0
standard-11-b0,standard-11,standard,0.5,tariff,32,9,4,17,17,0,8,18,hex:1/14,EXACT,PASS,True,False,False,0.25551371300002756,0.006300865999946836,0.0006174350000947015,0.010604586999988896,4593,750,hex:1e85/3200,hex:1e85/3200,,
standard-11-b1,standard-11,standard,1.5,deficit,32,9,4,17,17,0,8,18,hex:1/14,TOLERANCE,PASS,True,False,False,0.8268702909999774,0.04470895400004338,0.0011091249998571584,0.5418758509999861,11759,1931,hex:1e85/3200,hex:c029/12c00,,
standard-11-b1,standard-11,standard,1.5,enumeration,32,9,4,17,17,0,8,18,hex:1/14,EXACT,PASS,True,False,False,0.6616619369999626,0.28441686999985905,0.0018252849999953469,0.13576482600001327,16597,1629,hex:1e85/3200,hex:1e85/3200,,
standard-11-b1,standard-11,standard,1.5,price,32,9,4,17,17,0,8,18,hex:1/14,TOLERANCE,PASS,True,False,False,0.27559393600017756,0.022532669999918653,0.0005835010001646879,0.013673358000005464,4316,666,hex:1d85/3200,hex:1f85/3200,,0
standard-11-b1,standard-11,standard,1.5,scip,32,9,4,17,17,0,8,18,hex:1/14,NUMERICAL_gaplimit,PASS_LOWER_ONLY,False,True,False,0.40981342199984283,0.15475045200014392,0.0009879389999696286,0.006478347999973266,4287,706,hex:1c85/3200,,0.6125800986842105,
standard-11-b1,standard-11,standard,1.5,tariff,32,9,4,17,17,0,8,18,hex:1/14,EXACT,PASS,True,False,False,0.25791177900009643,0.006399351000027309,0.0005836410000483738,0.010718020000012984,4593,750,hex:1e85/3200,hex:1e85/3200,,
standard-11-b2,standard-11,standard,3.0,deficit,32,9,4,17,17,0,8,18,hex:1/14,TOLERANCE,PASS,True,False,False,0.8119556389999616,0.04263196900001276,0.001096341999982542,0.5295171560001108,11759,1931,hex:1e85/3200,hex:c029/12c00,,
standard-11-b2,standard-11,standard,3.0,enumeration,32,9,4,17,17,0,8,18,hex:1/14,EXACT,PASS,True,False,False,0.67871178900009,0.29356474899987006,0.001909263000015926,0.13902041599999393,16597,1629,hex:1e85/3200,hex:1e85/3200,,
standard-11-b2,standard-11,standard,3.0,price,32,9,4,17,17,0,8,18,hex:1/14,TOLERANCE,PASS,True,False,False,0.27745852900011414,0.02274683499990715,0.0005929689998538379,0.01399080999999569,4316,666,hex:1d85/3200,hex:1f85/3200,,0
standard-11-b2,standard-11,standard,3.0,scip,32,9,4,17,17,0,8,18,hex:1/14,NUMERICAL_gaplimit,PASS_LOWER_ONLY,False,True,False,0.4111022619999858,0.15469379500018476,0.0009792420000849233,0.006529835000037565,4287,706,hex:1c85/3200,,0.6125800986842105,
standard-11-b2,standard-11,standard,3.0,tariff,32,9,4,17,17,0,8,18,hex:1/14,EXACT,PASS,True,False,False,0.25571428200009905,0.00629071200000908,0.0005930089998855692,0.010591931000135446,4593,750,hex:1e85/3200,hex:1e85/3200,,
standard-12-b0,standard-12,standard,0.5,deficit,8,17,4,6,6,0,5,313,hex:1/64,OPTIMIZATION_DEADLINE,PASS,False,False,False,0.33659369599990896,0.09709630299994387,0.00045461000013347075,0.0009442870000384573,1736,475,hex:-1/c8,hex:3/2,,0
standard-12-b0,standard-12,standard,0.5,enumeration,8,17,4,6,6,0,5,313,hex:1/64,TIME_LIMIT,PASS,False,False,False,0.3076151899999786,0.06562848799990206,0.0013897999999699095,0.00116626199996972,12157,1068,hex:c87/3200,hex:3/2,,
standard-12-b0,standard-12,standard,0.5,price,8,17,4,6,6,0,5,313,hex:1/64,TOLERANCE,PASS,True,False,False,0.2750495709999541,0.025637584999913088,0.0004111499999908119,0.010929201999942961,1811,506,hex:c47/3200,hex:cc7/3200,,0
standard-12-b0,standard-12,standard,0.5,scip,8,17,4,6,6,0,5,313,hex:1/64,OPTIMIZATION_DEADLINE,PASS,False,False,False,0.34958677999998145,0.10416207499997654,0.00047790400003577815,0.0011073830000896123,1736,475,hex:-1/c8,hex:3/2,,0
standard-12-b0,standard-12,standard,0.5,tariff,8,17,4,6,6,0,5,313,hex:1/64,EXACT,PASS,True,False,False,0.2548863900001379,0.006077602999994269,0.00042198999994980113,0.010199155999998766,2492,637,hex:c87/3200,hex:c87/3200,,
standard-12-b1,standard-12,standard,1.5,deficit,8,17,4,6,6,0,5,313,hex:1/64,OPTIMIZATION_DEADLINE,PASS,False,False,False,0.9412459719999333,0.7015252710000368,0.0005098040001030313,0.0009482440000283532,1736,475,hex:-1/c8,hex:3/2,,0
standard-12-b1,standard-12,standard,1.5,enumeration,8,17,4,6,6,0,5,313,hex:1/64,TIME_LIMIT,PASS,False,False,False,0.9252061170000161,0.670873432999997,0.010366338000039832,0.001145033000057083,108831,5520,hex:c87/3200,hex:3/2,,
standard-12-b1,standard-12,standard,1.5,price,8,17,4,6,6,0,5,313,hex:1/64,TOLERANCE,PASS,True,False,False,0.27712687799999003,0.02577926000003572,0.00048173200002565864,0.011055859000180135,1811,506,hex:c47/3200,hex:cc7/3200,,0
standard-12-b1,standard-12,standard,1.5,scip,8,17,4,6,6,0,5,313,hex:1/64,NUMERICAL_gaplimit,PASS_LOWER_ONLY,False,True,False,0.4301737799999046,0.1781071249999968,0.000601364999965881,0.005204540000022462,1800,543,hex:c87/3200,,0.25540751082461466,
standard-12-b1,standard-12,standard,1.5,tariff,8,17,4,6,6,0,5,313,hex:1/64,EXACT,PASS,True,False,False,0.2526703430000907,0.00608508699997401,0.000447678000000451,0.010062980999919091,2492,637,hex:c87/3200,hex:c87/3200,,
standard-12-b2,standard-12,standard,3.0,deficit,8,17,4,6,6,0,5,313,hex:1/64,TOLERANCE,,False,False,True,3.0059974010000587,1.054556625999794,0.016577781000023606,,206426,15424,hex:c87/3200,hex:1a03/6400,,
standard-12-b2,standard-12,standard,3.0,enumeration,8,17,4,6,6,0,5,313,hex:1/64,EXACT,PASS,True,False,False,1.4488233639999635,0.7046812969999792,0.010727804999987711,0.4922251340001367,112900,5702,hex:c87/3200,hex:c87/3200,,
standard-12-b2,standard-12,standard,3.0,price,8,17,4,6,6,0,5,313,hex:1/64,TOLERANCE,PASS,True,False,False,0.2754205850001199,0.025607949000004737,0.0004922210000586347,0.011075945999891701,1811,506,hex:c47/3200,hex:cc7/3200,,0
standard-12-b2,standard-12,standard,3.0,scip,8,17,4,6,6,0,5,313,hex:1/64,NUMERICAL_gaplimit,PASS_LOWER_ONLY,False,True,False,0.4399800099999993,0.1832365339998887,0.0007101389999206731,0.005353357999865693,1800,543,hex:c87/3200,,0.25540751082461466,
standard-12-b2,standard-12,standard,3.0,tariff,8,17,4,6,6,0,5,313,hex:1/64,EXACT,PASS,True,False,False,0.2545410840000386,0.006034752000005028,0.00044354999999995925,0.010234221000018806,2492,637,hex:c87/3200,hex:c87/3200,,
standard-13-b0,standard-13,standard,0.5,deficit,16,17,4,10,10,0,7,183,hex:1/64,OPTIMIZATION_DEADLINE,PASS,False,False,False,0.33758865400000104,0.09777836100010973,0.0004923110000163433,0.0014505439999084047,2604,522,hex:-1/64,hex:3/2,,0
standard-13-b0,standard-13,standard,0.5,enumeration,16,17,4,10,10,0,7,183,hex:1/64,TIME_LIMIT,PASS,False,False,False,0.3075365380000221,0.06706021799982409,0.0010430120000819443,0.0017449560000386555,8649,973,hex:aed/1900,hex:3/2,,
standard-13-b0,standard-13,standard,0.5,price,16,17,4,10,10,0,7,183,hex:1/64,TOLERANCE,PASS,True,False,False,0.3014784619999773,0.04835318300001745,0.000511467000023913,0.014121505000048273,2679,557,hex:aed/1900,hex:b2d/1900,,0
standard-13-b0,standard-13,standard,0.5,scip,16,17,4,10,10,0,7,183,hex:1/64,OPTIMIZATION_DEADLINE,PASS,False,False,False,0.35108813500005454,0.10352810999984285,0.00053749600010633,0.001707676000023639,2604,522,hex:-1/64,hex:3/2,,0
standard-13-b0,standard-13,standard,0.5,tariff,16,17,4,10,10,0,7,183,hex:1/64,EXACT,PASS,True,False,False,0.2585168979999253,0.008224330000075497,0.00048820300003171724,0.012648619999936273,3407,699,hex:aed/1900,hex:aed/1900,,
standard-13-b1,standard-13,standard,1.5,deficit,16,17,4,10,10,0,7,183,hex:1/64,OPTIMIZATION_DEADLINE,PASS,False,False,False,0.9412125360001937,0.699058887000092,0.0005253629999515397,0.0014392130001397163,2604,522,hex:-1/64,hex:3/2,,0
standard-13-b1,standard-13,standard,1.5,enumeration,16,17,4,10,10,0,7,183,hex:1/64,TIME_LIMIT,PASS,False,False,False,0.9188899030000357,0.6739082629999302,0.005768544000147813,0.0017349869999634393,61011,3488,hex:aed/1900,hex:3/2,,
standard-13-b1,standard-13,standard,1.5,price,16,17,4,10,10,0,7,183,hex:1/64,TOLERANCE,PASS,True,False,False,0.30105387699995845,0.04819871400013653,0.0005508819999704428,0.01417220999996971,2679,557,hex:aed/1900,hex:b2d/1900,,0
standard-13-b1,standard-13,standard,1.5,scip,16,17,4,10,10,0,7,183,hex:1/64,NUMERICAL_optimal,PASS_LOWER_ONLY,False,True,False,0.5634365599999,0.308654911000076,0.0007976130000315607,0.005673287000035998,2642,585,hex:aed/1900,,0.43703125,
standard-13-b1,standard-13,standard,1.5,tariff,16,17,4,10,10,0,7,183,hex:1/64,EXACT,PASS,True,False,False,0.26311347999990176,0.008314277999943442,0.0004996950001441292,0.012708961999805979,3407,699,hex:aed/1900,hex:aed/1900,,
standard-13-b2,standard-13,standard,3.0,deficit,16,17,4,10,10,0,7,183,hex:1/64,TOLERANCE,,False,False,True,3.0049397909999698,0.7765276519999134,0.01215364400013641,,140175,20983,hex:aed/1900,hex:1657/3200,,
standard-13-b2,standard-13,standard,3.0,enumeration,16,17,4,10,10,0,7,183,hex:1/64,TIME_LIMIT,PASS,False,False,False,1.8339690150000933,1.5815993749999961,0.013456433000101242,0.0017265209999095532,141373,7279,hex:aed/1900,hex:3/2,,
standard-13-b2,standard-13,standard,3.0,price,16,17,4,10,10,0,7,183,hex:1/64,TOLERANCE,PASS,True,False,False,0.3069600819999323,0.04998262899994188,0.0005889720000595844,0.014699659000143583,2679,557,hex:aed/1900,hex:b2d/1900,,0
standard-13-b2,standard-13,standard,3.0,scip,16,17,4,10,10,0,7,183,hex:1/64,NUMERICAL_optimal,PASS_LOWER_ONLY,False,True,False,0.5639700060000905,0.3084816890000184,0.0007971419997829798,0.005644191999863324,2642,585,hex:aed/1900,,0.43703125,
standard-13-b2,standard-13,standard,3.0,tariff,16,17,4,10,10,0,7,183,hex:1/64,EXACT,PASS,True,False,False,0.2600640799998928,0.008252613999957248,0.0005109070000344218,0.012670382000123936,3407,699,hex:aed/1900,hex:aed/1900,,
standard-14-b0,standard-14,standard,0.5,deficit,32,17,4,20,20,0,8,88,hex:1/64,OPTIMIZATION_DEADLINE,PASS,False,False,False,0.33867898099993,0.0978447889999643,0.0006634110000049986,0.002483227999846349,4361,618,hex:-3/c8,hex:3/2,,0
standard-14-b0,standard-14,standard,0.5,enumeration,32,17,4,20,20,0,8,88,hex:1/64,TIME_LIMIT,PASS,False,False,False,0.30837038100003156,0.06435304100000394,0.0008987310000065918,0.0029235609999886947,7321,1034,hex:28d/47e,hex:3/2,,
standard-14-b0,standard-14,standard,0.5,price,32,17,4,20,20,0,8,88,hex:1/64,TOLERANCE,PASS,True,False,False,0.33371134499998334,0.07296131099997183,0.0006389560001025529,0.021131285999899774,4522,711,hex:2d111/47e00,hex:16a877/23f000,,0
standard-14-b0,standard-14,standard,0.5,scip,32,17,4,20,20,0,8,88,hex:1/64,OPTIMIZATION_DEADLINE,PASS,False,False,False,0.3510327609999422,0.10380700699988665,0.0006977559999086225,0.0029429869998693903,4361,618,hex:-3/c8,hex:3/2,,0
standard-14-b0,standard-14,standard,0.5,tariff,32,17,4,20,20,0,8,88,hex:1/64,EXACT,PASS,True,False,False,0.27376520000007076,0.013446683999973175,0.0007959299998674396,0.020383366000032765,5247,884,hex:2d111/47e00,hex:2d111/47e00,,
standard-14-b1,standard-14,standard,1.5,deficit,32,17,4,20,20,0,8,88,hex:1/64,TOLERANCE,,False,False,True,1.504411712000092,0.47929773000009845,0.005866287000117154,,74465,8731,hex:2d111/47e00,hex:5b75d/8fc00,,
standard-14-b1,standard-14,standard,1.5,enumeration,32,17,4,20,20,0,8,88,hex:1/64,TIME_LIMIT,PASS,False,False,False,0.9145302629999605,0.667628786000023,0.0035598219999428693,0.00304589000006672,34744,3319,hex:2d111/47e00,hex:3/2,,
standard-14-b1,standard-14,standard,1.5,price,32,17,4,20,20,0,8,88,hex:1/64,TOLERANCE,PASS,True,False,False,0.33798555799990027,0.0729247110000415,0.0007083749999310385,0.021211572000083834,4522,711,hex:2d111/47e00,hex:16a877/23f000,,0
standard-14-b1,standard-14,standard,1.5,scip,32,17,4,20,20,0,8,88,hex:1/64,NUMERICAL_optimal,PASS_LOWER_ONLY,False,True,False,0.5243040749999182,0.2661825499999395,0.0010448359998918022,0.006645096000056583,4500,740,hex:2d111/47e00,,0.6270142663043478,
standard-14-b1,standard-14,standard,1.5,tariff,32,17,4,20,20,0,8,88,hex:1/64,EXACT,PASS,True,False,False,0.2724825160000819,0.013392671999781669,0.0006455980001192074,0.018577843999992183,5247,884,hex:2d111/47e00,hex:2d111/47e00,,
standard-14-b2,standard-14,standard,3.0,deficit,32,17,4,20,20,0,8,88,hex:1/64,TOLERANCE,,False,False,True,3.0060136360000342,0.47980487799986804,0.0057978790000561276,,74465,8731,hex:2d111/47e00,hex:5b75d/8fc00,,
standard-14-b2,standard-14,standard,3.0,enumeration,32,17,4,20,20,0,8,88,hex:1/64,TIME_LIMIT,PASS,False,False,False,1.8219432649998453,1.5720052359999954,0.007226673999866762,0.0029150450000088313,72369,6008,hex:2d111/47e00,hex:3/2,,
standard-14-b2,standard-14,standard,3.0,price,32,17,4,20,20,0,8,88,hex:1/64,TOLERANCE,PASS,True,False,False,0.33468260800009375,0.07372388899989346,0.0006609370000205672,0.021044931000005818,4522,711,hex:2d111/47e00,hex:16a877/23f000,,0
standard-14-b2,standard-14,standard,3.0,scip,32,17,4,20,20,0,8,88,hex:1/64,NUMERICAL_optimal,PASS_LOWER_ONLY,False,True,False,0.5228415209999184,0.26466116599999623,0.0010177949998251279,0.006546971000034318,4500,740,hex:2d111/47e00,,0.6270142663043478,
standard-14-b2,standard-14,standard,3.0,tariff,32,17,4,20,20,0,8,88,hex:1/64,EXACT,PASS,True,False,False,0.26993418699998983,0.013372292999974889,0.000667828999894482,0.018206067999926745,5247,884,hex:2d111/47e00,hex:2d111/47e00,,
standard-15-b0,standard-15,standard,0.5,deficit,8,25,4,5,5,0,6,1194,hex:1/1f4,OPTIMIZATION_DEADLINE,PASS,False,False,False,0.3367358499999682,0.09695975099998577,0.0004703089998656651,0.0009765670001797844,1910,500,hex:-1/32,hex:3/2,,0
standard-15-b0,standard-15,standard,0.5,enumeration,8,25,4,5,5,0,6,1194,hex:1/1f4,TIME_LIMIT,PASS,False,False,False,0.30776109999987966,0.06785225299995545,0.001416419999941354,0.0012456609999844659,13160,1144,hex:43/190,hex:3/2,,
standard-15-b0,standard-15,standard,0.5,price,8,25,4,5,5,0,6,1194,hex:1/1f4,TIME_LIMIT,PASS,False,False,False,0.3248971600000914,0.06917627999996512,0.0005111560001296311,0.01587724900014109,1947,529,hex:43/190,hex:3a085/145000,,0
standard-15-b0,standard-15,standard,0.5,scip,8,25,4,5,5,0,6,1194,hex:1/1f4,OPTIMIZATION_DEADLINE,PASS,False,False,False,0.3432717069999853,0.09608953400015707,0.0004949760000272363,0.0012260229998446448,1910,500,hex:-1/32,hex:3/2,,0
standard-15-b0,standard-15,standard,0.5,tariff,8,25,4,5,5,0,6,1194,hex:1/1f4,EXACT,PASS,True,False,False,0.2607400350000262,0.00852205099999992,0.0005100039998069406,0.013071360000139975,2972,716,hex:43/190,hex:43/190,,
standard-15-b1,standard-15,standard,1.5,deficit,8,25,4,5,5,0,6,1194,hex:1/1f4,OPTIMIZATION_DEADLINE,PASS,False,False,False,0.9415760709998722,0.6963075950000075,0.0004698089999237709,0.0010024359999079024,1910,500,hex:-1/32,hex:3/2,,0
standard-15-b1,standard-15,standard,1.5,enumeration,8,25,4,5,5,0,6,1194,hex:1/1f4,TIME_LIMIT,PASS,False,False,False,0.9280077399998845,0.6765561610000077,0.010744558999931542,0.0012659479998546885,118693,5762,hex:43/190,hex:3/2,,
standard-15-b1,standard-15,standard,1.5,price,8,25,4,5,5,0,6,1194,hex:1/1f4,TIME_LIMIT,PASS,False,False,False,0.9687876929999675,0.6705317820001255,0.000736637999807499,0.05450911399998404,5576,781,hex:43/190,hex:725f85/28a0000,,18
standard-15-b1,standard-15,standard,1.5,scip,8,25,4,5,5,0,6,1194,hex:1/1f4,NUMERICAL_gaplimit,PASS_LOWER_ONLY,False,True,False,0.5784743910000998,0.3263565249999374,0.0006094190000567323,0.0052357340000526165,1932,547,hex:43/190,,0.16750869601383805,
standard-15-b1,standard-15,standard,1.5,tariff,8,25,4,5,5,0,6,1194,hex:1/1f4,EXACT,PASS,True,False,False,0.25890018299992335,0.00844147099996917,0.00046826500010865857,0.012849907000145322,2972,716,hex:43/190,hex:43/190,,
standard-15-b2,standard-15,standard,3.0,deficit,8,25,4,5,5,0,6,1194,hex:1/1f4,OPTIMIZATION_DEADLINE,PASS,False,False,False,1.8447891539999546,1.5966608279998127,0.0004389409998566407,0.0009712369999306247,1910,500,hex:-1/32,hex:3/2,,0
standard-15-b2,standard-15,standard,3.0,enumeration,8,25,4,5,5,0,6,1194,hex:1/1f4,OPTIMIZATION_DEADLINE,PASS,False,False,False,1.8348640219999197,1.5915011160000176,0.0004596289998062275,0.0011773829999128793,1911,512,hex:43/190,hex:3/2,,0
standard-15-b2,standard-15,standard,3.0,price,8,25,4,5,5,0,6,1194,hex:1/1f4,TOLERANCE,PASS,True,False,False,1.511002899999994,1.177681567000036,0.0011180819999481173,0.08512410499997713,11991,1080,hex:43/190,hex:6e1e95/28a0000,,19
standard-15-b2,standard-15,standard,3.0,scip,8,25,4,5,5,0,6,1194,hex:1/1f4,NUMERICAL_gaplimit,PASS_LOWER_ONLY,False,True,False,0.5844796629999109,0.3278127260000474,0.0006109729999934643,0.005257057000108034,1932,547,hex:43/190,,0.16750869601383805,
standard-15-b2,standard-15,standard,3.0,tariff,8,25,4,5,5,0,6,1194,hex:1/1f4,EXACT,PASS,True,False,False,0.2611421210001481,0.008689279000009265,0.0004578559999117715,0.012826320999920426,2972,716,hex:43/190,hex:43/190,,
standard-16-b0,standard-16,standard,0.5,deficit,16,25,4,10,10,0,7,903,hex:1/1f4,OPTIMIZATION_DEADLINE,PASS,False,False,False,0.33807530000012775,0.09805841799993686,0.0004996749999008898,0.0014888860000610293,2776,546,hex:-1/c8,hex:3/2,,0
standard-16-b0,standard-16,standard,0.5,enumeration,16,25,4,10,10,0,7,903,hex:1/1f4,TIME_LIMIT,PASS,False,False,False,0.30743942300000526,0.06791224800008422,0.0010726270002123783,0.0018675050000638294,9539,1116,hex:1879d/37780,hex:3/2,,
standard-16-b0,standard-16,standard,0.5,price,16,25,4,10,10,0,7,903,hex:1/1f4,TIME_LIMIT,PASS,False,False,False,0.3321257370000694,0.07285537799998565,0.0005554899998969631,0.019540204000122685,2891,594,hex:17ebd/37780,hex:18c0d/37780,,0
standard-16-b0,standard-16,standard,0.5,scip,16,25,4,10,10,0,7,903,hex:1/1f4,OPTIMIZATION_DEADLINE,PASS,False,False,False,0.3501465469998948,0.10449817800008532,0.0005464620001021103,0.0017858020000858232,2776,546,hex:-1/c8,hex:3/2,,0
standard-16-b0,standard-16,standard,0.5,tariff,16,25,4,10,10,0,7,903,hex:1/1f4,EXACT,PASS,True,False,False,0.27076659999988806,0.014192177000040829,0.0005392289999690547,0.018963735999932396,3951,797,hex:1879d/37780,hex:1879d/37780,,
standard-16-b1,standard-16,standard,1.5,deficit,16,25,4,10,10,0,7,903,hex:1/1f4,OPTIMIZATION_DEADLINE,PASS,False,False,False,0.9422525349998523,0.7017691409998861,0.00053925900010654,0.001516227000138315,2776,546,hex:-1/c8,hex:3/2,,0
standard-16-b1,standard-16,standard,1.5,enumeration,16,25,4,10,10,0,7,903,hex:1/1f4,TIME_LIMIT,PASS,False,False,False,0.9199596860000838,0.6740182380001443,0.00619926000013038,0.0018463650001194765,70056,4084,hex:1879d/37780,hex:3/2,,
standard-16-b1,standard-16,standard,1.5,price,16,25,4,10,10,0,7,903,hex:1/1f4,TIME_LIMIT,PASS,False,False,False,0.9904401489998236,0.6668917740000779,0.0008670629999869561,0.07912307500009774,7869,806,hex:1879d/37780,hex:314c475/6ef0000,,24
standard-16-b1,standard-16,standard,1.5,scip,16,25,4,10,10,0,7,903,hex:1/1f4,NUMERICAL_optimal,PASS_LOWER_ONLY,False,True,False,0.553428009000072,0.2981407429999763,0.0007741480001186574,0.005836381000108304,2887,646,hex:1879d/37780,,0.44125440140845074,
standard-16-b1,standard-16,standard,1.5,tariff,16,25,4,10,10,0,7,903,hex:1/1f4,EXACT,PASS,True,False,False,0.27915140999994037,0.01426747699997577,0.0005667010000252048,0.019342352999956347,3951,797,hex:1879d/37780,hex:1879d/37780,,
standard-16-b2,standard-16,standard,3.0,deficit,16,25,4,10,10,0,7,903,hex:1/1f4,OPTIMIZATION_DEADLINE,PASS,False,False,False,1.8468320859999494,1.6043186629999582,0.000553445000150532,0.0015198440000858682,2776,546,hex:-1/c8,hex:3/2,,0
standard-16-b2,standard-16,standard,3.0,enumeration,16,25,4,10,10,0,7,903,hex:1/1f4,TIME_LIMIT,PASS,False,False,False,1.8346945240000423,1.5791371360000994,0.013053986999921108,0.0019082209998941835,149752,7820,hex:1879d/37780,hex:3/2,,
standard-16-b2,standard-16,standard,3.0,price,16,25,4,10,10,0,7,903,hex:1/1f4,TOLERANCE,PASS,True,False,False,1.550492236000082,1.199165093999909,0.0012235890001193184,0.10281471600001169,13244,975,hex:1879d/37780,hex:1894ec1/3778000,,24
standard-16-b2,standard-16,standard,3.0,scip,16,25,4,10,10,0,7,903,hex:1/1f4,NUMERICAL_optimal,PASS_LOWER_ONLY,False,True,False,0.5487773799998195,0.29332173199986755,0.000796118999915052,0.005818427000122028,2887,646,hex:1879d/37780,,0.44125440140845074,
standard-16-b2,standard-16,standard,3.0,tariff,16,25,4,10,10,0,7,903,hex:1/1f4,EXACT,PASS,True,False,False,0.2703628619999563,0.014217153000117833,0.0005247719998351386,0.019100591000096756,3951,797,hex:1879d/37780,hex:1879d/37780,,
standard-17-b0,standard-17,standard,0.5,deficit,32,25,4,18,18,0,8,437,hex:1/1f4,OPTIMIZATION_DEADLINE,PASS,False,False,False,0.3390302719999454,0.098513579000155,0.0006192190001002018,0.002548549000039202,4525,641,hex:-1/64,hex:3/2,,0
standard-17-b0,standard-17,standard,0.5,enumeration,32,25,4,18,18,0,8,437,hex:1/1f4,TIME_LIMIT,PASS,False,False,False,0.30906266000010874,0.06712963900008617,0.001068789999862929,0.003100092000067889,7647,1072,hex:21081/3c280,hex:3/2,,
standard-17-b0,standard-17,standard,0.5,price,32,25,4,18,18,0,8,437,hex:1/1f4,TIME_LIMIT,PASS,False,False,False,0.3566216390001955,0.0877297389999967,0.0007047579999834852,0.029336613999930705,4720,771,hex:a92d/11300,hex:b16d/11300,,0
standard-17-b0,standard-17,standard,0.5,scip,32,25,4,18,18,0,8,437,hex:1/1f4,OPTIMIZATION_DEADLINE,PASS,False,False,False,0.3512173060000805,0.10500657800002955,0.0007491219998883025,0.0030299200000172277,4525,641,hex:-1/64,hex:3/2,,0
standard-17-b0,standard-17,standard,0.5,tariff,32,25,4,18,18,0,8,437,hex:1/1f4,EXACT,PASS,True,False,False,0.2948834759999954,0.025575035999963802,0.0006718770000588847,0.031753367000192156,5810,968,hex:aead/11300,hex:aead/11300,,
standard-17-b1,standard-17,standard,1.5,deficit,32,25,4,18,18,0,8,437,hex:1/1f4,OPTIMIZATION_DEADLINE,PASS,False,False,False,0.9434275900000557,0.702401208000083,0.0006283959999109356,0.0025103579998813075,4525,641,hex:-1/64,hex:3/2,,0
standard-17-b1,standard-17,standard,1.5,enumeration,32,25,4,18,18,0,8,437,hex:1/1f4,TIME_LIMIT,PASS,False,False,False,0.9141527980000319,0.668101045999947,0.0034495559998504177,0.0030719879998741817,34516,3520,hex:aead/11300,hex:3/2,,
standard-17-b1,standard-17,standard,1.5,price,32,25,4,18,18,0,8,437,hex:1/1f4,TOLERANCE,PASS,True,False,False,0.4623379450001721,0.19252299400000084,0.0007236740000280406,0.030026637999981176,4658,746,hex:aead/11300,hex:13292f9/1e14000,,0
standard-17-b1,standard-17,standard,1.5,scip,32,25,4,18,18,0,8,437,hex:1/1f4,OPTIMIZATION_DEADLINE,PASS,False,False,False,0.981397060000063,0.7289573850000579,0.0007604129998526332,0.0031051700000261917,4525,641,hex:-1/64,hex:3/2,,0
standard-17-b1,standard-17,standard,1.5,tariff,32,25,4,18,18,0,8,437,hex:1/1f4,EXACT,PASS,True,False,False,0.2962346990000242,0.025492172999975082,0.0006927269998868724,0.031868966000047294,5810,968,hex:aead/11300,hex:aead/11300,,
standard-17-b2,standard-17,standard,3.0,deficit,32,25,4,18,18,0,8,437,hex:1/1f4,OPTIMIZATION_DEADLINE,PASS,False,False,False,1.8481492599999,1.6062369520000175,0.0006437550000555348,0.002498063999837541,4525,641,hex:-1/64,hex:3/2,,0
standard-17-b2,standard-17,standard,3.0,enumeration,32,25,4,18,18,0,8,437,hex:1/1f4,TIME_LIMIT,PASS,False,False,False,1.82329671399998,1.571986693999861,0.007550709000042843,0.0030469710000033956,77067,6370,hex:aead/11300,hex:3/2,,
standard-17-b2,standard-17,standard,3.0,price,32,25,4,18,18,0,8,437,hex:1/1f4,TOLERANCE,PASS,True,False,False,0.4649688269998933,0.19730835899986232,0.0007046489999993355,0.030073185999981433,4658,746,hex:aead/11300,hex:13292f9/1e14000,,0
standard-17-b2,standard-17,standard,3.0,scip,32,25,4,18,18,0,8,437,hex:1/1f4,NUMERICAL_optimal,PASS_LOWER_ONLY,False,True,False,0.9712162200000876,0.7170063209998716,0.0010221229999842762,0.006546289999960209,4632,774,hex:aead/11300,,0.6351846590909092,
standard-17-b2,standard-17,standard,3.0,tariff,32,25,4,18,18,0,8,437,hex:1/1f4,EXACT,PASS,True,False,False,0.29797853100012617,0.02541449700015619,0.0006775980000384152,0.03193053100017096,5810,968,hex:aead/11300,hex:aead/11300,,
standard-18-b0,standard-18,standard,0.5,deficit,8,9,6,6,6,0,5,75,hex:1/14,OPTIMIZATION_DEADLINE,PASS,False,False,False,0.3364764080001805,0.0994157609998183,0.0004525960000592022,0.0008520640001279389,1556,457,hex:-3/c8,hex:3/2,,0
standard-18-b0,standard-18,standard,0.5,enumeration,8,9,6,6,6,0,5,75,hex:1/14,TIME_LIMIT,PASS,False,False,False,0.306296975000123,0.06689466500006347,0.001346369999964736,0.0010292360000221379,12080,1011,hex:8cb/3200,hex:3/2,,
standard-18-b0,standard-18,standard,0.5,price,8,9,6,6,6,0,5,75,hex:1/14,TOLERANCE,PASS,True,False,False,0.2529148440000881,0.007946059000005334,0.0003923940000731818,0.0076210110000829445,1640,483,hex:74b/3200,hex:98b/3200,,0
standard-18-b0,standard-18,standard,0.5,scip,8,9,6,6,6,0,5,75,hex:1/14,OPTIMIZATION_DEADLINE,PASS,False,False,False,0.3426200640001298,0.09402506299989,0.00045074300010128354,0.0009903029999804858,1556,457,hex:-3/c8,hex:3/2,,0
standard-18-b0,standard-18,standard,0.5,tariff,8,9,6,6,6,0,5,75,hex:1/14,EXACT,PASS,True,False,False,0.24632547400005933,0.003383339999800228,0.0004204460001346888,0.007337470000038593,2136,603,hex:8cb/3200,hex:8cb/3200,,
standard-18-b1,standard-18,standard,1.5,deficit,8,9,6,6,6,0,5,75,hex:1/14,TOLERANCE,PASS,True,False,False,0.9692066089999116,0.09330602800014276,0.0032730149998769775,0.634253881999939,42526,3893,hex:8cb/3200,hex:1637/6400,,
standard-18-b1,standard-18,standard,1.5,enumeration,8,9,6,6,6,0,5,75,hex:1/14,EXACT,PASS,True,False,False,0.49089846900005796,0.1454845870000554,0.002684963999854517,0.10185863099991366,23039,1459,hex:8cb/3200,hex:8cb/3200,,
standard-18-b1,standard-18,standard,1.5,price,8,9,6,6,6,0,5,75,hex:1/14,TOLERANCE,PASS,True,False,False,0.2544459700000061,0.007969793000029313,0.00038065199987613596,0.007687545999942813,1640,483,hex:74b/3200,hex:98b/3200,,0
standard-18-b1,standard-18,standard,1.5,scip,8,9,6,6,6,0,5,75,hex:1/14,NUMERICAL_optimal,PASS_LOWER_ONLY,False,True,False,0.40243407100001605,0.15165949100014586,0.0005778209999789397,0.005202193999821247,1615,516,hex:8cb/3200,,0.17585937499999998,
standard-18-b1,standard-18,standard,1.5,tariff,8,9,6,6,6,0,5,75,hex:1/14,EXACT,PASS,True,False,False,0.25068337900006554,0.0034386049999284296,0.0004107790000489331,0.007476760999907128,2136,603,hex:8cb/3200,hex:8cb/3200,,
standard-18-b2,standard-18,standard,3.0,deficit,8,9,6,6,6,0,5,75,hex:1/14,TOLERANCE,PASS,True,False,False,0.9604134449998583,0.0934661880000931,0.00332378999996763,0.6236247749998256,42526,3893,hex:8cb/3200,hex:1637/6400,,
standard-18-b2,standard-18,standard,3.0,enumeration,8,9,6,6,6,0,5,75,hex:1/14,EXACT,PASS,True,False,False,0.48402017800003705,0.14103522000004887,0.002597389999891675,0.1008297160001348,23039,1459,hex:8cb/3200,hex:8cb/3200,,
standard-18-b2,standard-18,standard,3.0,price,8,9,6,6,6,0,5,75,hex:1/14,TOLERANCE,PASS,True,False,False,0.2528102689998377,0.007887339000035354,0.00039227399997798784,0.007707872999844767,1640,483,hex:74b/3200,hex:98b/3200,,0
standard-18-b2,standard-18,standard,3.0,scip,8,9,6,6,6,0,5,75,hex:1/14,NUMERICAL_optimal,PASS_LOWER_ONLY,False,True,False,0.40664126299998316,0.15268219500012492,0.0005827110001064284,0.0050617910001165,1615,516,hex:8cb/3200,,0.17585937499999998,
standard-18-b2,standard-18,standard,3.0,tariff,8,9,6,6,6,0,5,75,hex:1/14,EXACT,PASS,True,False,False,0.2511473770000521,0.003396877000113818,0.00040005799996833957,0.007458556000074168,2136,603,hex:8cb/3200,hex:8cb/3200,,
standard-19-b0,standard-19,standard,0.5,deficit,16,9,6,9,9,0,7,51,hex:1/14,TOLERANCE,,False,False,True,0.5029156460000195,0.07968443899994782,0.0025788660000216623,,32169,5417,hex:1f25/5140,hex:4647/a280,,
standard-19-b0,standard-19,standard,0.5,enumeration,16,9,6,9,9,0,7,51,hex:1/14,TIME_LIMIT,PASS,False,False,False,0.3071629660000781,0.06736024299993915,0.0010540019998188654,0.0016416420000950893,8451,936,hex:1f25/5140,hex:3/2,,
standard-19-b0,standard-19,standard,0.5,price,16,9,6,9,9,0,7,51,hex:1/14,TOLERANCE,PASS,True,False,False,0.259303035999892,0.012744504000011148,0.00042357300003459386,0.009631348000084472,2498,540,hex:1d85/5140,hex:20c5/5140,,0
standard-19-b0,standard-19,standard,0.5,scip,16,9,6,9,9,0,7,51,hex:1/14,OPTIMIZATION_DEADLINE,PASS,False,False,False,0.34879584500004057,0.10375952200001848,0.0005362130000321486,0.0016260319998764317,2431,503,hex:-1/32,hex:3/2,,0
standard-19-b0,standard-19,standard,0.5,tariff,16,9,6,9,9,0,7,51,hex:1/14,EXACT,PASS,True,False,False,0.24990678699987257,0.004355988999805049,0.0004606219999914174,0.008487629000001107,3022,676,hex:1f25/5140,hex:1f25/5140,,
standard-19-b1,standard-19,standard,1.5,deficit,16,9,6,9,9,0,7,51,hex:1/14,TOLERANCE,PASS,True,False,False,1.0961214660001133,0.07967243799998869,0.002660327000057805,0.7745079339999847,32169,5417,hex:1f25/5140,hex:4647/a280,,
standard-19-b1,standard-19,standard,1.5,enumeration,16,9,6,9,9,0,7,51,hex:1/14,EXACT,PASS,True,False,False,0.7359896809998645,0.3186014969999178,0.0031556540000110544,0.17262382900003104,28244,1820,hex:1f25/5140,hex:1f25/5140,,
standard-19-b1,standard-19,standard,1.5,price,16,9,6,9,9,0,7,51,hex:1/14,TOLERANCE,PASS,True,False,False,0.26605713200001446,0.013157164999938686,0.0004374489999463549,0.009900411999979042,2498,540,hex:1d85/5140,hex:20c5/5140,,0
standard-19-b1,standard-19,standard,1.5,scip,16,9,6,9,9,0,7,51,hex:1/14,NUMERICAL_optimal,PASS_LOWER_ONLY,False,True,False,0.6691935339999873,0.4167105569999876,0.0007617349999691214,0.005566784999928132,2497,585,hex:1f25/5140,,0.38331730769230765,
standard-19-b1,standard-19,standard,1.5,tariff,16,9,6,9,9,0,7,51,hex:1/14,EXACT,PASS,True,False,False,0.2515507420000631,0.004356781000069532,0.00048637000008966425,0.008482069000137926,3022,676,hex:1f25/5140,hex:1f25/5140,,
standard-19-b2,standard-19,standard,3.0,deficit,16,9,6,9,9,0,7,51,hex:1/14,TOLERANCE,PASS,True,False,False,1.0971158259999356,0.0789901320001718,0.0026195000000370783,0.7746667320000142,32169,5417,hex:1f25/5140,hex:4647/a280,,
standard-19-b2,standard-19,standard,3.0,enumeration,16,9,6,9,9,0,7,51,hex:1/14,EXACT,PASS,True,False,False,0.7243531710000752,0.31066972700000406,0.003094459000067218,0.17029036300004918,28244,1820,hex:1f25/5140,hex:1f25/5140,,
standard-19-b2,standard-19,standard,3.0,price,16,9,6,9,9,0,7,51,hex:1/14,TOLERANCE,PASS,True,False,False,0.2625262159999693,0.012654555000153778,0.0004595190000600269,0.009780218000059904,2498,540,hex:1d85/5140,hex:20c5/5140,,0
standard-19-b2,standard-19,standard,3.0,scip,16,9,6,9,9,0,7,51,hex:1/14,NUMERICAL_optimal,PASS_LOWER_ONLY,False,True,False,0.6761623019999661,0.4200295670000287,0.000747097999919788,0.00557070200011367,2497,585,hex:1f25/5140,,0.38331730769230765,
standard-19-b2,standard-19,standard,3.0,tariff,16,9,6,9,9,0,7,51,hex:1/14,EXACT,PASS,True,False,False,0.2504485700001169,0.0043572820000008505,0.0004663629999868135,0.008404282999890711,3022,676,hex:1f25/5140,hex:1f25/5140,,
standard-20-b0,standard-20,standard,0.5,deficit,32,9,6,18,18,0,8,25,hex:1/14,TOLERANCE,,False,False,True,0.5028878570001325,0.0587655110000469,0.0017851600000540202,,20111,3892,hex:64ef/a5a0,hex:28d6f/3e1c0,,
standard-20-b0,standard-20,standard,0.5,enumeration,32,9,6,18,18,0,8,25,hex:1/14,TIME_LIMIT,PASS,False,False,False,0.30847320900011255,0.06695069700003842,0.0008789250000518223,0.0028644799999710813,6983,973,hex:65c3/a5a0,hex:3/2,,
standard-20-b0,standard-20,standard,0.5,price,32,9,6,18,18,0,8,25,hex:1/14,TOLERANCE,PASS,True,False,False,0.2709670780000124,0.01710045300001184,0.0006008440000186965,0.014011694000146235,4473,700,hex:6273/a5a0,hex:6697/a5a0,,0
standard-20-b0,standard-20,standard,0.5,scip,32,9,6,18,18,0,8,25,hex:1/14,OPTIMIZATION_DEADLINE,PASS,False,False,False,0.3453933309999684,0.09684396299985565,0.0006815950000600424,0.003076294999800666,4186,584,hex:-1/c8,hex:3/2,,0
standard-20-b0,standard-20,standard,0.5,tariff,32,9,6,18,18,0,8,25,hex:1/14,EXACT,PASS,True,False,False,0.25612384800001564,0.006612380999968082,0.0006210619999365008,0.010983960000203297,4834,813,hex:65c3/a5a0,hex:65c3/a5a0,,
standard-20-b1,standard-20,standard,1.5,deficit,32,9,6,18,18,0,8,25,hex:1/14,TOLERANCE,PASS,True,False,False,1.0498641020001287,0.05866609600002448,0.001721201000009387,0.7499281960001554,20111,3892,hex:64ef/a5a0,hex:28d6f/3e1c0,,
standard-20-b1,standard-20,standard,1.5,enumeration,32,9,6,18,18,0,8,25,hex:1/14,TIME_LIMIT,PASS,False,False,False,0.9140463110002202,0.6683093819999613,0.003259558999843648,0.002924091999830125,29729,2314,hex:65c3/a5a0,hex:3/2,,
standard-20-b1,standard-20,standard,1.5,price,32,9,6,18,18,0,8,25,hex:1/14,TOLERANCE,PASS,True,False,False,0.268542473000025,0.016859397999951398,0.0005948730001819058,0.01390420699999595,4473,700,hex:6273/a5a0,hex:6697/a5a0,,0
standard-20-b1,standard-20,standard,1.5,scip,32,9,6,18,18,0,8,25,hex:1/14,NUMERICAL_gaplimit,PASS_LOWER_ONLY,False,True,False,0.41422147600019343,0.15787334099991313,0.0010098099999140686,0.006611211000063122,4413,729,hex:6273/a5a0,,0.6151168329005126,
standard-20-b1,standard-20,standard,1.5,tariff,32,9,6,18,18,0,8,25,hex:1/14,EXACT,PASS,True,False,False,0.2621914490000563,0.006458815999849321,0.00058899200007545,0.01087694299985742,4834,813,hex:65c3/a5a0,hex:65c3/a5a0,,
standard-20-b2,standard-20,standard,3.0,deficit,32,9,6,18,18,0,8,25,hex:1/14,TOLERANCE,PASS,True,False,False,1.0492191849998562,0.05818842099984067,0.001941031999876941,0.7512664710000081,20111,3892,hex:64ef/a5a0,hex:28d6f/3e1c0,,
standard-20-b2,standard-20,standard,3.0,enumeration,32,9,6,18,18,0,8,25,hex:1/14,EXACT,PASS,True,False,False,1.2054033850001815,0.6801035109999702,0.003295206000075268,0.2823543580000205,30278,2333,hex:65c3/a5a0,hex:65c3/a5a0,,
standard-20-b2,standard-20,standard,3.0,price,32,9,6,18,18,0,8,25,hex:1/14,TOLERANCE,PASS,True,False,False,0.2704457849999926,0.016952951999883226,0.0005831910000324569,0.014047635999986596,4473,700,hex:6273/a5a0,hex:6697/a5a0,,0
standard-20-b2,standard-20,standard,3.0,scip,32,9,6,18,18,0,8,25,hex:1/14,NUMERICAL_gaplimit,PASS_LOWER_ONLY,False,True,False,0.41495952700006455,0.15887588599980518,0.0009740529999362479,0.006566988000031415,4413,729,hex:6273/a5a0,,0.6151168329005126,
standard-20-b2,standard-20,standard,3.0,tariff,32,9,6,18,18,0,8,25,hex:1/14,EXACT,PASS,True,False,False,0.2572108300000764,0.006481988999894384,0.0006019360000664165,0.010766826999997647,4834,813,hex:65c3/a5a0,hex:65c3/a5a0,,
standard-21-b0,standard-21,standard,0.5,deficit,8,17,6,6,6,0,6,274,hex:1/64,OPTIMIZATION_DEADLINE,PASS,False,False,False,0.33693516000016643,0.09704741800010197,0.0004493799999636394,0.0009122369999658986,1730,476,hex:-1/64,hex:3/2,,0
standard-21-b0,standard-21,standard,0.5,enumeration,8,17,6,6,6,0,6,274,hex:1/64,TIME_LIMIT,PASS,False,False,False,0.30865419800011296,0.0625457539999843,0.0013957510000182083,0.0011880429999564512,12018,1078,hex:1f49/ed80,hex:3/2,,
standard-21-b0,standard-21,standard,0.5,price,8,17,6,6,6,0,6,274,hex:1/64,TOLERANCE,PASS,True,False,False,0.2736391599999024,0.025279772999965644,0.0003895989998454752,0.01091013500013105,1828,509,hex:1f49/ed80,hex:21a9/ed80,,0
standard-21-b0,standard-21,standard,0.5,scip,8,17,6,6,6,0,6,274,hex:1/64,OPTIMIZATION_DEADLINE,PASS,False,False,False,0.3436398349999763,0.09673222399987935,0.00047657200002504396,0.0010794500001338747,1730,476,hex:-1/64,hex:3/2,,0
standard-21-b0,standard-21,standard,0.5,tariff,8,17,6,6,6,0,6,274,hex:1/64,EXACT,PASS,True,False,False,0.25367399099991417,0.0053706499998043,0.00043778899998869747,0.009942403999957605,2890,676,hex:1f49/ed80,hex:1f49/ed80,,
standard-21-b1,standard-21,standard,1.5,deficit,8,17,6,6,6,0,6,274,hex:1/64,OPTIMIZATION_DEADLINE,PASS,False,False,False,0.9400696249999783,0.7000585090002005,0.00042779000000336964,0.0009382860000641813,1730,476,hex:-1/64,hex:3/2,,0
standard-21-b1,standard-21,standard,1.5,enumeration,8,17,6,6,6,0,6,274,hex:1/64,TIME_LIMIT,PASS,False,False,False,0.9284062809999796,0.6782639010000366,0.011664034999967043,0.0011123910001060722,118399,5844,hex:1f49/ed80,hex:3/2,,
standard-21-b1,standard-21,standard,1.5,price,8,17,6,6,6,0,6,274,hex:1/64,TOLERANCE,PASS,True,False,False,0.27352854800005844,0.02538471799994113,0.0004502720000800764,0.010892001000001983,1828,509,hex:1f49/ed80,hex:21a9/ed80,,0
standard-21-b1,standard-21,standard,1.5,scip,8,17,6,6,6,0,6,274,hex:1/64,NUMERICAL_optimal,PASS_LOWER_ONLY,False,True,False,0.39743266899995433,0.14490410500002326,0.0006423419999919133,0.005220118000124785,1811,549,hex:1f49/ed80,,0.13172697368421055,
standard-21-b1,standard-21,standard,1.5,tariff,8,17,6,6,6,0,6,274,hex:1/64,EXACT,PASS,True,False,False,0.25346617900004276,0.005427335000149469,0.00046230499992816476,0.009433811999997488,2890,676,hex:1f49/ed80,hex:1f49/ed80,,
standard-21-b2,standard-21,standard,3.0,deficit,8,17,6,6,6,0,6,274,hex:1/64,TOLERANCE,,False,False,True,3.006066744000009,1.3404724920001172,0.0256711939998695,,339044,52096,hex:1f49/ed80,hex:c8e7/59100,,
standard-21-b2,standard-21,standard,3.0,enumeration,8,17,6,6,6,0,6,274,hex:1/64,OPTIMIZATION_DEADLINE,PASS,False,False,False,1.8337331679999807,1.5918225109999184,0.00043719799987229635,0.0009654559999034973,1776,498,hex:1f49/ed80,hex:3/2,,0
standard-21-b2,standard-21,standard,3.0,price,8,17,6,6,6,0,6,274,hex:1/64,TOLERANCE,PASS,True,False,False,0.2739261520000582,0.025726077000172154,0.0004110490001494327,0.010888314000112587,1828,509,hex:1f49/ed80,hex:21a9/ed80,,0
standard-21-b2,standard-21,standard,3.0,scip,8,17,6,6,6,0,6,274,hex:1/64,NUMERICAL_optimal,PASS_LOWER_ONLY,False,True,False,0.3962923049998608,0.1433721680000417,0.000559386999839262,0.005069235000064509,1811,549,hex:1f49/ed80,,0.13172697368421055,
standard-21-b2,standard-21,standard,3.0,tariff,8,17,6,6,6,0,6,274,hex:1/64,EXACT,PASS,True,False,False,0.2527209849999963,0.0053292519999104115,0.00045892899993305036,0.009305521999976918,2890,676,hex:1f49/ed80,hex:1f49/ed80,,
standard-22-b0,standard-22,standard,0.5,deficit,16,17,6,11,11,0,6,239,hex:1/64,OPTIMIZATION_DEADLINE,PASS,False,False,False,0.33749585400005344,0.09655170699988957,0.0005012480000914366,0.0014006809999500547,2605,523,hex:-3/c8,hex:3/2,,0
standard-22-b0,standard-22,standard,0.5,enumeration,16,17,6,11,11,0,6,239,hex:1/64,TIME_LIMIT,PASS,False,False,False,0.307212176999883,0.06635601600009977,0.001018775999909849,0.0017520779999813385,8598,1021,hex:931/1900,hex:3/2,,
standard-22-b0,standard-22,standard,0.5,price,16,17,6,11,11,0,6,239,hex:1/64,TIME_LIMIT,PASS,False,False,False,0.32555112199997893,0.06976633699991908,0.000558455000145841,0.014883741000176087,2664,564,hex:931/1900,hex:2628d/64000,,0
standard-22-b0,standard-22,standard,0.5,scip,16,17,6,11,11,0,6,239,hex:1/64,OPTIMIZATION_DEADLINE,PASS,False,False,False,0.3493596130001606,0.10493416200006322,0.0005446190000384377,0.0018558130000201345,2605,523,hex:-3/c8,hex:3/2,,0
standard-22-b0,standard-22,standard,0.5,tariff,16,17,6,11,11,0,6,239,hex:1/64,EXACT,PASS,True,False,False,0.25852000300005784,0.008200273999818819,0.0005357830000320973,0.01268335300005674,3788,763,hex:931/1900,hex:931/1900,,
standard-22-b1,standard-22,standard,1.5,deficit,16,17,6,11,11,0,6,239,hex:1/64,OPTIMIZATION_DEADLINE,PASS,False,False,False,0.9404498629999125,0.6985602980000749,0.0005321759999787901,0.001489808000087578,2605,523,hex:-3/c8,hex:3/2,,0
standard-22-b1,standard-22,standard,1.5,enumeration,16,17,6,11,11,0,6,239,hex:1/64,TIME_LIMIT,PASS,False,False,False,0.9193361049999567,0.6747483309998188,0.005964340000218726,0.0017713249999360414,62695,3793,hex:931/1900,hex:3/2,,
standard-22-b1,standard-22,standard,1.5,price,16,17,6,11,11,0,6,239,hex:1/64,TOLERANCE,PASS,True,False,False,0.6490502649999144,0.36301685799980987,0.0006858239999019133,0.03874517999997806,4725,709,hex:931/1900,hex:12e09/32000,,11
standard-22-b1,standard-22,standard,1.5,scip,16,17,6,11,11,0,6,239,hex:1/64,NUMERICAL_optimal,PASS_LOWER_ONLY,False,True,False,0.5417189469999357,0.2870557490000465,0.0007612539998262946,0.00563323100004709,2647,582,hex:931/1900,,0.36765625,
standard-22-b1,standard-22,standard,1.5,tariff,16,17,6,11,11,0,6,239,hex:1/64,EXACT,PASS,True,False,False,0.2601373990000866,0.00859564400002455,0.0005505999999968481,0.01290348499992433,3788,763,hex:931/1900,hex:931/1900,,
standard-22-b2,standard-22,standard,3.0,deficit,16,17,6,11,11,0,6,239,hex:1/64,TOLERANCE,,False,False,True,3.005997506000085,1.499988902000041,0.02576571400004468,,278461,44113,hex:931/1900,hex:3899/9600,,
standard-22-b2,standard-22,standard,3.0,enumeration,16,17,6,11,11,0,6,239,hex:1/64,TIME_LIMIT,PASS,False,False,False,1.8337486769999032,1.581256913000061,0.014043128000139404,0.0017330230000425217,144158,7808,hex:931/1900,hex:3/2,,
standard-22-b2,standard-22,standard,3.0,price,16,17,6,11,11,0,6,239,hex:1/64,TOLERANCE,PASS,True,False,False,0.6413322059997881,0.3632814560000952,0.0006856329998754518,0.03817046600011054,4725,709,hex:931/1900,hex:12e09/32000,,11
standard-22-b2,standard-22,standard,3.0,scip,16,17,6,11,11,0,6,239,hex:1/64,NUMERICAL_optimal,PASS_LOWER_ONLY,False,True,False,0.5420572680000078,0.28793698899994524,0.0007385320000139473,0.005656815000065762,2647,582,hex:931/1900,,0.36765625,
standard-22-b2,standard-22,standard,3.0,tariff,16,17,6,11,11,0,6,239,hex:1/64,EXACT,PASS,True,False,False,0.25941141099997367,0.008366205000129412,0.0005230180001944973,0.012733346999993955,3788,763,hex:931/1900,hex:931/1900,,
standard-23-b0,standard-23,standard,0.5,deficit,32,17,6,17,17,0,8,123,hex:1/64,OPTIMIZATION_DEADLINE,PASS,False,False,False,0.33758368000007977,0.09875609599998825,0.0005838419999690814,0.0023956830000315676,4338,617,hex:-1/32,hex:3/2,,0
standard-23-b0,standard-23,standard,0.5,enumeration,32,17,6,17,17,0,8,123,hex:1/64,TIME_LIMIT,PASS,False,False,False,0.30819748099997923,0.0673225259999981,0.0008573249999699328,0.0029499599997961923,7568,1074,hex:c4f/15e0,hex:3/2,,
standard-23-b0,standard-23,standard,0.5,price,32,17,6,17,17,0,8,123,hex:1/64,TOLERANCE,PASS,True,False,False,0.3326843120000831,0.07267891999981657,0.0006150209999304934,0.021168631999898935,4465,702,hex:8a323/f0a00,hex:45ee15/785000,,0
standard-23-b0,standard-23,standard,0.5,scip,32,17,6,17,17,0,8,123,hex:1/64,OPTIMIZATION_DEADLINE,PASS,False,False,False,0.3515499939999245,0.10400237299995752,0.0007173920000695944,0.002923139999893465,4338,617,hex:-1/32,hex:3/2,,0
standard-23-b0,standard-23,standard,0.5,tariff,32,17,6,17,17,0,8,123,hex:1/64,EXACT,PASS,True,False,False,0.2686773689999882,0.01323478300014358,0.0006727489999320824,0.018002746999854935,5568,923,hex:8a323/f0a00,hex:8a323/f0a00,,
standard-23-b1,standard-23,standard,1.5,deficit,32,17,6,17,17,0,8,123,hex:1/64,OPTIMIZATION_DEADLINE,PASS,False,False,False,0.9421692329999587,0.7004237399999056,0.0006181369999467279,0.0024491929998475825,4338,617,hex:-1/32,hex:3/2,,0
standard-23-b1,standard-23,standard,1.5,enumeration,32,17,6,17,17,0,8,123,hex:1/64,TIME_LIMIT,PASS,False,False,False,0.9149053759999788,0.6678989080000974,0.0036829519999628246,0.002887483999984397,36540,3308,hex:8a323/f0a00,hex:3/2,,
standard-23-b1,standard-23,standard,1.5,price,32,17,6,17,17,0,8,123,hex:1/64,TOLERANCE,PASS,True,False,False,0.33289304300001277,0.072248854999998,0.0005702769999516022,0.021168551999835472,4465,702,hex:8a323/f0a00,hex:45ee15/785000,,0
standard-23-b1,standard-23,standard,1.5,scip,32,17,6,17,17,0,8,123,hex:1/64,NUMERICAL_optimal,PASS_LOWER_ONLY,False,True,False,0.822948088999965,0.5687864779999927,0.0009990490000291175,0.0065591630000199075,4443,736,hex:8a323/f0a00,,0.5743212256493506,
standard-23-b1,standard-23,standard,1.5,tariff,32,17,6,17,17,0,8,123,hex:1/64,EXACT,PASS,True,False,False,0.26991115399982846,0.013280810000196652,0.0006523510000988608,0.01824176299987812,5568,923,hex:8a323/f0a00,hex:8a323/f0a00,,
standard-23-b2,standard-23,standard,3.0,deficit,32,17,6,17,17,0,8,123,hex:1/64,TOLERANCE,,False,False,True,3.005931109999892,0.9018965120001212,0.011491441999851304,,168083,17187,hex:8a323/f0a00,hex:21b2d/39c00,,
standard-23-b2,standard-23,standard,3.0,enumeration,32,17,6,17,17,0,8,123,hex:1/64,TIME_LIMIT,PASS,False,False,False,1.822922798000036,1.5734177110000473,0.007339853000075891,0.0028092770000966993,74399,5884,hex:8a323/f0a00,hex:3/2,,
standard-23-b2,standard-23,standard,3.0,price,32,17,6,17,17,0,8,123,hex:1/64,TOLERANCE,PASS,True,False,False,0.3334065799999735,0.07292578400006278,0.0005707880000045407,0.02126415900011125,4465,702,hex:8a323/f0a00,hex:45ee15/785000,,0
standard-23-b2,standard-23,standard,3.0,scip,32,17,6,17,17,0,8,123,hex:1/64,NUMERICAL_optimal,PASS_LOWER_ONLY,False,True,False,0.8300972660001662,0.5698670900001161,0.0009755449998465338,0.006524097999999867,4443,736,hex:8a323/f0a00,,0.5743212256493506,
standard-23-b2,standard-23,standard,3.0,tariff,32,17,6,17,17,0,8,123,hex:1/64,EXACT,PASS,True,False,False,0.26857128400001784,0.01330272099994545,0.0006653049999840732,0.018224551000002975,5568,923,hex:8a323/f0a00,hex:8a323/f0a00,,
standard-24-b0,standard-24,standard,0.5,deficit,8,25,6,7,7,0,5,1877,hex:1/1f4,OPTIMIZATION_DEADLINE,PASS,False,False,False,0.3356806750000487,0.0978445109999484,0.0004035849999581842,0.0009665789998507535,1906,491,hex:-1/c8,hex:3/2,,0
standard-24-b0,standard-24,standard,0.5,enumeration,8,25,6,7,7,0,5,1877,hex:1/1f4,TIME_LIMIT,PASS,False,False,False,0.3065741620000608,0.06805332699991595,0.0013563679999606393,0.001200855999968553,13157,1133,hex:23fb/b540,hex:3/2,,
standard-24-b0,standard-24,standard,0.5,price,8,25,6,7,7,0,5,1877,hex:1/1f4,TIME_LIMIT,PASS,False,False,False,0.3268496270000014,0.07307068699992669,0.0004601699999966513,0.01653853499988145,1979,526,hex:23fb/b540,hex:24e3/b540,,0
standard-24-b0,standard-24,standard,0.5,scip,8,25,6,7,7,0,5,1877,hex:1/1f4,OPTIMIZATION_DEADLINE,PASS,False,False,False,0.3458941330000016,0.10183579800013831,0.0004842460000418214,0.0011875619998136244,1906,491,hex:-1/c8,hex:3/2,,0
standard-24-b0,standard-24,standard,0.5,tariff,8,25,6,7,7,0,5,1877,hex:1/1f4,EXACT,PASS,True,False,False,0.2617278909999641,0.010310561999858692,0.0004854980002164666,0.014585208999960741,3620,784,hex:23fb/b540,hex:23fb/b540,,
standard-24-b1,standard-24,standard,1.5,deficit,8,25,6,7,7,0,5,1877,hex:1/1f4,OPTIMIZATION_DEADLINE,PASS,False,False,False,0.9416409329999169,0.7010247610000988,0.00045429000010699383,0.0010606549999465642,1906,491,hex:-1/c8,hex:3/2,,0
standard-24-b1,standard-24,standard,1.5,enumeration,8,25,6,7,7,0,5,1877,hex:1/1f4,TIME_LIMIT,PASS,False,False,False,0.9274901559999762,0.6782592859999568,0.010847295000075974,0.001235972000131369,120840,5783,hex:23fb/b540,hex:3/2,,
standard-24-b1,standard-24,standard,1.5,price,8,25,6,7,7,0,5,1877,hex:1/1f4,TIME_LIMIT,PASS,False,False,False,1.0068527270000232,0.6684774749999178,0.0008724529998289654,0.09414592100006303,8675,837,hex:23fb/b540,hex:24997f/b54000,,19
standard-24-b1,standard-24,standard,1.5,scip,8,25,6,7,7,0,5,1877,hex:1/1f4,NUMERICAL_gaplimit,PASS_LOWER_ONLY,False,True,False,0.4997548880000977,0.24591776099987328,0.0006387250000443601,0.005241668000053323,1970,561,hex:23fb/b540,,0.1986264155372975,
standard-24-b1,standard-24,standard,1.5,tariff,8,25,6,7,7,0,5,1877,hex:1/1f4,EXACT,PASS,True,False,False,0.26308297699983996,0.010370002999934513,0.000534189000063634,0.014995507000094221,3620,784,hex:23fb/b540,hex:23fb/b540,,
standard-24-b2,standard-24,standard,3.0,deficit,8,25,6,7,7,0,5,1877,hex:1/1f4,OPTIMIZATION_DEADLINE,PASS,False,False,False,1.8462744630000998,1.6072021400000267,0.000552534000007654,0.00106829900005323,1906,491,hex:-1/c8,hex:3/2,,0
standard-24-b2,standard-24,standard,3.0,enumeration,8,25,6,7,7,0,5,1877,hex:1/1f4,OPTIMIZATION_DEADLINE,PASS,False,False,False,1.833224072999883,1.5942341980000947,0.000447617999952854,0.0010273130001223763,1950,524,hex:23fb/b540,hex:3/2,,0
standard-24-b2,standard-24,standard,3.0,price,8,25,6,7,7,0,5,1877,hex:1/1f4,TOLERANCE,PASS,True,False,False,1.6164702910000415,1.242718067999931,0.0013252290000309586,0.12193200899992007,14646,1068,hex:23fb/b540,hex:9154f/2d5000,,21
standard-24-b2,standard-24,standard,3.0,scip,8,25,6,7,7,0,5,1877,hex:1/1f4,NUMERICAL_gaplimit,PASS_LOWER_ONLY,False,True,False,0.49612122600001385,0.24386465699990367,0.0005846040000960784,0.00520625200010727,1970,561,hex:23fb/b540,,0.1986264155372975,
standard-24-b2,standard-24,standard,3.0,tariff,8,25,6,7,7,0,5,1877,hex:1/1f4,EXACT,PASS,True,False,False,0.26077929699999913,0.010229831000060585,0.0004992029998902581,0.014601340999888635,3620,784,hex:23fb/b540,hex:23fb/b540,,
standard-25-b0,standard-25,standard,0.5,deficit,16,25,6,11,11,0,7,1211,hex:1/1f4,OPTIMIZATION_DEADLINE,PASS,False,False,False,0.3366044259998944,0.09877411100001154,0.0004469570001219836,0.0015174300001490337,2784,544,hex:-1/64,hex:3/2,,0
standard-25-b0,standard-25,standard,0.5,enumeration,16,25,6,11,11,0,7,1211,hex:1/1f4,TIME_LIMIT,PASS,False,False,False,0.3073416219999672,0.06497657099998833,0.0010108110000146553,0.001823733000037464,8673,1097,hex:4585/b540,hex:3/2,,
standard-25-b0,standard-25,standard,0.5,price,16,25,6,11,11,0,7,1211,hex:1/1f4,TIME_LIMIT,PASS,False,False,False,0.3328777839999475,0.07456577300013123,0.00046619199997621763,0.02075386299998172,2842,573,hex:4585/b540,hex:4755/b540,,0
standard-25-b0,standard-25,standard,0.5,scip,16,25,6,11,11,0,7,1211,hex:1/1f4,OPTIMIZATION_DEADLINE,PASS,False,False,False,0.3484651300000223,0.10394628900007774,0.0005400299999109848,0.001790670999980648,2784,544,hex:-1/64,hex:3/2,,0
standard-25-b0,standard-25,standard,0.5,tariff,16,25,6,11,11,0,7,1211,hex:1/1f4,EXACT,PASS,True,False,False,0.2719218960000944,0.014712389000123949,0.0005550589999074873,0.019626393999942593,4662,906,hex:4585/b540,hex:4585/b540,,
standard-25-b1,standard-25,standard,1.5,deficit,16,25,6,11,11,0,7,1211,hex:1/1f4,OPTIMIZATION_DEADLINE,PASS,False,False,False,0.9412390969998796,0.6970262489999186,0.0005238310000095225,0.0015241319999859115,2784,544,hex:-1/64,hex:3/2,,0
standard-25-b1,standard-25,standard,1.5,enumeration,16,25,6,11,11,0,7,1211,hex:1/1f4,TIME_LIMIT,PASS,False,False,False,0.9197990399998162,0.6736460120000629,0.006055711000044539,0.0018688370000745635,67007,4289,hex:4585/b540,hex:3/2,,
standard-25-b1,standard-25,standard,1.5,price,16,25,6,11,11,0,7,1211,hex:1/1f4,TIME_LIMIT,PASS,False,False,False,0.992381923000039,0.6686889360000805,0.0007703410001340671,0.08099035500003993,6106,788,hex:4585/b540,hex:47075d/b54000,,16
standard-25-b1,standard-25,standard,1.5,scip,16,25,6,11,11,0,7,1211,hex:1/1f4,NUMERICAL_optimal,PASS_LOWER_ONLY,False,True,False,0.5202353570000469,0.2680923109999185,0.0007459050000306888,0.005654290000165929,2833,618,hex:4585/b540,,0.38355603448275866,
standard-25-b1,standard-25,standard,1.5,tariff,16,25,6,11,11,0,7,1211,hex:1/1f4,EXACT,PASS,True,False,False,0.27290218999996796,0.014792840000154683,0.0005884810000225116,0.019484939999983908,4662,906,hex:4585/b540,hex:4585/b540,,
standard-25-b2,standard-25,standard,3.0,deficit,16,25,6,11,11,0,7,1211,hex:1/1f4,OPTIMIZATION_DEADLINE,PASS,False,False,False,1.8465337769998769,1.605343859999948,0.000513169999976526,0.0015939729998990515,2784,544,hex:-1/64,hex:3/2,,0
standard-25-b2,standard-25,standard,3.0,enumeration,16,25,6,11,11,0,7,1211,hex:1/1f4,TIME_LIMIT,PASS,False,False,False,1.8343661500000508,1.5802079070001582,0.013841109999930268,0.001831798000011986,150811,8462,hex:4585/b540,hex:3/2,,
standard-25-b2,standard-25,standard,3.0,price,16,25,6,11,11,0,7,1211,hex:1/1f4,TOLERANCE,PASS,True,False,False,1.879675000999896,1.5340882289999627,0.0011268179998751293,0.09867810300011115,11976,1027,hex:4585/b540,hex:1172ed/2d5000,,22
standard-25-b2,standard-25,standard,3.0,scip,16,25,6,11,11,0,7,1211,hex:1/1f4,NUMERICAL_optimal,PASS_LOWER_ONLY,False,True,False,0.5256170289999318,0.2700848940000924,0.0007723050000549847,0.0063103279999268125,2833,618,hex:4585/b540,,0.38355603448275866,
standard-25-b2,standard-25,standard,3.0,tariff,16,25,6,11,11,0,7,1211,hex:1/1f4,EXACT,PASS,True,False,False,0.27400147799994556,0.014744148000090718,0.0005763379999734752,0.019679894000091736,4662,906,hex:4585/b540,hex:4585/b540,,
standard-26-b0,standard-26,standard,0.5,deficit,32,25,6,18,18,0,8,613,hex:1/1f4,OPTIMIZATION_DEADLINE,PASS,False,False,False,0.3384603770000467,0.09675061599978108,0.0006156430001738045,0.0025086230000397336,4524,626,hex:-3/c8,hex:3/2,,0
standard-26-b0,standard-26,standard,0.5,enumeration,32,25,6,18,18,0,8,613,hex:1/1f4,TIME_LIMIT,PASS,False,False,False,0.3084619650001059,0.064551487000017,0.0008966180000697932,0.002997939999886512,7590,1055,hex:e86d/1d7e0,hex:3/2,,
standard-26-b0,standard-26,standard,0.5,price,32,25,6,18,18,0,8,613,hex:1/1f4,TIME_LIMIT,PASS,False,False,False,0.3525299929999619,0.08426878099999158,0.000592439000001832,0.029455386000108774,4712,743,hex:85cc5/ebf00,hex:8ce05/ebf00,,0
standard-26-b0,standard-26,standard,0.5,scip,32,25,6,18,18,0,8,613,hex:1/1f4,OPTIMIZATION_DEADLINE,PASS,False,False,False,0.35227232099987305,0.10444092700004148,0.0006874969999444147,0.003020652000031987,4524,626,hex:-3/c8,hex:3/2,,0
standard-26-b0,standard-26,standard,0.5,tariff,32,25,6,18,18,0,8,613,hex:1/1f4,EXACT,PASS,True,False,False,0.2892235059998711,0.02303617400002622,0.000693727999987459,0.02892986300003031,6447,1047,hex:89565/ebf00,hex:89565/ebf00,,
standard-26-b1,standard-26,standard,1.5,deficit,32,25,6,18,18,0,8,613,hex:1/1f4,OPTIMIZATION_DEADLINE,PASS,False,False,False,0.9432341460001226,0.7015590430000884,0.0006503469999188383,0.0025009290000070905,4524,626,hex:-3/c8,hex:3/2,,0
standard-26-b1,standard-26,standard,1.5,enumeration,32,25,6,18,18,0,8,613,hex:1/1f4,TIME_LIMIT,PASS,False,False,False,0.9146351779997985,0.6684266239999488,0.0036964260000331706,0.002995053000176995,36344,3564,hex:89565/ebf00,hex:3/2,,
standard-26-b1,standard-26,standard,1.5,price,32,25,6,18,18,0,8,613,hex:1/1f4,TIME_LIMIT,PASS,False,False,False,1.0309975559998747,0.6804717999998502,0.0008234210001774045,0.10964416899992102,6574,819,hex:89565/ebf00,hex:44ed405/75f8000,,10
standard-26-b1,standard-26,standard,1.5,scip,32,25,6,18,18,0,8,613,hex:1/1f4,NUMERICAL_optimal,PASS_LOWER_ONLY,False,True,False,0.7439884560001246,0.48890856399998484,0.0009836100000484294,0.006541118000086499,4545,723,hex:89565/ebf00,,0.5820912665562915,
standard-26-b1,standard-26,standard,1.5,tariff,32,25,6,18,18,0,8,613,hex:1/1f4,EXACT,PASS,True,False,False,0.29020185900003526,0.02291775300000154,0.0007067320000260224,0.02876948700009052,6447,1047,hex:89565/ebf00,hex:89565/ebf00,,
standard-26-b2,standard-26,standard,3.0,deficit,32,25,6,18,18,0,8,613,hex:1/1f4,OPTIMIZATION_DEADLINE,PASS,False,False,False,1.8487284549999004,1.6057690269999512,0.0006614870001158124,0.0024961500000699743,4524,626,hex:-3/c8,hex:3/2,,0
standard-26-b2,standard-26,standard,3.0,enumeration,32,25,6,18,18,0,8,613,hex:1/1f4,TIME_LIMIT,PASS,False,False,False,1.8235889360000783,1.5677846799999315,0.00810300000011921,0.003009631000168156,80321,6705,hex:89565/ebf00,hex:3/2,,
standard-26-b2,standard-26,standard,3.0,price,32,25,6,18,18,0,8,613,hex:1/1f4,TOLERANCE,PASS,True,False,False,1.0337517199998274,0.6991818860001331,0.0008233609999024338,0.09021286400002282,6689,829,hex:89565/ebf00,hex:44b8bb/75f800,,11
standard-26-b2,standard-26,standard,3.0,scip,32,25,6,18,18,0,8,613,hex:1/1f4,NUMERICAL_optimal,PASS_LOWER_ONLY,False,True,False,0.7450273700001162,0.49060968600019805,0.001002655999855051,0.006597444000135511,4545,723,hex:89565/ebf00,,0.5820912665562915,
standard-26-b2,standard-26,standard,3.0,tariff,32,25,6,18,18,0,8,613,hex:1/1f4,EXACT,PASS,True,False,False,0.2895998750000217,0.02295210700003736,0.0006988469999669178,0.029053191999992123,6447,1047,hex:89565/ebf00,hex:89565/ebf00,,
standard-27-b0,standard-27,standard,0.5,deficit,8,9,2,7,7,0,5,30,hex:1/14,TOLERANCE,PASS,True,False,False,0.45663274900016404,0.022184359999982917,0.0007092670000474754,0.19804034399999182,6452,1210,hex:6f4d/22600,hex:10901/44c00,,
standard-27-b0,standard-27,standard,0.5,enumeration,8,9,2,7,7,0,5,30,hex:1/14,EXACT,PASS,True,False,False,0.2562284529999488,0.01117894799995156,0.00043585499997789157,0.008868062999908943,2574,551,hex:6f4d/22600,hex:6f4d/22600,,
standard-27-b0,standard-27,standard,0.5,price,8,9,2,7,7,0,5,30,hex:1/14,TOLERANCE,PASS,True,False,False,0.2511802770000031,0.005384484999922279,0.0003795199997966847,0.007466551000106847,1634,483,hex:6f4d/22600,hex:7a4d/22600,,0
standard-27-b0,standard-27,standard,0.5,scip,8,9,2,7,7,0,5,30,hex:1/14,OPTIMIZATION_DEADLINE,PASS,False,False,False,0.3442450850000114,0.10233110700005454,0.00044311900001048343,0.001005390999807787,1563,454,hex:-1/32,hex:3/2,,0
standard-27-b0,standard-27,standard,0.5,tariff,8,9,2,7,7,0,5,30,hex:1/14,EXACT,PASS,True,False,False,0.24758440799996606,0.003281208999851515,0.00040470800013281405,0.007317041000078461,1797,543,hex:6f4d/22600,hex:6f4d/22600,,
standard-27-b1,standard-27,standard,1.5,deficit,8,9,2,7,7,0,5,30,hex:1/14,TOLERANCE,PASS,True,False,False,0.4622926300000927,0.022498036999877513,0.0008188120000340859,0.1996411889999763,6452,1210,hex:6f4d/22600,hex:10901/44c00,,
standard-27-b1,standard-27,standard,1.5,enumeration,8,9,2,7,7,0,5,30,hex:1/14,EXACT,PASS,True,False,False,0.25875602099995376,0.011294132999864814,0.00047231400003511226,0.009063047999916307,2574,551,hex:6f4d/22600,hex:6f4d/22600,,
standard-27-b1,standard-27,standard,1.5,price,8,9,2,7,7,0,5,30,hex:1/14,TOLERANCE,PASS,True,False,False,0.25148954499991305,0.005346724999981234,0.0003815239999767073,0.007283719000042765,1634,483,hex:6f4d/22600,hex:7a4d/22600,,0
standard-27-b1,standard-27,standard,1.5,scip,8,9,2,7,7,0,5,30,hex:1/14,NUMERICAL_gaplimit,PASS_LOWER_ONLY,False,True,False,0.37756288699984,0.12604975800013563,0.000530752999793549,0.004912080999929458,1622,525,hex:6f4d/22600,,0.22236505681818186,
standard-27-b1,standard-27,standard,1.5,tariff,8,9,2,7,7,0,5,30,hex:1/14,EXACT,PASS,True,False,False,0.24772625300010986,0.0033442579999700683,0.00036815899989051104,0.0072834979998788185,1797,543,hex:6f4d/22600,hex:6f4d/22600,,
standard-27-b2,standard-27,standard,3.0,deficit,8,9,2,7,7,0,5,30,hex:1/14,TOLERANCE,PASS,True,False,False,0.46044470200013166,0.022022868000021845,0.0007626780000009603,0.1988584240000364,6452,1210,hex:6f4d/22600,hex:10901/44c00,,
standard-27-b2,standard-27,standard,3.0,enumeration,8,9,2,7,7,0,5,30,hex:1/14,EXACT,PASS,True,False,False,0.2634561169998051,0.011785443000007945,0.00048162099983528606,0.009338072999980795,2574,551,hex:6f4d/22600,hex:6f4d/22600,,
standard-27-b2,standard-27,standard,3.0,price,8,9,2,7,7,0,5,30,hex:1/14,TOLERANCE,PASS,True,False,False,0.25128136600005746,0.005345733000012842,0.00040406599987363734,0.007544687000063277,1634,483,hex:6f4d/22600,hex:7a4d/22600,,0
standard-27-b2,standard-27,standard,3.0,scip,8,9,2,7,7,0,5,30,hex:1/14,NUMERICAL_gaplimit,PASS_LOWER_ONLY,False,True,False,0.3867378249999547,0.12996612699998877,0.0006438939999497961,0.005108999999947628,1622,525,hex:6f4d/22600,,0.22236505681818186,
standard-27-b2,standard-27,standard,3.0,tariff,8,9,2,7,7,0,5,30,hex:1/14,EXACT,PASS,True,False,False,0.24837408600001254,0.003296046999821556,0.0003961309998885554,0.007411767999883523,1797,543,hex:6f4d/22600,hex:6f4d/22600,,
standard-28-b0,standard-28,standard,0.5,deficit,16,9,2,9,9,0,6,18,hex:1/14,TOLERANCE,PASS,False,False,True,0.5022531409999829,0.022771838999915417,0.0006736400000590947,0.23894573400002628,5777,1187,hex:1444f/2fa80,hex:2c3d1/5f500,,
standard-28-b0,standard-28,standard,0.5,enumeration,16,9,2,9,9,0,6,18,hex:1/14,EXACT,PASS,True,False,False,0.2786059949999071,0.019413626000186923,0.0006325540000489127,0.016494103000013638,3894,679,hex:1444f/2fa80,hex:1444f/2fa80,,
standard-28-b0,standard-28,standard,0.5,price,16,9,2,9,9,0,6,18,hex:1/14,TOLERANCE,PASS,True,False,False,0.2638139460000275,0.009114413999895987,0.0005039330001181952,0.009670185000004494,2549,542,hex:1444f/2fa80,hex:1481f/2fa80,,0
standard-28-b0,standard-28,standard,0.5,scip,16,9,2,9,9,0,6,18,hex:1/14,OPTIMIZATION_DEADLINE,PASS,False,False,False,0.34307614799990915,0.0951665810000577,0.0005452199998217111,0.001616173999991588,2438,502,hex:-1/c8,hex:3/2,,0
standard-28-b0,standard-28,standard,0.5,tariff,16,9,2,9,9,0,6,18,hex:1/14,EXACT,PASS,True,False,False,0.25105093499996656,0.004207863000146972,0.00046590099987042777,0.008371002999865595,2680,610,hex:1444f/2fa80,hex:1444f/2fa80,,
standard-28-b1,standard-28,standard,1.5,deficit,16,9,2,9,9,0,6,18,hex:1/14,TOLERANCE,PASS,True,False,False,0.5034214600000269,0.02252835299987055,0.0006697829999211535,0.23611476299993228,5777,1187,hex:1444f/2fa80,hex:2c3d1/5f500,,
standard-28-b1,standard-28,standard,1.5,enumeration,16,9,2,9,9,0,6,18,hex:1/14,EXACT,PASS,True,False,False,0.27535125999997945,0.019503433000181758,0.0005526439999812283,0.0164291809999213,3894,679,hex:1444f/2fa80,hex:1444f/2fa80,,
standard-28-b1,standard-28,standard,1.5,price,16,9,2,9,9,0,6,18,hex:1/14,TOLERANCE,PASS,True,False,False,0.2583895539999048,0.009177170999919326,0.00058313099998486,0.009640098000090802,2549,542,hex:1444f/2fa80,hex:1481f/2fa80,,0
standard-28-b1,standard-28,standard,1.5,scip,16,9,2,9,9,0,6,18,hex:1/14,NUMERICAL_optimal,PASS_LOWER_ONLY,False,True,False,0.4347285659998761,0.18109002400001373,0.0007261789999120083,0.005517093999969802,2483,579,hex:1444f/2fa80,,0.4253227459016394,
standard-28-b1,standard-28,standard,1.5,tariff,16,9,2,9,9,0,6,18,hex:1/14,EXACT,PASS,True,False,False,0.24928914399993118,0.004182966999906057,0.0004597700001340854,0.008284892000119726,2680,610,hex:1444f/2fa80,hex:1444f/2fa80,,
standard-28-b2,standard-28,standard,3.0,deficit,16,9,2,9,9,0,6,18,hex:1/14,TOLERANCE,PASS,True,False,False,0.503653894000081,0.023619195000037507,0.0007119019999208831,0.24244159099998797,5777,1187,hex:1444f/2fa80,hex:2c3d1/5f500,,
standard-28-b2,standard-28,standard,3.0,enumeration,16,9,2,9,9,0,6,18,hex:1/14,EXACT,PASS,True,False,False,0.2726011740001013,0.019305644000041866,0.0005582839999078715,0.016352888000028543,3894,679,hex:1444f/2fa80,hex:1444f/2fa80,,
standard-28-b2,standard-28,standard,3.0,price,16,9,2,9,9,0,6,18,hex:1/14,TOLERANCE,PASS,True,False,False,0.2553651230000469,0.00903544600009809,0.0004299040001569665,0.00940548900007343,2549,542,hex:1444f/2fa80,hex:1481f/2fa80,,0
standard-28-b2,standard-28,standard,3.0,scip,16,9,2,9,9,0,6,18,hex:1/14,NUMERICAL_optimal,PASS_LOWER_ONLY,False,True,False,0.43217732200014325,0.1796052160000272,0.0007192460000169376,0.005468612999948164,2483,579,hex:1444f/2fa80,,0.4253227459016394,
standard-28-b2,standard-28,standard,3.0,tariff,16,9,2,9,9,0,6,18,hex:1/14,EXACT,PASS,True,False,False,0.2492182609998963,0.004180231999953321,0.000438882000025842,0.008269372999848201,2680,610,hex:1444f/2fa80,hex:1444f/2fa80,,
standard-29-b0,standard-29,standard,0.5,deficit,32,9,2,16,16,0,7,10,hex:1/14,TOLERANCE,,False,False,True,0.502946811999891,0.02696835100005046,0.0007569360000161396,,6259,1129,hex:846d3/c6700,hex:1159cf/18ce00,,
standard-29-b0,standard-29,standard,0.5,enumeration,32,9,2,16,16,0,7,10,hex:1/14,EXACT,PASS,True,False,False,0.30404168299992307,0.0344628840000496,0.0008015900000373222,0.029110380000020086,5710,836,hex:846d3/c6700,hex:846d3/c6700,,
standard-29-b0,standard-29,standard,0.5,price,32,9,2,16,16,0,7,10,hex:1/14,TOLERANCE,PASS,True,False,False,0.2696061489998556,0.01588859899993622,0.0005885809998744662,0.013520247999849744,4307,689,hex:846d3/c6700,hex:86693/c6700,,0
standard-29-b0,standard-29,standard,0.5,scip,32,9,2,16,16,0,7,10,hex:1/14,OPTIMIZATION_DEADLINE,PASS,False,False,False,0.3500191730001916,0.10415019899983236,0.0007048590000522381,0.0028440809999210614,4179,597,hex:-1/64,hex:3/2,,0
standard-29-b0,standard-29,standard,0.5,tariff,32,9,2,16,16,0,7,10,hex:1/14,EXACT,PASS,True,False,False,0.2557037470000978,0.006354209000164701,0.0006299889998899744,0.011496290999957637,4531,742,hex:846d3/c6700,hex:846d3/c6700,,
standard-29-b1,standard-29,standard,1.5,deficit,32,9,2,16,16,0,7,10,hex:1/14,TOLERANCE,PASS,True,False,False,0.5718177880000894,0.02672830200003773,0.000707723999994414,0.301246613000103,6259,1129,hex:846d3/c6700,hex:1159cf/18ce00,,
standard-29-b1,standard-29,standard,1.5,enumeration,32,9,2,16,16,0,7,10,hex:1/14,EXACT,PASS,True,False,False,0.300989422000157,0.03366815799995493,0.0007096779997937119,0.028962893999960215,5710,836,hex:846d3/c6700,hex:846d3/c6700,,
standard-29-b1,standard-29,standard,1.5,price,32,9,2,16,16,0,7,10,hex:1/14,TOLERANCE,PASS,True,False,False,0.2687723300000471,0.016167109999969398,0.000627384000154052,0.0137637039999845,4307,689,hex:846d3/c6700,hex:86693/c6700,,0
standard-29-b1,standard-29,standard,1.5,scip,32,9,2,16,16,0,7,10,hex:1/14,NUMERICAL_gaplimit,PASS_LOWER_ONLY,False,True,False,0.6301357989998451,0.37637740299987854,0.0009913139999753184,0.006438406999905055,4291,730,hex:846d3/c6700,,0.6674238614036285,
standard-29-b1,standard-29,standard,1.5,tariff,32,9,2,16,16,0,7,10,hex:1/14,EXACT,PASS,True,False,False,0.2545028489998913,0.006399763999979768,0.0005781019999631098,0.010643455000035829,4531,742,hex:846d3/c6700,hex:846d3/c6700,,
standard-29-b2,standard-29,standard,3.0,deficit,32,9,2,16,16,0,7,10,hex:1/14,TOLERANCE,PASS,True,False,False,0.5585266590001083,0.02701435699987087,0.0007489319998512656,0.2913583709998875,6259,1129,hex:846d3/c6700,hex:1159cf/18ce00,,
standard-29-b2,standard-29,standard,3.0,enumeration,32,9,2,16,16,0,7,10,hex:1/14,EXACT,PASS,True,False,False,0.2995992099999967,0.033659036000017295,0.000678029000027891,0.02874009299989666,5710,836,hex:846d3/c6700,hex:846d3/c6700,,
standard-29-b2,standard-29,standard,3.0,price,32,9,2,16,16,0,7,10,hex:1/14,TOLERANCE,PASS,True,False,False,0.2666137010000966,0.015825853000023926,0.0005533260000447626,0.013386407000098188,4307,689,hex:846d3/c6700,hex:86693/c6700,,0
standard-29-b2,standard-29,standard,3.0,scip,32,9,2,16,16,0,7,10,hex:1/14,NUMERICAL_gaplimit,PASS_LOWER_ONLY,False,True,False,0.6323019559999921,0.3774027910001223,0.0009822479999002098,0.006455869000092207,4291,730,hex:846d3/c6700,,0.6674238614036285,
standard-29-b2,standard-29,standard,3.0,tariff,32,9,2,16,16,0,7,10,hex:1/14,EXACT,PASS,True,False,False,0.25351697099995363,0.006327268999939406,0.0005977890000394837,0.010535351000044102,4531,742,hex:846d3/c6700,hex:846d3/c6700,,
