audit,epsilon,method,seed,training_samples,noise_std,beta_p,beta_z,train_p_rmse_direct,train_p_rmse_z_inverted,mean_welfare,avg_cost,fill_rate,ending_backlog,avg_inventory,avg_order,service_breach_count,theta_rmse,p_rmse
isomorphic_inventory_direct_p_vs_learned_z_solver_ablation,0.1,oracle_p_inventory,10441,640,0.035,"[-0.04975739  1.01822496  0.43442063  0.23054793 -0.17824066  0.09710213
 -0.24536198 -0.0256754 ]","[-0.02714736  0.50151643  0.18842954  0.09510992 -0.09322785  0.05239347
 -0.04785705 -0.00768077]",0.0035563720608103606,0.009241105703881326,-6.344506989924874,6.981285648544334,0.9999708674836826,0.02602950217267727,20.10080300828093,23.365073083874556,0.099609375,0.0,0.0
isomorphic_inventory_direct_p_vs_learned_z_solver_ablation,0.1,learned_direct_p_inventory,10441,640,0.035,"[-0.04975739  1.01822496  0.43442063  0.23054793 -0.17824066  0.09710213
 -0.24536198 -0.0256754 ]","[-0.02714736  0.50151643  0.18842954  0.09510992 -0.09322785  0.05239347
 -0.04785705 -0.00768077]",0.0035563720608103606,0.009241105703881326,-6.35142282976658,6.988081317378701,0.9999704945452652,0.026352368603469574,20.12333799553535,23.3651191239558,0.103515625,0.0033744026564273503,0.0043252157570473375
isomorphic_inventory_direct_p_vs_learned_z_solver_ablation,0.1,learned_z_inventory,10441,640,0.035,"[-0.04975739  1.01822496  0.43442063  0.23054793 -0.17824066  0.09710213
 -0.24536198 -0.0256754 ]","[-0.02714736  0.50151643  0.18842954  0.09510992 -0.09322785  0.05239347
 -0.04785705 -0.00768077]",0.0035563720608103606,0.009241105703881326,-6.308813778112675,6.945594673828854,0.9999711471207724,0.02581810398845087,19.97135604477068,23.36485262147978,0.099609375,0.01059408371328607,0.012584266533656078
isomorphic_inventory_direct_p_vs_learned_z_solver_ablation,0.1,oracle_p_inventory,11441,640,0.035,"[-0.05103608  0.89223153  0.43239853  0.21963047 -0.18085721  0.10206398
  0.16630353 -0.00876036]","[-0.01765011  0.40356417  0.21211033  0.09131612 -0.05597248  0.0474875
  0.02600867 -0.01347764]",0.0019583833067848733,0.00842388841585859,-6.2806304223521,6.918062882600703,0.9999939989373252,0.005290792820699677,19.947191872328183,23.10919415590061,0.083984375,0.0,0.0
isomorphic_inventory_direct_p_vs_learned_z_solver_ablation,0.1,learned_direct_p_inventory,11441,640,0.035,"[-0.05103608  0.89223153  0.43239853  0.21963047 -0.18085721  0.10206398
  0.16630353 -0.00876036]","[-0.01765011  0.40356417  0.21211033  0.09131612 -0.05597248  0.0474875
  0.02600867 -0.01347764]",0.0019583833067848733,0.00842388841585859,-6.281995471690568,6.919428282270905,0.9999940427287921,0.005255750559029777,19.951401063673593,23.10957657504917,0.083984375,0.0014222789002297507,0.0017684342208068287
isomorphic_inventory_direct_p_vs_learned_z_solver_ablation,0.1,learned_z_inventory,11441,640,0.035,"[-0.05103608  0.89223153  0.43239853  0.21963047 -0.18085721  0.10206398
  0.16630353 -0.00876036]","[-0.01765011  0.40356417  0.21211033  0.09131612 -0.05597248  0.0474875
  0.02600867 -0.01347764]",0.0019583833067848733,0.00842388841585859,-6.313263863233482,6.950702592640476,0.9999947825821244,0.004596478178432478,20.065465966734983,23.113032479761337,0.083984375,0.010571076813344772,0.012532722586572401
isomorphic_inventory_direct_p_vs_learned_z_solver_ablation,0.1,oracle_p_inventory,12441,640,0.035,"[-5.00088524e-02  8.55162517e-01  4.16513848e-01  2.18705965e-01
 -1.80432852e-01  9.19061075e-02  4.81946590e-01  4.63170558e-05]","[-0.02100523  0.25504301  0.15652833  0.10109587 -0.07835522  0.0451578
  0.41897122  0.03995701]",0.003590426232232952,0.00773200406023194,-6.342526087921279,6.979249542911462,0.9999639670300229,0.032259836527087894,20.11664121419321,23.34286029065858,0.099609375,0.0,0.0
isomorphic_inventory_direct_p_vs_learned_z_solver_ablation,0.1,learned_direct_p_inventory,12441,640,0.035,"[-5.00088524e-02  8.55162517e-01  4.16513848e-01  2.18705965e-01
 -1.80432852e-01  9.19061075e-02  4.81946590e-01  4.63170558e-05]","[-0.02100523  0.25504301  0.15652833  0.10109587 -0.07835522  0.0451578
  0.41897122  0.03995701]",0.003590426232232952,0.00773200406023194,-6.3391006881671235,6.975879730629218,0.9999635912452619,0.03259413135333218,20.105462847204265,23.341371889066096,0.09765625,0.00227505637010121,0.002802316111442303
isomorphic_inventory_direct_p_vs_learned_z_solver_ablation,0.1,learned_z_inventory,12441,640,0.035,"[-5.00088524e-02  8.55162517e-01  4.16513848e-01  2.18705965e-01
 -1.80432852e-01  9.19061075e-02  4.81946590e-01  4.63170558e-05]","[-0.02100523  0.25504301  0.15652833  0.10109587 -0.07835522  0.0451578
  0.41897122  0.03995701]",0.003590426232232952,0.00773200406023194,-6.3417030912556545,6.97842528234331,0.9999638090422072,0.03238529845096178,20.113196917540446,23.342664862139706,0.099609375,0.005320327661623901,0.006958351223255035
isomorphic_inventory_direct_p_vs_learned_z_solver_ablation,0.1,oracle_p_inventory,13441,640,0.035,"[-0.05263406  0.96160862  0.43172488  0.22708021 -0.17870082  0.10597835
  0.07888193 -0.0030803 ]","[-0.01829088  0.44009936  0.15674216  0.09540843 -0.07368092  0.04650845
 -0.0766031   0.0514476 ]",0.004488288303239551,0.009513912441698202,-6.2909809073829,6.927846661021894,0.9999744301423745,0.02188647022709242,19.967713721889325,23.1434285861227,0.09765625,0.0,0.0
isomorphic_inventory_direct_p_vs_learned_z_solver_ablation,0.1,learned_direct_p_inventory,13441,640,0.035,"[-0.05263406  0.96160862  0.43172488  0.22708021 -0.17870082  0.10597835
  0.07888193 -0.0030803 ]","[-0.01829088  0.44009936  0.15674216  0.09540843 -0.07368092  0.04650845
 -0.0766031   0.0514476 ]",0.004488288303239551,0.009513912441698202,-6.292869680367623,6.929557490623503,0.999974159875735,0.02211792142064708,19.970184703673837,23.14416041401855,0.103515625,0.003343713165568188,0.004114769641144655
isomorphic_inventory_direct_p_vs_learned_z_solver_ablation,0.1,learned_z_inventory,13441,640,0.035,"[-0.05263406  0.96160862  0.43172488  0.22708021 -0.17870082  0.10597835
  0.07888193 -0.0030803 ]","[-0.01829088  0.44009936  0.15674216  0.09540843 -0.07368092  0.04650845
 -0.0766031   0.0514476 ]",0.004488288303239551,0.009513912441698202,-6.309834123450123,6.946942993830586,0.9999755228600578,0.020953568054760556,20.0384055668207,23.145842522283193,0.08984375,0.008183032266528409,0.011965692182461482
isomorphic_inventory_direct_p_vs_learned_z_solver_ablation,0.1,oracle_p_inventory,14441,640,0.035,"[-5.07978080e-02  1.13437085e+00  4.26163520e-01  2.17970016e-01
 -1.78085874e-01  1.00621540e-01 -4.47418875e-01 -1.03439934e-04]","[-0.02551384  0.28243761  0.15991184  0.10144231 -0.08707225  0.04623449
 -0.01867092  0.05427951]",0.0031265532010631104,0.011285282659102532,-6.3123113102324595,6.9496267040246895,0.9999647171927787,0.0325487781766079,20.05503309593319,23.24037814763407,0.080078125,0.0,0.0
isomorphic_inventory_direct_p_vs_learned_z_solver_ablation,0.1,learned_direct_p_inventory,14441,640,0.035,"[-5.07978080e-02  1.13437085e+00  4.26163520e-01  2.17970016e-01
 -1.78085874e-01  1.00621540e-01 -4.47418875e-01 -1.03439934e-04]","[-0.02551384  0.28243761  0.15991184  0.10144231 -0.08707225  0.04623449
 -0.01867092  0.05427951]",0.0031265532010631104,0.011285282659102532,-6.311939604330672,6.949255521621298,0.9999647826300782,0.03249751830521866,20.053247810244144,23.24041472757272,0.080078125,0.0011803525465090997,0.0017282237619643827
isomorphic_inventory_direct_p_vs_learned_z_solver_ablation,0.1,learned_z_inventory,14441,640,0.035,"[-5.07978080e-02  1.13437085e+00  4.26163520e-01  2.17970016e-01
 -1.78085874e-01  1.00621540e-01 -4.47418875e-01 -1.03439934e-04]","[-0.02551384  0.28243761  0.15991184  0.10144231 -0.08707225  0.04623449
 -0.01867092  0.05427951]",0.0031265532010631104,0.011285282659102532,-6.300384951969363,6.9376332986273255,0.9999636605197453,0.03344449443848616,20.00692304895183,23.239279150321117,0.08203125,0.008997449781432682,0.012515668655323348
isomorphic_inventory_direct_p_vs_learned_z_solver_ablation,0.1,oracle_p_inventory,15441,640,0.035,"[-0.0514451   1.0781158   0.42330634  0.22062367 -0.18646454  0.10106533
 -0.19222956 -0.02188641]","[-0.01653221  0.29662418  0.18119783  0.08971934 -0.07018437  0.05186757
  0.2019727   0.03326782]",0.0029118217825085117,0.011648528112362281,-6.260886215640378,6.897621853854167,0.9999654899329737,0.0276600474211949,19.87311848043351,23.071599656701093,0.099609375,0.0,0.0
isomorphic_inventory_direct_p_vs_learned_z_solver_ablation,0.1,learned_direct_p_inventory,15441,640,0.035,"[-0.0514451   1.0781158   0.42330634  0.22062367 -0.18646454  0.10106533
 -0.19222956 -0.02188641]","[-0.01653221  0.29662418  0.18119783  0.08971934 -0.07018437  0.05186757
  0.2019727   0.03326782]",0.0029118217825085117,0.011648528112362281,-6.253071857064909,6.8898077784105,0.999965525324449,0.027639936980784957,19.845466887537242,23.071180426212145,0.099609375,0.002628394777444695,0.0036262190471910384
isomorphic_inventory_direct_p_vs_learned_z_solver_ablation,0.1,learned_z_inventory,15441,640,0.035,"[-0.0514451   1.0781158   0.42330634  0.22062367 -0.18646454  0.10106533
 -0.19222956 -0.02188641]","[-0.01653221  0.29662418  0.18119783  0.08971934 -0.07018437  0.05186757
  0.2019727   0.03326782]",0.0029118217825085117,0.011648528112362281,-6.303940148737979,6.940864555123965,0.9999671132982482,0.026348084738818132,20.03219153906219,23.07792939435561,0.09375,0.01271125885449943,0.01654060806821101
isomorphic_inventory_direct_p_vs_learned_z_solver_ablation,0.1,oracle_p_inventory,16441,640,0.035,"[-0.05181851  1.05907177  0.4293012   0.2278865  -0.18456706  0.10493126
 -0.11465554 -0.02359782]","[-0.02224265  0.33383917  0.18289566  0.10277148 -0.08581756  0.03749618
  0.15142421  0.00250475]",0.0031368659187983932,0.006886940297362434,-6.347411287886821,6.984046117018434,0.9999602130164517,0.03496678370724529,20.120438768350734,23.37778818989059,0.1015625,0.0,0.0
isomorphic_inventory_direct_p_vs_learned_z_solver_ablation,0.1,learned_direct_p_inventory,16441,640,0.035,"[-0.05181851  1.05907177  0.4293012   0.2278865  -0.18456706  0.10493126
 -0.11465554 -0.02359782]","[-0.02224265  0.33383917  0.18289566  0.10277148 -0.08581756  0.03749618
  0.15142421  0.00250475]",0.0031368659187983932,0.006886940297362434,-6.345870697628634,6.982386722455864,0.9999600109159038,0.0351438185944767,20.112608912181642,23.378314934863262,0.10546875,0.002704451584453869,0.003460299149175027
isomorphic_inventory_direct_p_vs_learned_z_solver_ablation,0.1,learned_z_inventory,16441,640,0.035,"[-0.05181851  1.05907177  0.4293012   0.2278865  -0.18456706  0.10493126
 -0.11465554 -0.02359782]","[-0.02224265  0.33383917  0.18289566  0.10277148 -0.08581756  0.03749618
  0.15142421  0.00250475]",0.0031368659187983932,0.006886940297362434,-6.352051325695598,6.988677138969951,0.9999590860342942,0.035953597505316584,20.138024014877615,23.375656374884166,0.1015625,0.00447665681987102,0.005375328131509483
isomorphic_inventory_direct_p_vs_learned_z_solver_ablation,0.1,oracle_p_inventory,17441,640,0.035,"[-0.05010965  0.85948168  0.42478935  0.22303125 -0.18083292  0.10767493
  0.41175467 -0.01359741]","[-0.02428976  0.27486695  0.13827157  0.09782179 -0.10700661  0.04530339
  0.24315141  0.05005916]",0.003345479537003789,0.011522629438483261,-6.317990894043567,6.9553729592629026,0.999958402683667,0.03455997122084394,20.056662026616543,23.299508824372587,0.076171875,0.0,0.0
isomorphic_inventory_direct_p_vs_learned_z_solver_ablation,0.1,learned_direct_p_inventory,17441,640,0.035,"[-0.05010965  0.85948168  0.42478935  0.22303125 -0.18083292  0.10767493
  0.41175467 -0.01359741]","[-0.02428976  0.27486695  0.13827157  0.09782179 -0.10700661  0.04530339
  0.24315141  0.05005916]",0.003345479537003789,0.011522629438483261,-6.318407522015315,6.955793548309543,0.9999588978180285,0.0341374488892087,20.05717794325475,23.300710965684807,0.076171875,0.002425190463770815,0.003096328142954919
isomorphic_inventory_direct_p_vs_learned_z_solver_ablation,0.1,learned_z_inventory,17441,640,0.035,"[-0.05010965  0.85948168  0.42478935  0.22303125 -0.18083292  0.10767493
  0.41175467 -0.01359741]","[-0.02428976  0.27486695  0.13827157  0.09782179 -0.10700661  0.04530339
  0.24315141  0.05005916]",0.003345479537003789,0.011522629438483261,-6.291604696797713,6.928993540138162,0.9999592499488061,0.03383758287518723,19.966010071057905,23.297680737656897,0.076171875,0.012051697199975578,0.014797215962328216
isomorphic_inventory_direct_p_vs_learned_z_solver_ablation,0.1,oracle_p_inventory,18441,640,0.035,"[-0.05127637  0.89268282  0.43900458  0.22308444 -0.17059486  0.09215711
  0.48051368 -0.0053982 ]","[-0.02654539  0.57629374  0.18798786  0.0998842  -0.09260401  0.04105613
 -0.3063883  -0.00529706]",0.0051704844152952265,0.008091539548989182,-6.304198025257794,6.9404572517765795,0.9999718564398483,0.021541794776890215,19.977975182315937,23.219258126678262,0.1171875,0.0,0.0
isomorphic_inventory_direct_p_vs_learned_z_solver_ablation,0.1,learned_direct_p_inventory,18441,640,0.035,"[-0.05127637  0.89268282  0.43900458  0.22308444 -0.17059486  0.09215711
  0.48051368 -0.0053982 ]","[-0.02654539  0.57629374  0.18798786  0.0998842  -0.09260401  0.04105613
 -0.3063883  -0.00529706]",0.0051704844152952265,0.008091539548989182,-6.308552059883834,6.944806826152731,0.9999712989086121,0.021985221990947518,19.99138002293517,23.218231268853533,0.1171875,0.003417861879936175,0.00437690102023598
isomorphic_inventory_direct_p_vs_learned_z_solver_ablation,0.1,learned_z_inventory,18441,640,0.035,"[-0.05127637  0.89268282  0.43900458  0.22308444 -0.17059486  0.09215711
  0.48051368 -0.0053982 ]","[-0.02654539  0.57629374  0.18798786  0.0998842  -0.09260401  0.04105613
 -0.3063883  -0.00529706]",0.0051704844152952265,0.008091539548989182,-6.280030237638568,6.916284894688248,0.9999712852562099,0.02198932449673928,19.890033872249987,23.21592012502115,0.1171875,0.007707008407075862,0.009140582304495989
isomorphic_inventory_direct_p_vs_learned_z_solver_ablation,0.1,oracle_p_inventory,19441,640,0.035,"[-0.04505729  0.8504882   0.44629235  0.21237299 -0.15663721  0.09784505
  0.51705826 -0.0109527 ]","[-0.02250984  0.55637246  0.16444938  0.10428686 -0.08192434  0.04173793
 -0.39710624  0.01721249]",0.003923840877298377,0.006640235239454265,-6.271912940680929,6.908220402891407,0.9999705616825597,0.024509665672298127,19.870933354203434,23.146995523243437,0.115234375,0.0,0.0
isomorphic_inventory_direct_p_vs_learned_z_solver_ablation,0.1,learned_direct_p_inventory,19441,640,0.035,"[-0.04505729  0.8504882   0.44629235  0.21237299 -0.15663721  0.09784505
  0.51705826 -0.0109527 ]","[-0.02250984  0.55637246  0.16444938  0.10428686 -0.08192434  0.04173793
 -0.39710624  0.01721249]",0.003923840877298377,0.006640235239454265,-6.288867596769698,6.925236914390257,0.9999709693900698,0.024172259584073492,19.933300315393605,23.14823040582141,0.11328125,0.005036241459533449,0.006076723301375449
isomorphic_inventory_direct_p_vs_learned_z_solver_ablation,0.1,learned_z_inventory,19441,640,0.035,"[-0.04505729  0.8504882   0.44629235  0.21237299 -0.15663721  0.09784505
  0.51705826 -0.0109527 ]","[-0.02250984  0.55637246  0.16444938  0.10428686 -0.08192434  0.04173793
 -0.39710624  0.01721249]",0.003923840877298377,0.006640235239454265,-6.260133041464698,6.896425523549814,0.9999686891668895,0.02604859985628747,19.826830295580095,23.144715485355093,0.115234375,0.00592770270892534,0.007293601372932798
isomorphic_inventory_direct_p_vs_learned_z_solver_ablation,0.1,oracle_p_inventory,20441,640,0.035,"[-4.94449177e-02  9.58254444e-01  4.18471579e-01  2.16696117e-01
 -1.79370081e-01  9.92446332e-02  1.10835984e-01  1.23946334e-04]","[-0.02020217  0.3949662   0.20988047  0.09847374 -0.06632381  0.04162127
  0.12155863 -0.02001459]",0.002166364676352562,0.006187725198854364,-6.303449986380501,6.940144032312864,0.9999602908977953,0.03527522046282748,19.990196790867117,23.252333965391376,0.099609375,0.0,0.0
isomorphic_inventory_direct_p_vs_learned_z_solver_ablation,0.1,learned_direct_p_inventory,20441,640,0.035,"[-4.94449177e-02  9.58254444e-01  4.18471579e-01  2.16696117e-01
 -1.79370081e-01  9.92446332e-02  1.10835984e-01  1.23946334e-04]","[-0.02020217  0.3949662   0.20988047  0.09847374 -0.06632381  0.04162127
  0.12155863 -0.02001459]",0.002166364676352562,0.006187725198854364,-6.302196739093034,6.938891698969137,0.9999604051407629,0.03517335262880223,19.98666887559566,23.252177509315644,0.099609375,0.0009309564214795643,0.0011739557737809876
isomorphic_inventory_direct_p_vs_learned_z_solver_ablation,0.1,learned_z_inventory,20441,640,0.035,"[-4.94449177e-02  9.58254444e-01  4.18471579e-01  2.16696117e-01
 -1.79370081e-01  9.92446332e-02  1.10835984e-01  1.23946334e-04]","[-0.02020217  0.3949662   0.20988047  0.09847374 -0.06632381  0.04162127
  0.12155863 -0.02001459]",0.002166364676352562,0.006187725198854364,-6.325009512193281,6.9616405594175195,0.9999597402780298,0.035763718626083844,20.066563984269003,23.25296430919503,0.1015625,0.007228927617855815,0.008708799797425412
isomorphic_inventory_direct_p_vs_learned_z_solver_ablation,0.1,oracle_p_inventory,21441,640,0.035,"[-0.04892025  0.87656708  0.41987187  0.21928212 -0.18185599  0.08992852
  0.13481695  0.002356  ]","[-0.02489196  0.3483268   0.19121172  0.10082206 -0.08466745  0.05478176
  0.18714054 -0.00223886]",0.0035624142748817323,0.007751710251537296,-6.278828450817655,6.916093697089922,0.9999657729715334,0.029906280478184784,19.94748205644484,23.115887433703303,0.08203125,0.0,0.0
isomorphic_inventory_direct_p_vs_learned_z_solver_ablation,0.1,learned_direct_p_inventory,21441,640,0.035,"[-0.04892025  0.87656708  0.41987187  0.21928212 -0.18185599  0.08992852
  0.13481695  0.002356  ]","[-0.02489196  0.3483268   0.19121172  0.10082206 -0.08466745  0.05478176
  0.18714054 -0.00223886]",0.0035624142748817323,0.007751710251537296,-6.282843407774898,6.920104627235445,0.9999652696200684,0.03033386230778882,19.963276496335634,23.114783716061865,0.08203125,0.0028996411545767647,0.003449822153669961
isomorphic_inventory_direct_p_vs_learned_z_solver_ablation,0.1,learned_z_inventory,21441,640,0.035,"[-0.04892025  0.87656708  0.41987187  0.21928212 -0.18185599  0.08992852
  0.13481695  0.002356  ]","[-0.02489196  0.3483268   0.19121172  0.10082206 -0.08466745  0.05478176
  0.18714054 -0.00223886]",0.0035624142748817323,0.007751710251537296,-6.2700995740493894,6.90731361986588,0.9999666971333113,0.029129006807267523,19.911361770421166,23.11837919817359,0.083984375,0.006725507552064598,0.007964561529791083
isomorphic_inventory_direct_p_vs_learned_z_solver_ablation,0.1,oracle_p_inventory,22441,640,0.035,"[-0.05422606  0.98212768  0.40609966  0.22728426 -0.18591641  0.10130119
  0.01318592  0.01624312]","[-0.02361782  0.40737634  0.18189988  0.10050525 -0.08319455  0.04647919
 -0.02177374  0.01336791]",0.0037808870445610967,0.0037878560327030257,-6.271073060965606,6.90780659432048,0.9999359299506092,0.05462268144913343,19.903789901053386,23.173207600935253,0.091796875,0.0,0.0
isomorphic_inventory_direct_p_vs_learned_z_solver_ablation,0.1,learned_direct_p_inventory,22441,640,0.035,"[-0.05422606  0.98212768  0.40609966  0.22728426 -0.18591641  0.10130119
  0.01318592  0.01624312]","[-0.02361782  0.40737634  0.18189988  0.10050525 -0.08319455  0.04647919
 -0.02177374  0.01336791]",0.0037808870445610967,0.0037878560327030257,-6.2604478059766535,6.896997046722186,0.9999348660306918,0.05555879649711933,19.862123980616538,23.172256575663248,0.09765625,0.0035336000052687095,0.004220174866003164
isomorphic_inventory_direct_p_vs_learned_z_solver_ablation,0.1,learned_z_inventory,22441,640,0.035,"[-0.05422606  0.98212768  0.40609966  0.22728426 -0.18591641  0.10130119
  0.01318592  0.01624312]","[-0.02361782  0.40737634  0.18189988  0.10050525 -0.08319455  0.04647919
 -0.02177374  0.01336791]",0.0037808870445610967,0.0037878560327030257,-6.269010243715916,6.9056827967364285,0.999935631627564,0.05488100611605605,19.89355907437536,23.173493189185557,0.09375,0.0031040039463444287,0.004238208273025388
isomorphic_inventory_direct_p_vs_learned_z_solver_ablation,0.1,oracle_p_inventory,23441,640,0.035,"[-0.04700322  0.89568964  0.43268118  0.21123444 -0.16526768  0.10163262
  0.02715804  0.00292693]","[-0.0205593   0.32845875  0.17941531  0.08962753 -0.06784221  0.04601795
  0.17968114  0.03132233]",0.0028768922970055866,0.008606043791652402,-6.325756445186691,6.963128339205787,0.999971779721137,0.024416644816596875,20.08815629691275,23.353259997095176,0.080078125,0.0,0.0
isomorphic_inventory_direct_p_vs_learned_z_solver_ablation,0.1,learned_direct_p_inventory,23441,640,0.035,"[-0.04700322  0.89568964  0.43268118  0.21123444 -0.16526768  0.10163262
  0.02715804  0.00292693]","[-0.0205593   0.32845875  0.17941531  0.08962753 -0.06784221  0.04601795
  0.17968114  0.03132233]",0.0028768922970055866,0.008606043791652402,-6.334777036538199,6.9721530314525015,0.9999722923330379,0.02397541665201558,20.12133299005069,23.35432480026681,0.080078125,0.0030491191954303454,0.0037495396391945468
isomorphic_inventory_direct_p_vs_learned_z_solver_ablation,0.1,learned_z_inventory,23441,640,0.035,"[-0.04700322  0.89568964  0.43268118  0.21123444 -0.16526768  0.10163262
  0.02715804  0.00292693]","[-0.0205593   0.32845875  0.17941531  0.08962753 -0.06784221  0.04601795
  0.17968114  0.03132233]",0.0028768922970055866,0.008606043791652402,-6.330261880289951,6.967639174682724,0.9999724547678466,0.02381769681103959,20.105258541896553,23.354156085573244,0.080078125,0.006154691632215671,0.008422863005661705
isomorphic_inventory_direct_p_vs_learned_z_solver_ablation,0.1,oracle_p_inventory,24441,640,0.035,"[-0.04904771  0.98689436  0.40154492  0.21962008 -0.17706626  0.10692051
 -0.19413639  0.02769326]","[-0.02078677  0.39586326  0.18332203  0.0946297  -0.07564657  0.0526955
 -0.09439675  0.02016879]",0.0030405595672317863,0.007195164292888024,-6.335992962854566,6.973181051662669,0.999985425163513,0.01317621587206786,20.106754993255635,23.37954718457138,0.08984375,0.0,0.0
isomorphic_inventory_direct_p_vs_learned_z_solver_ablation,0.1,learned_direct_p_inventory,24441,640,0.035,"[-0.04904771  0.98689436  0.40154492  0.21962008 -0.17706626  0.10692051
 -0.19413639  0.02769326]","[-0.02078677  0.39586326  0.18332203  0.0946297  -0.07564657  0.0526955
 -0.09439675  0.02016879]",0.0030405595672317863,0.007195164292888024,-6.336541730986931,6.973731398844075,0.999985622544643,0.013012085067269974,20.107977311115896,23.380630838482066,0.08984375,0.0023734606765555516,0.0030263423648423473
isomorphic_inventory_direct_p_vs_learned_z_solver_ablation,0.1,learned_z_inventory,24441,640,0.035,"[-0.04904771  0.98689436  0.40154492  0.21962008 -0.17706626  0.10692051
 -0.19413639  0.02769326]","[-0.02078677  0.39586326  0.18332203  0.0946297  -0.07564657  0.0526955
 -0.09439675  0.02016879]",0.0030405595672317863,0.007195164292888024,-6.349755269778834,6.987065680164806,0.9999860669232465,0.012639922393776967,20.155489710430547,23.383483716803372,0.0859375,0.006339290154326855,0.00829246975981082
isomorphic_inventory_direct_p_vs_learned_z_solver_ablation,0.1,oracle_p_inventory,25441,640,0.035,"[-0.04810363  0.99071133  0.42468999  0.21459672 -0.17850766  0.1075292
 -0.1955731  -0.00443879]","[-0.02042011  0.39828762  0.2251663   0.09258269 -0.07000002  0.05910329
  0.04517405 -0.04394511]",0.0024569393788916147,0.01203259750679862,-6.2768494739282925,6.913879303308791,0.9999949396100623,0.00419839529440507,19.921024570094517,23.11402998736682,0.09765625,0.0,0.0
isomorphic_inventory_direct_p_vs_learned_z_solver_ablation,0.1,learned_direct_p_inventory,25441,640,0.035,"[-0.04810363  0.99071133  0.42468999  0.21459672 -0.17850766  0.1075292
 -0.1955731  -0.00443879]","[-0.02042011  0.39828762  0.2251663   0.09258269 -0.07000002  0.05910329
  0.04517405 -0.04394511]",0.0024569393788916147,0.01203259750679862,-6.281559993995611,6.918535521618322,0.9999954761090889,0.003745714398486734,19.938773708652562,23.115701495751626,0.099609375,0.0024274264171565436,0.0029049687049794272
isomorphic_inventory_direct_p_vs_learned_z_solver_ablation,0.1,learned_z_inventory,25441,640,0.035,"[-0.04810363  0.99071133  0.42468999  0.21459672 -0.17850766  0.1075292
 -0.1955731  -0.00443879]","[-0.02042011  0.39828762  0.2251663   0.09258269 -0.07000002  0.05910329
  0.04517405 -0.04394511]",0.0024569393788916147,0.01203259750679862,-6.2954360822261535,6.932539068905365,0.9999967600536515,0.002671963012226032,19.98811177069903,23.120881296021437,0.095703125,0.011070707703593903,0.013963054707280083
isomorphic_inventory_direct_p_vs_learned_z_solver_ablation,0.1,oracle_p_inventory,26441,640,0.035,"[-0.05224817  1.00461072  0.3911797   0.21998387 -0.18908583  0.10018763
 -0.39651393  0.03096778]","[-0.01987035  0.35352416  0.18117623  0.09881455 -0.07133461  0.0473524
  0.21797757  0.01769407]",0.0036493906674155024,0.006341710853862803,-6.270837201983085,6.908606132310507,0.9999774639471779,0.01955840814207442,19.922385692147362,23.15855209081669,0.068359375,0.0,0.0
isomorphic_inventory_direct_p_vs_learned_z_solver_ablation,0.1,learned_direct_p_inventory,26441,640,0.035,"[-0.05224817  1.00461072  0.3911797   0.21998387 -0.18908583  0.10018763
 -0.39651393  0.03096778]","[-0.01987035  0.35352416  0.18117623  0.09881455 -0.07133461  0.0473524
  0.21797757  0.01769407]",0.0036493906674155024,0.006341710853862803,-6.259078505838199,6.896846849103545,0.9999773905644183,0.019620226944084024,19.88004399462885,23.15757141495818,0.068359375,0.0034551725131639973,0.004219614854764768
isomorphic_inventory_direct_p_vs_learned_z_solver_ablation,0.1,learned_z_inventory,26441,640,0.035,"[-0.05224817  1.00461072  0.3911797   0.21998387 -0.18908583  0.10018763
 -0.39651393  0.03096778]","[-0.01987035  0.35352416  0.18117623  0.09881455 -0.07133461  0.0473524
  0.21797757  0.01769407]",0.0036493906674155024,0.006341710853862803,-6.288216008108749,6.926045857499592,0.9999777546113554,0.01929207096048581,19.984165119924818,23.160727015748158,0.06640625,0.005784419294953152,0.007315473139826279
isomorphic_inventory_direct_p_vs_learned_z_solver_ablation,0.1,oracle_p_inventory,27441,640,0.035,"[-0.05379985  0.9136098   0.41059188  0.2270098  -0.18603781  0.09498101
  0.18807942  0.00528651]","[-0.02504897  0.55057218  0.18706125  0.09846305 -0.0769462   0.04824996
 -0.08705695  0.00550583]",0.003993802518830223,0.01144065945764227,-6.337342643344972,6.973952511260941,0.9999790655207461,0.019245072243297523,20.095783422545388,23.350112391394486,0.107421875,0.0,0.0
isomorphic_inventory_direct_p_vs_learned_z_solver_ablation,0.1,learned_direct_p_inventory,27441,640,0.035,"[-0.05379985  0.9136098   0.41059188  0.2270098  -0.18603781  0.09498101
  0.18807942  0.00528651]","[-0.02504897  0.55057218  0.18706125  0.09846305 -0.0769462   0.04824996
 -0.08705695  0.00550583]",0.003993802518830223,0.01144065945764227,-6.326396748873895,6.963003010824448,0.999978614775069,0.019658054458744523,20.054848288966518,23.348296096207378,0.107421875,0.003307598359449758,0.003946632939130124
isomorphic_inventory_direct_p_vs_learned_z_solver_ablation,0.1,learned_z_inventory,27441,640,0.035,"[-0.05379985  0.9136098   0.41059188  0.2270098  -0.18603781  0.09498101
  0.18807942  0.00528651]","[-0.02504897  0.55057218  0.18706125  0.09846305 -0.0769462   0.04824996
 -0.08705695  0.00550583]",0.003993802518830223,0.01144065945764227,-6.31869382553516,6.955301785528903,0.9999788270304679,0.019464025477753215,20.024526193862172,23.34955274191915,0.107421875,0.0059997818498105935,0.0075322686097460696
isomorphic_inventory_direct_p_vs_learned_z_solver_ablation,0.1,oracle_p_inventory,28441,640,0.035,"[-0.04880756  0.96069599  0.43655705  0.21821873 -0.17196609  0.09811435
 -0.01505669 -0.01591573]","[-0.02427997  0.30948814  0.20463409  0.09780905 -0.07701933  0.04561335
  0.29202531 -0.01457415]",0.001634956958978806,0.006184134954070151,-6.280565595930768,6.917217724072774,0.9999696996115008,0.028228124743334512,19.90992570767824,23.169753182360648,0.103515625,0.0,0.0
isomorphic_inventory_direct_p_vs_learned_z_solver_ablation,0.1,learned_direct_p_inventory,28441,640,0.035,"[-0.04880756  0.96069599  0.43655705  0.21821873 -0.17196609  0.09811435
 -0.01505669 -0.01591573]","[-0.02427997  0.30948814  0.20463409  0.09780905 -0.07701933  0.04561335
  0.29202531 -0.01457415]",0.001634956958978806,0.006184134954070151,-6.285529833314826,6.922181699155592,0.9999696668238458,0.02825903193678321,19.927969096657293,23.169906761357726,0.103515625,0.0017756157782678383,0.0021597782244528606
isomorphic_inventory_direct_p_vs_learned_z_solver_ablation,0.1,learned_z_inventory,28441,640,0.035,"[-0.04880756  0.96069599  0.43655705  0.21821873 -0.17196609  0.09811435
 -0.01505669 -0.01591573]","[-0.02427997  0.30948814  0.20463409  0.09780905 -0.07701933  0.04561335
  0.29202531 -0.01457415]",0.001634956958978806,0.006184134954070151,-6.274589730944449,6.911179907920921,0.9999692799345591,0.02863003192068296,19.88505469240279,23.169433850425463,0.10546875,0.0036617316328906666,0.004672530353151705
isomorphic_inventory_direct_p_vs_learned_z_solver_ablation,0.1,oracle_p_inventory,29441,640,0.035,"[-0.04828957  0.88926967  0.41410974  0.21726494 -0.18201655  0.1036937
  0.14106451  0.00385442]","[-0.02095519  0.45170566  0.20296896  0.09956291 -0.07485569  0.0544797
  0.00564366 -0.01647632]",0.0022353204474246952,0.007925978371544679,-6.268976801951958,6.9064244254742295,0.9999812459090339,0.014707637246712701,19.91762406436793,23.116921692140394,0.080078125,0.0,0.0
isomorphic_inventory_direct_p_vs_learned_z_solver_ablation,0.1,learned_direct_p_inventory,29441,640,0.035,"[-0.04828957  0.88926967  0.41410974  0.21726494 -0.18201655  0.1036937
  0.14106451  0.00385442]","[-0.02095519  0.45170566  0.20296896  0.09956291 -0.07485569  0.0544797
  0.00564366 -0.01647632]",0.0022353204474246952,0.007925978371544679,-6.271525900898095,6.909037660325938,0.9999819386784804,0.014152007897993424,19.928314658878598,23.117786717372127,0.078125,0.0016384227136938773,0.0019270919654690965
isomorphic_inventory_direct_p_vs_learned_z_solver_ablation,0.1,learned_z_inventory,29441,640,0.035,"[-0.04828957  0.88926967  0.41410974  0.21726494 -0.18201655  0.1036937
  0.14106451  0.00385442]","[-0.02095519  0.45170566  0.20296896  0.09956291 -0.07485569  0.0544797
  0.00564366 -0.01647632]",0.0022353204474246952,0.007925978371544679,-6.2863643102827735,6.923823501199092,0.9999826918332899,0.013555262039745768,19.97862786687011,23.12164000607305,0.080078125,0.007556394642013328,0.009049824630070953
isomorphic_inventory_direct_p_vs_learned_z_solver_ablation,0.1,oracle_p_inventory,30441,640,0.035,"[-0.049065    0.90572104  0.42565832  0.22716726 -0.17349921  0.09567526
  0.2984124  -0.0070583 ]","[-0.02115961  0.62016398  0.19438222  0.10502362 -0.07439642  0.04147445
  0.04770821 -0.0125291 ]",0.0026777388828149082,0.00806152396086485,-6.327549830677766,6.963837530626547,0.9999241460873477,0.06716256389563892,20.0644602382202,23.327550168016312,0.103515625,0.0,0.0
isomorphic_inventory_direct_p_vs_learned_z_solver_ablation,0.1,learned_direct_p_inventory,30441,640,0.035,"[-0.049065    0.90572104  0.42565832  0.22716726 -0.17349921  0.09567526
  0.2984124  -0.0070583 ]","[-0.02115961  0.62016398  0.19438222  0.10502362 -0.07439642  0.04147445
  0.04770821 -0.0125291 ]",0.0026777388828149082,0.00806152396086485,-6.33407164537505,6.9703526941846885,0.9999233146949549,0.06790504901772673,20.086439952274294,23.32731470593066,0.103515625,0.002830336918803549,0.0033652779576760815
isomorphic_inventory_direct_p_vs_learned_z_solver_ablation,0.1,learned_z_inventory,30441,640,0.035,"[-0.049065    0.90572104  0.42565832  0.22716726 -0.17349921  0.09567526
  0.2984124  -0.0070583 ]","[-0.02115961  0.62016398  0.19438222  0.10502362 -0.07439642  0.04147445
  0.04770821 -0.0125291 ]",0.0026777388828149082,0.00806152396086485,-6.341858863331447,6.97813452306433,0.9999226410603603,0.06850533993696445,20.113173340859333,23.32740637047386,0.103515625,0.0062582492681390565,0.008026194156169085
isomorphic_inventory_direct_p_vs_learned_z_solver_ablation,0.1,oracle_p_inventory,31441,640,0.035,"[-0.05018328  1.00917227  0.39606076  0.21874567 -0.18111446  0.10339344
 -0.43647901  0.03124218]","[-0.02237585  0.40178914  0.18001989  0.09624536 -0.08323058  0.05458396
 -0.10438174  0.01412199]",0.003013703414626676,0.006938649142904397,-6.3086024062111585,6.9458248971158225,0.999960428550583,0.032737021934145134,20.020882682336058,23.260783573327377,0.08203125,0.0,0.0
isomorphic_inventory_direct_p_vs_learned_z_solver_ablation,0.1,learned_direct_p_inventory,31441,640,0.035,"[-0.05018328  1.00917227  0.39606076  0.21874567 -0.18111446  0.10339344
 -0.43647901  0.03124218]","[-0.02237585  0.40178914  0.18001989  0.09624536 -0.08323058  0.05458396
 -0.10438174  0.01412199]",0.003013703414626676,0.006938649142904397,-6.303703842327892,6.940927689191854,0.9999605980454953,0.03259935486931271,20.003219005473035,23.260895048670136,0.08203125,0.0022783953451777474,0.002992534260707402
isomorphic_inventory_direct_p_vs_learned_z_solver_ablation,0.1,learned_z_inventory,31441,640,0.035,"[-0.05018328  1.00917227  0.39606076  0.21874567 -0.18111446  0.10339344
 -0.43647901  0.03124218]","[-0.02237585  0.40178914  0.18001989  0.09624536 -0.08323058  0.05458396
 -0.10438174  0.01412199]",0.003013703414626676,0.006938649142904397,-6.308741060302655,6.946034334065166,0.9999619521890639,0.03146979712888231,20.02109329272643,23.26429899724225,0.080078125,0.005810765825499774,0.0071126940523047345
isomorphic_inventory_direct_p_vs_learned_z_solver_ablation,0.1,oracle_p_inventory,32441,640,0.035,"[-0.04999823  0.677711    0.44313887  0.21890134 -0.17089467  0.09679967
  0.67023482 -0.02143542]","[-0.01936999  0.22806182  0.18049544  0.0976657  -0.06718927  0.04582876
  0.34349528  0.0307062 ]",0.003632002342127517,0.008519251926971214,-6.270291382340247,6.908269619790028,0.9999743304624726,0.021637189135928103,19.947827494562503,23.179222331401967,0.060546875,0.0,0.0
isomorphic_inventory_direct_p_vs_learned_z_solver_ablation,0.1,learned_direct_p_inventory,32441,640,0.035,"[-0.04999823  0.677711    0.44313887  0.21890134 -0.17089467  0.09679967
  0.67023482 -0.02143542]","[-0.01936999  0.22806182  0.18049544  0.0976657  -0.06718927  0.04582876
  0.34349528  0.0307062 ]",0.003632002342127517,0.008519251926971214,-6.273249623720569,6.911167043002955,0.9999740524102982,0.021886319751649737,19.95785052842291,23.17895735907099,0.0625,0.0021503001535914603,0.0029051594318880132
isomorphic_inventory_direct_p_vs_learned_z_solver_ablation,0.1,learned_z_inventory,32441,640,0.035,"[-0.04999823  0.677711    0.44313887  0.21890134 -0.17089467  0.09679967
  0.67023482 -0.02143542]","[-0.01936999  0.22806182  0.18049544  0.0976657  -0.06718927  0.04582876
  0.34349528  0.0307062 ]",0.003632002342127517,0.008519251926971214,-6.295851693011777,6.933830394900202,0.9999743885173031,0.021580187200029653,20.037835238416122,23.181812449054007,0.060546875,0.008219367419029332,0.010936201050699097
isomorphic_inventory_direct_p_vs_learned_z_solver_ablation,0.1,oracle_p_inventory,33441,640,0.035,"[-0.04905309  1.06034536  0.42904413  0.22013263 -0.17180003  0.10465413
 -0.36591002 -0.00539287]","[-0.02234085  0.3443467   0.18936847  0.09736251 -0.09193888  0.04678459
  0.33745831 -0.00703733]",0.002213888896766704,0.00801021184508147,-6.311307590143839,6.948164014280801,0.9999586155171203,0.03357419745691469,20.02702292190147,23.244767816879552,0.09375,0.0,0.0
isomorphic_inventory_direct_p_vs_learned_z_solver_ablation,0.1,learned_direct_p_inventory,33441,640,0.035,"[-0.04905309  1.06034536  0.42904413  0.22013263 -0.17180003  0.10465413
 -0.36591002 -0.00539287]","[-0.02234085  0.3443467   0.18936847  0.09736251 -0.09193888  0.04678459
  0.33745831 -0.00703733]",0.002213888896766704,0.00801021184508147,-6.3161008980170745,6.9529580309402,0.9999587041153907,0.03349930918324331,20.04334071211482,23.245856697997965,0.09375,0.0021291380902898165,0.002556673230160122
isomorphic_inventory_direct_p_vs_learned_z_solver_ablation,0.1,learned_z_inventory,33441,640,0.035,"[-0.04905309  1.06034536  0.42904413  0.22013263 -0.17180003  0.10465413
 -0.36591002 -0.00539287]","[-0.02234085  0.3443467   0.18936847  0.09736251 -0.09193888  0.04678459
  0.33745831 -0.00703733]",0.002213888896766704,0.00801021184508147,-6.3153333687752236,6.952252816628625,0.9999591692629252,0.0331178775375887,20.044184323738055,23.246041188759207,0.091796875,0.004793675483655698,0.005728512985353358
isomorphic_inventory_direct_p_vs_learned_z_solver_ablation,0.01,oracle_p_inventory,10441,640,0.035,"[-0.04975739  1.01822496  0.43442063  0.23054793 -0.17824066  0.09710213
 -0.24536198 -0.0256754 ]","[-0.0118508   0.21930604  0.06020931  0.02784565 -0.03812846  0.02180877
 -0.07386203 -0.00815217]",0.0035563720608103606,0.02934046304326403,-6.344506989924874,6.981285648544334,0.9999708674836826,0.02602950217267727,20.10080300828093,23.365073083874556,0.099609375,0.0,0.0
isomorphic_inventory_direct_p_vs_learned_z_solver_ablation,0.01,learned_direct_p_inventory,10441,640,0.035,"[-0.04975739  1.01822496  0.43442063  0.23054793 -0.17824066  0.09710213
 -0.24536198 -0.0256754 ]","[-0.0118508   0.21930604  0.06020931  0.02784565 -0.03812846  0.02180877
 -0.07386203 -0.00815217]",0.0035563720608103606,0.02934046304326403,-6.35142282976658,6.988081317378701,0.9999704945452652,0.026352368603469574,20.12333799553535,23.3651191239558,0.103515625,0.0033744026564273503,0.0043252157570473375
isomorphic_inventory_direct_p_vs_learned_z_solver_ablation,0.01,learned_z_inventory,10441,640,0.035,"[-0.04975739  1.01822496  0.43442063  0.23054793 -0.17824066  0.09710213
 -0.24536198 -0.0256754 ]","[-0.0118508   0.21930604  0.06020931  0.02784565 -0.03812846  0.02180877
 -0.07386203 -0.00815217]",0.0035563720608103606,0.02934046304326403,-6.234815656234437,6.871425426237683,0.9999717290629058,0.025380037148397976,19.701496800039287,23.364414679913217,0.10546875,0.03286786134190927,0.0390705552041349
isomorphic_inventory_direct_p_vs_learned_z_solver_ablation,0.01,oracle_p_inventory,11441,640,0.035,"[-0.05103608  0.89223153  0.43239853  0.21963047 -0.18085721  0.10206398
  0.16630353 -0.00876036]","[-0.00235683  0.11666971  0.08381052  0.0240663  -0.00089692  0.01690403
  0.01999745 -0.01383836]",0.0019583833067848733,0.0266147624679888,-6.2806304223521,6.918062882600703,0.9999939989373252,0.005290792820699677,19.947191872328183,23.10919415590061,0.083984375,0.0,0.0
isomorphic_inventory_direct_p_vs_learned_z_solver_ablation,0.01,learned_direct_p_inventory,11441,640,0.035,"[-0.05103608  0.89223153  0.43239853  0.21963047 -0.18085721  0.10206398
  0.16630353 -0.00876036]","[-0.00235683  0.11666971  0.08381052  0.0240663  -0.00089692  0.01690403
  0.01999745 -0.01383836]",0.0019583833067848733,0.0266147624679888,-6.281995471690568,6.919428282270905,0.9999940427287921,0.005255750559029777,19.951401063673593,23.10957657504917,0.083984375,0.0014222789002297507,0.0017684342208068287
isomorphic_inventory_direct_p_vs_learned_z_solver_ablation,0.01,learned_z_inventory,11441,640,0.035,"[-0.05103608  0.89223153  0.43239853  0.21963047 -0.18085721  0.10206398
  0.16630353 -0.00876036]","[-0.00235683  0.11666971  0.08381052  0.0240663  -0.00089692  0.01690403
  0.01999745 -0.01383836]",0.0019583833067848733,0.0266147624679888,-6.388921182112668,7.026432135292692,0.9999964863350032,0.003080223732057387,20.339016973411226,23.12188844331807,0.08203125,0.034263562355877304,0.040760052715794935
isomorphic_inventory_direct_p_vs_learned_z_solver_ablation,0.01,oracle_p_inventory,12441,640,0.035,"[-5.00088524e-02  8.55162517e-01  4.16513848e-01  2.18705965e-01
 -1.80432852e-01  9.19061075e-02  4.81946590e-01  4.63170558e-05]","[-0.00571176 -0.02718157  0.02836468  0.03382404 -0.02325267  0.01457627
  0.39870483  0.03946847]",0.003590426232232952,0.024178467135072147,-6.342526087921279,6.979249542911462,0.9999639670300229,0.032259836527087894,20.11664121419321,23.34286029065858,0.099609375,0.0,0.0
isomorphic_inventory_direct_p_vs_learned_z_solver_ablation,0.01,learned_direct_p_inventory,12441,640,0.035,"[-5.00088524e-02  8.55162517e-01  4.16513848e-01  2.18705965e-01
 -1.80432852e-01  9.19061075e-02  4.81946590e-01  4.63170558e-05]","[-0.00571176 -0.02718157  0.02836468  0.03382404 -0.02325267  0.01457627
  0.39870483  0.03946847]",0.003590426232232952,0.024178467135072147,-6.3391006881671235,6.975879730629218,0.9999635912452619,0.03259413135333218,20.105462847204265,23.341371889066096,0.09765625,0.00227505637010121,0.002802316111442303
isomorphic_inventory_direct_p_vs_learned_z_solver_ablation,0.01,learned_z_inventory,12441,640,0.035,"[-5.00088524e-02  8.55162517e-01  4.16513848e-01  2.18705965e-01
 -1.80432852e-01  9.19061075e-02  4.81946590e-01  4.63170558e-05]","[-0.00571176 -0.02718157  0.02836468  0.03382404 -0.02325267  0.01457627
  0.39870483  0.03946847]",0.003590426232232952,0.024178467135072147,-6.3398270328318445,6.9766050482430835,0.9999634628639049,0.032660844469069215,20.105424150067808,23.342251473063122,0.09765625,0.016666919182906734,0.021844982475765214
isomorphic_inventory_direct_p_vs_learned_z_solver_ablation,0.01,oracle_p_inventory,13441,640,0.035,"[-0.05263406  0.96160862  0.43172488  0.22708021 -0.17870082  0.10597835
  0.07888193 -0.0030803 ]","[-0.00299999  0.15500972  0.02853065  0.02814783 -0.01859676  0.01594128
 -0.08453271  0.05098684]",0.004488288303239551,0.030085682487626195,-6.2909809073829,6.927846661021894,0.9999744301423745,0.02188647022709242,19.967713721889325,23.1434285861227,0.09765625,0.0,0.0
isomorphic_inventory_direct_p_vs_learned_z_solver_ablation,0.01,learned_direct_p_inventory,13441,640,0.035,"[-0.05263406  0.96160862  0.43172488  0.22708021 -0.17870082  0.10597835
  0.07888193 -0.0030803 ]","[-0.00299999  0.15500972  0.02853065  0.02814783 -0.01859676  0.01594128
 -0.08453271  0.05098684]",0.004488288303239551,0.030085682487626195,-6.292869680367623,6.929557490623503,0.999974159875735,0.02211792142064708,19.970184703673837,23.14416041401855,0.103515625,0.003343713165568188,0.004114769641144655
isomorphic_inventory_direct_p_vs_learned_z_solver_ablation,0.01,learned_z_inventory,13441,640,0.035,"[-0.05263406  0.96160862  0.43172488  0.22708021 -0.17870082  0.10597835
  0.07888193 -0.0030803 ]","[-0.00299999  0.15500972  0.02853065  0.02814783 -0.01859676  0.01594128
 -0.08453271  0.05098684]",0.004488288303239551,0.030085682487626195,-6.350847249138138,6.988151141567949,0.9999779279599764,0.018900251669503917,20.190494893325024,23.151072130668762,0.083984375,0.025125855899928818,0.037815526802806844
isomorphic_inventory_direct_p_vs_learned_z_solver_ablation,0.01,oracle_p_inventory,14441,640,0.035,"[-5.07978080e-02  1.13437085e+00  4.26163520e-01  2.17970016e-01
 -1.78085874e-01  1.00621540e-01 -4.47418875e-01 -1.03439934e-04]","[-0.01021766 -0.00207978  0.03159648  0.03418574 -0.03197711  0.01566289
 -0.03250206  0.05401154]",0.0031265532010631104,0.035498566112999924,-6.3123113102324595,6.9496267040246895,0.9999647171927787,0.0325487781766079,20.05503309593319,23.24037814763407,0.080078125,0.0,0.0
isomorphic_inventory_direct_p_vs_learned_z_solver_ablation,0.01,learned_direct_p_inventory,14441,640,0.035,"[-5.07978080e-02  1.13437085e+00  4.26163520e-01  2.17970016e-01
 -1.78085874e-01  1.00621540e-01 -4.47418875e-01 -1.03439934e-04]","[-0.01021766 -0.00207978  0.03159648  0.03418574 -0.03197711  0.01566289
 -0.03250206  0.05401154]",0.0031265532010631104,0.035498566112999924,-6.311939604330672,6.949255521621298,0.9999647826300782,0.03249751830521866,20.053247810244144,23.24041472757272,0.080078125,0.0011803525465090997,0.0017282237619643827
isomorphic_inventory_direct_p_vs_learned_z_solver_ablation,0.01,learned_z_inventory,14441,640,0.035,"[-5.07978080e-02  1.13437085e+00  4.26163520e-01  2.17970016e-01
 -1.78085874e-01  1.00621540e-01 -4.47418875e-01 -1.03439934e-04]","[-0.01021766 -0.00207978  0.03159648  0.03418574 -0.03197711  0.01566289
 -0.03250206  0.05401154]",0.0031265532010631104,0.035498566112999924,-6.274666841495502,6.911662353530029,0.9999613530668159,0.03539751724937596,19.903208647903373,23.236963395013856,0.08984375,0.02733356280954042,0.0392395371198047
isomorphic_inventory_direct_p_vs_learned_z_solver_ablation,0.01,oracle_p_inventory,15441,640,0.035,"[-0.0514451   1.0781158   0.42330634  0.22062367 -0.18646454  0.10106533
 -0.19222956 -0.02188641]","[-0.00123628  0.01237969  0.05284417  0.02246823 -0.01509098  0.02129057
  0.18303075  0.03303111]",0.0029118217825085117,0.03669272139978931,-6.260886215640378,6.897621853854167,0.9999654899329737,0.0276600474211949,19.87311848043351,23.071599656701093,0.099609375,0.0,0.0
isomorphic_inventory_direct_p_vs_learned_z_solver_ablation,0.01,learned_direct_p_inventory,15441,640,0.035,"[-0.0514451   1.0781158   0.42330634  0.22062367 -0.18646454  0.10106533
 -0.19222956 -0.02188641]","[-0.00123628  0.01237969  0.05284417  0.02246823 -0.01509098  0.02129057
  0.18303075  0.03303111]",0.0029118217825085117,0.03669272139978931,-6.253071857064909,6.8898077784105,0.999965525324449,0.027639936980784957,19.845466887537242,23.071180426212145,0.099609375,0.002628394777444695,0.0036262190471910384
isomorphic_inventory_direct_p_vs_learned_z_solver_ablation,0.01,learned_z_inventory,15441,640,0.035,"[-0.0514451   1.0781158   0.42330634  0.22062367 -0.18646454  0.10106533
 -0.19222956 -0.02188641]","[-0.00123628  0.01237969  0.05284417  0.02246823 -0.01509098  0.02129057
  0.18303075  0.03303111]",0.0029118217825085117,0.03669272139978931,-6.398739487352857,7.035985651075787,0.9999707118716163,0.023438945193007932,20.381520845937523,23.091897099085436,0.083984375,0.04005959220201841,0.05300517377901647
isomorphic_inventory_direct_p_vs_learned_z_solver_ablation,0.01,oracle_p_inventory,16441,640,0.035,"[-0.05181851  1.05907177  0.4293012   0.2278865  -0.18456706  0.10493126
 -0.11465554 -0.02359782]","[-0.00694845  0.04705931  0.05462801  0.03550309 -0.03072593  0.0069286
  0.14541031  0.00217171]",0.0031368659187983932,0.02159881644642188,-6.347411287886821,6.984046117018434,0.9999602130164517,0.03496678370724529,20.120438768350734,23.37778818989059,0.1015625,0.0,0.0
isomorphic_inventory_direct_p_vs_learned_z_solver_ablation,0.01,learned_direct_p_inventory,16441,640,0.035,"[-0.05181851  1.05907177  0.4293012   0.2278865  -0.18456706  0.10493126
 -0.11465554 -0.02359782]","[-0.00694845  0.04705931  0.05462801  0.03550309 -0.03072593  0.0069286
  0.14541031  0.00217171]",0.0031368659187983932,0.02159881644642188,-6.345870697628634,6.982386722455864,0.9999600109159038,0.0351438185944767,20.112608912181642,23.378314934863262,0.10546875,0.002704451584453869,0.003460299149175027
isomorphic_inventory_direct_p_vs_learned_z_solver_ablation,0.01,learned_z_inventory,16441,640,0.035,"[-0.05181851  1.05907177  0.4293012   0.2278865  -0.18456706  0.10493126
 -0.11465554 -0.02359782]","[-0.00694845  0.04705931  0.05462801  0.03550309 -0.03072593  0.0069286
  0.14541031  0.00217171]",0.0031368659187983932,0.02159881644642188,-6.362007481066112,6.998614043488759,0.9999566796778309,0.03806072666817387,20.175539410181212,23.371113957919015,0.1015625,0.01402390560071889,0.01682982244560434
isomorphic_inventory_direct_p_vs_learned_z_solver_ablation,0.01,oracle_p_inventory,17441,640,0.035,"[-0.05010965  0.85948168  0.42478935  0.22303125 -0.18083292  0.10767493
  0.41175467 -0.01359741]","[-0.00898993 -0.00754125  0.01008759  0.03053688 -0.05188352  0.0147198
  0.22494606  0.04958851]",0.003345479537003789,0.03625794510870912,-6.317990894043567,6.9553729592629026,0.999958402683667,0.03455997122084394,20.056662026616543,23.299508824372587,0.076171875,0.0,0.0
isomorphic_inventory_direct_p_vs_learned_z_solver_ablation,0.01,learned_direct_p_inventory,17441,640,0.035,"[-0.05010965  0.85948168  0.42478935  0.22303125 -0.18083292  0.10767493
  0.41175467 -0.01359741]","[-0.00898993 -0.00754125  0.01008759  0.03053688 -0.05188352  0.0147198
  0.22494606  0.04958851]",0.003345479537003789,0.03625794510870912,-6.318407522015315,6.955793548309543,0.9999588978180285,0.0341374488892087,20.05717794325475,23.300710965684807,0.076171875,0.002425190463770815,0.003096328142954919
isomorphic_inventory_direct_p_vs_learned_z_solver_ablation,0.01,learned_z_inventory,17441,640,0.035,"[-0.05010965  0.85948168  0.42478935  0.22303125 -0.18083292  0.10767493
  0.41175467 -0.01359741]","[-0.00898993 -0.00754125  0.01008759  0.03053688 -0.05188352  0.0147198
  0.22494606  0.04958851]",0.003345479537003789,0.03625794510870912,-6.239155035091887,6.876614699571325,0.9999607783724298,0.0325540200200349,19.785254432322624,23.294003572736134,0.07421875,0.037225733524741754,0.045819153138575555
isomorphic_inventory_direct_p_vs_learned_z_solver_ablation,0.01,oracle_p_inventory,18441,640,0.035,"[-0.05127637  0.89268282  0.43900458  0.22308444 -0.17059486  0.09215711
  0.48051368 -0.0053982 ]","[-0.0112499   0.29244033  0.05963941  0.03262434 -0.03751223  0.01046996
 -0.32478432 -0.00554326]",0.0051704844152952265,0.025823562805399585,-6.304198025257794,6.9404572517765795,0.9999718564398483,0.021541794776890215,19.977975182315937,23.219258126678262,0.1171875,0.0,0.0
isomorphic_inventory_direct_p_vs_learned_z_solver_ablation,0.01,learned_direct_p_inventory,18441,640,0.035,"[-0.05127637  0.89268282  0.43900458  0.22308444 -0.17059486  0.09215711
  0.48051368 -0.0053982 ]","[-0.0112499   0.29244033  0.05963941  0.03262434 -0.03751223  0.01046996
 -0.32478432 -0.00554326]",0.0051704844152952265,0.025823562805399585,-6.308552059883834,6.944806826152731,0.9999712989086121,0.021985221990947518,19.99138002293517,23.218231268853533,0.1171875,0.003417861879936175,0.00437690102023598
isomorphic_inventory_direct_p_vs_learned_z_solver_ablation,0.01,learned_z_inventory,18441,640,0.035,"[-0.05127637  0.89268282  0.43900458  0.22308444 -0.17059486  0.09215711
  0.48051368 -0.0053982 ]","[-0.0112499   0.29244033  0.05963941  0.03262434 -0.03751223  0.01046996
 -0.32478432 -0.00554326]",0.0051704844152952265,0.025823562805399585,-6.2298453615053955,6.865855924698263,0.9999700703991085,0.0229409519642396,19.706064914248298,23.20893802412516,0.125,0.024005898154579913,0.028536945574468613
isomorphic_inventory_direct_p_vs_learned_z_solver_ablation,0.01,oracle_p_inventory,19441,640,0.035,"[-0.04505729  0.8504882   0.44629235  0.21237299 -0.15663721  0.09784505
  0.51705826 -0.0109527 ]","[-0.00721227  0.27463559  0.03615555  0.03701905 -0.02682407  0.01116073
 -0.42513407  0.01688522]",0.003923840877298377,0.0211773087430597,-6.271912940680929,6.908220402891407,0.9999705616825597,0.024509665672298127,19.870933354203434,23.146995523243437,0.115234375,0.0,0.0
isomorphic_inventory_direct_p_vs_learned_z_solver_ablation,0.01,learned_direct_p_inventory,19441,640,0.035,"[-0.04505729  0.8504882   0.44629235  0.21237299 -0.15663721  0.09784505
  0.51705826 -0.0109527 ]","[-0.00721227  0.27463559  0.03615555  0.03701905 -0.02682407  0.01116073
 -0.42513407  0.01688522]",0.003923840877298377,0.0211773087430597,-6.288867596769698,6.925236914390257,0.9999709693900698,0.024172259584073492,19.933300315393605,23.14823040582141,0.11328125,0.005036241459533449,0.006076723301375449
isomorphic_inventory_direct_p_vs_learned_z_solver_ablation,0.01,learned_z_inventory,19441,640,0.035,"[-0.04505729  0.8504882   0.44629235  0.21237299 -0.15663721  0.09784505
  0.51705826 -0.0109527 ]","[-0.00721227  0.27463559  0.03615555  0.03701905 -0.02682407  0.01116073
 -0.42513407  0.01688522]",0.003923840877298377,0.0211773087430597,-6.234705142506038,6.870965135957229,0.999964628087649,0.02938425084712027,19.731476521219122,23.13980072860273,0.115234375,0.018883374734280152,0.02314922297225645
isomorphic_inventory_direct_p_vs_learned_z_solver_ablation,0.01,oracle_p_inventory,20441,640,0.035,"[-4.94449177e-02  9.58254444e-01  4.18471579e-01  2.16696117e-01
 -1.79370081e-01  9.92446332e-02  1.10835984e-01  1.23946334e-04]","[-0.00490903  0.10896533  0.0814458   0.03122323 -0.01124884  0.01104121
  0.11179887 -0.02008994]",0.002166364676352562,0.019528903038538097,-6.303449986380501,6.940144032312864,0.9999602908977953,0.03527522046282748,19.990196790867117,23.252333965391376,0.099609375,0.0,0.0
isomorphic_inventory_direct_p_vs_learned_z_solver_ablation,0.01,learned_direct_p_inventory,20441,640,0.035,"[-4.94449177e-02  9.58254444e-01  4.18471579e-01  2.16696117e-01
 -1.79370081e-01  9.92446332e-02  1.10835984e-01  1.23946334e-04]","[-0.00490903  0.10896533  0.0814458   0.03122323 -0.01124884  0.01104121
  0.11179887 -0.02008994]",0.002166364676352562,0.019528903038538097,-6.302196739093034,6.938891698969137,0.9999604051407629,0.03517335262880223,19.98666887559566,23.252177509315644,0.099609375,0.0009309564214795643,0.0011739557737809876
isomorphic_inventory_direct_p_vs_learned_z_solver_ablation,0.01,learned_z_inventory,20441,640,0.035,"[-4.94449177e-02  9.58254444e-01  4.18471579e-01  2.16696117e-01
 -1.79370081e-01  9.92446332e-02  1.10835984e-01  1.23946334e-04]","[-0.00490903  0.10896533  0.0814458   0.03122323 -0.01124884  0.01104121
  0.11179887 -0.02008994]",0.002166364676352562,0.019528903038538097,-6.373388393970453,7.010009586518281,0.9999585084434786,0.03685752600718218,20.238398975354272,23.254366397808298,0.1015625,0.023231964480268347,0.02802256628079977
isomorphic_inventory_direct_p_vs_learned_z_solver_ablation,0.01,oracle_p_inventory,21441,640,0.035,"[-0.04892025  0.87656708  0.41987187  0.21928212 -0.18185599  0.08992852
  0.13481695  0.002356  ]","[-0.00959559  0.06970079  0.06278461  0.03357532 -0.02957172  0.02418856
  0.15022405 -0.0023181 ]",0.0035624142748817323,0.024434497480932633,-6.278828450817655,6.916093697089922,0.9999657729715334,0.029906280478184784,19.94748205644484,23.115887433703303,0.08203125,0.0,0.0
isomorphic_inventory_direct_p_vs_learned_z_solver_ablation,0.01,learned_direct_p_inventory,21441,640,0.035,"[-0.04892025  0.87656708  0.41987187  0.21928212 -0.18185599  0.08992852
  0.13481695  0.002356  ]","[-0.00959559  0.06970079  0.06278461  0.03357532 -0.02957172  0.02418856
  0.15022405 -0.0023181 ]",0.0035624142748817323,0.024434497480932633,-6.282843407774898,6.920104627235445,0.9999652696200684,0.03033386230778882,19.963276496335634,23.114783716061865,0.08203125,0.0028996411545767647,0.003449822153669961
isomorphic_inventory_direct_p_vs_learned_z_solver_ablation,0.01,learned_z_inventory,21441,640,0.035,"[-0.04892025  0.87656708  0.41987187  0.21928212 -0.18185599  0.08992852
  0.13481695  0.002356  ]","[-0.00959559  0.06970079  0.06278461  0.03357532 -0.02957172  0.02418856
  0.15022405 -0.0023181 ]",0.0035624142748817323,0.024434497480932633,-6.2517966649755925,6.888790149482498,0.9999684238446132,0.02764431903120193,19.834644868622995,23.1236834941977,0.091796875,0.021073867827681687,0.025000376689489023
isomorphic_inventory_direct_p_vs_learned_z_solver_ablation,0.01,oracle_p_inventory,22441,640,0.035,"[-0.05422606  0.98212768  0.40609966  0.22728426 -0.18591641  0.10130119
  0.01318592  0.01624312]","[-0.00831918  0.12487761  0.05371764  0.03324509 -0.02808319  0.01589799
 -0.04462849  0.0128363 ]",0.0037808870445610967,0.011913388296580415,-6.271073060965606,6.90780659432048,0.9999359299506092,0.05462268144913343,19.903789901053386,23.173207600935253,0.091796875,0.0,0.0
isomorphic_inventory_direct_p_vs_learned_z_solver_ablation,0.01,learned_direct_p_inventory,22441,640,0.035,"[-0.05422606  0.98212768  0.40609966  0.22728426 -0.18591641  0.10130119
  0.01318592  0.01624312]","[-0.00831918  0.12487761  0.05371764  0.03324509 -0.02808319  0.01589799
 -0.04462849  0.0128363 ]",0.0037808870445610967,0.011913388296580415,-6.2604478059766535,6.896997046722186,0.9999348660306918,0.05555879649711933,19.862123980616538,23.172256575663248,0.09765625,0.0035336000052687095,0.004220174866003164
isomorphic_inventory_direct_p_vs_learned_z_solver_ablation,0.01,learned_z_inventory,22441,640,0.035,"[-0.05422606  0.98212768  0.40609966  0.22728426 -0.18591641  0.10130119
  0.01318592  0.01624312]","[-0.00831918  0.12487761  0.05371764  0.03324509 -0.02808319  0.01589799
 -0.04462849  0.0128363 ]",0.0037808870445610967,0.011913388296580415,-6.264441145034585,6.900874116087741,0.9999349807566446,0.05544432342147128,19.87100173342557,23.174078812682644,0.1015625,0.009538113585777497,0.013096004109762307
isomorphic_inventory_direct_p_vs_learned_z_solver_ablation,0.01,oracle_p_inventory,23441,640,0.035,"[-0.04700322  0.89568964  0.43268118  0.21123444 -0.16526768  0.10163262
  0.02715804  0.00292693]","[-0.00526022  0.04496697  0.05124294  0.02235647 -0.01272797  0.01543942
  0.16163837  0.03077518]",0.0028768922970055866,0.02706762265270466,-6.325756445186691,6.963128339205787,0.999971779721137,0.024416644816596875,20.08815629691275,23.353259997095176,0.080078125,0.0,0.0
isomorphic_inventory_direct_p_vs_learned_z_solver_ablation,0.01,learned_direct_p_inventory,23441,640,0.035,"[-0.04700322  0.89568964  0.43268118  0.21123444 -0.16526768  0.10163262
  0.02715804  0.00292693]","[-0.00526022  0.04496697  0.05124294  0.02235647 -0.01272797  0.01543942
  0.16163837  0.03077518]",0.0028768922970055866,0.02706762265270466,-6.334777036538199,6.9721530314525015,0.9999722923330379,0.02397541665201558,20.12133299005069,23.35432480026681,0.080078125,0.0030491191954303454,0.0037495396391945468
isomorphic_inventory_direct_p_vs_learned_z_solver_ablation,0.01,learned_z_inventory,23441,640,0.035,"[-0.04700322  0.89568964  0.43268118  0.21123444 -0.16526768  0.10163262
  0.02715804  0.00292693]","[-0.00526022  0.04496697  0.05124294  0.02235647 -0.01272797  0.01543942
  0.16163837  0.03077518]",0.0028768922970055866,0.02706762265270466,-6.339777563244367,6.977225391086586,0.9999739472302773,0.022494421813527662,20.141711037551147,23.356116168235125,0.078125,0.019180558710956565,0.026609664331704294
isomorphic_inventory_direct_p_vs_learned_z_solver_ablation,0.01,oracle_p_inventory,24441,640,0.035,"[-0.04904771  0.98689436  0.40154492  0.21962008 -0.17706626  0.10692051
 -0.19413639  0.02769326]","[-0.00549051  0.11203242  0.05497778  0.02738353 -0.02056631  0.02210824
 -0.11204329  0.01987896]",0.0030405595672317863,0.0226847028738532,-6.335992962854566,6.973181051662669,0.999985425163513,0.01317621587206786,20.106754993255635,23.37954718457138,0.08984375,0.0,0.0
isomorphic_inventory_direct_p_vs_learned_z_solver_ablation,0.01,learned_direct_p_inventory,24441,640,0.035,"[-0.04904771  0.98689436  0.40154492  0.21962008 -0.17706626  0.10692051
 -0.19413639  0.02769326]","[-0.00549051  0.11203242  0.05497778  0.02738353 -0.02056631  0.02210824
 -0.11204329  0.01987896]",0.0030405595672317863,0.0226847028738532,-6.336541730986931,6.973731398844075,0.999985622544643,0.013012085067269974,20.107977311115896,23.380630838482066,0.08984375,0.0023734606765555516,0.0030263423648423473
isomorphic_inventory_direct_p_vs_learned_z_solver_ablation,0.01,learned_z_inventory,24441,640,0.035,"[-0.04904771  0.98689436  0.40154492  0.21962008 -0.17706626  0.10692051
 -0.19413639  0.02769326]","[-0.00549051  0.11203242  0.05497778  0.02738353 -0.02056631  0.02210824
 -0.11204329  0.01987896]",0.0030405595672317863,0.0226847028738532,-6.379917513595618,7.017238245696177,0.9999873571375699,0.01155557626111451,20.26107188427746,23.392043187976395,0.0859375,0.019868208757761307,0.02623331117303184
isomorphic_inventory_direct_p_vs_learned_z_solver_ablation,0.01,oracle_p_inventory,25441,640,0.035,"[-0.04810363  0.99071133  0.42468999  0.21459672 -0.17850766  0.1075292
 -0.1955731  -0.00443879]","[-0.0051245   0.11505087  0.09693746  0.02531061 -0.01489255  0.02853131
  0.02614426 -0.04433787]",0.0024569393788916147,0.03804399025998903,-6.2768494739282925,6.913879303308791,0.9999949396100623,0.00419839529440507,19.921024570094517,23.11402998736682,0.09765625,0.0,0.0
isomorphic_inventory_direct_p_vs_learned_z_solver_ablation,0.01,learned_direct_p_inventory,25441,640,0.035,"[-0.04810363  0.99071133  0.42468999  0.21459672 -0.17850766  0.1075292
 -0.1955731  -0.00443879]","[-0.0051245   0.11505087  0.09693746  0.02531061 -0.01489255  0.02853131
  0.02614426 -0.04433787]",0.0024569393788916147,0.03804399025998903,-6.281559993995611,6.918535521618322,0.9999954761090889,0.003745714398486734,19.938773708652562,23.115701495751626,0.099609375,0.0024274264171565436,0.0029049687049794272
isomorphic_inventory_direct_p_vs_learned_z_solver_ablation,0.01,learned_z_inventory,25441,640,0.035,"[-0.04810363  0.99071133  0.42468999  0.21459672 -0.17850766  0.1075292
 -0.1955731  -0.00443879]","[-0.0051245   0.11505087  0.09693746  0.02531061 -0.01489255  0.02853131
  0.02614426 -0.04433787]",0.0024569393788916147,0.03804399025998903,-6.336970130222382,6.974094983250193,0.9999994933472264,0.0004068421772289721,20.136603204970594,23.136121536795606,0.095703125,0.03564555294043214,0.04474702800912151
isomorphic_inventory_direct_p_vs_learned_z_solver_ablation,0.01,oracle_p_inventory,26441,640,0.035,"[-0.05224817  1.00461072  0.3911797   0.21998387 -0.18908583  0.10018763
 -0.39651393  0.03096778]","[-0.00457382  0.0684747   0.05286352  0.03154766 -0.01623698  0.01677098
  0.20404816  0.01747747]",0.0036493906674155024,0.01991465038610453,-6.270837201983085,6.908606132310507,0.9999774639471779,0.01955840814207442,19.922385692147362,23.15855209081669,0.068359375,0.0,0.0
isomorphic_inventory_direct_p_vs_learned_z_solver_ablation,0.01,learned_direct_p_inventory,26441,640,0.035,"[-0.05224817  1.00461072  0.3911797   0.21998387 -0.18908583  0.10018763
 -0.39651393  0.03096778]","[-0.00457382  0.0684747   0.05286352  0.03154766 -0.01623698  0.01677098
  0.20404816  0.01747747]",0.0036493906674155024,0.01991465038610453,-6.259078505838199,6.896846849103545,0.9999773905644183,0.019620226944084024,19.88004399462885,23.15757141495818,0.068359375,0.0034551725131639973,0.004219614854764768
isomorphic_inventory_direct_p_vs_learned_z_solver_ablation,0.01,learned_z_inventory,26441,640,0.035,"[-0.05224817  1.00461072  0.3911797   0.21998387 -0.18908583  0.10018763
 -0.39651393  0.03096778]","[-0.00457382  0.0684747   0.05286352  0.03154766 -0.01623698  0.01677098
  0.20404816  0.01747747]",0.0036493906674155024,0.01991465038610453,-6.326940515828223,6.964716908002362,0.9999783966780174,0.01870370333859689,20.12109660575048,23.165546370291906,0.068359375,0.018459346324565563,0.02340380164818116
isomorphic_inventory_direct_p_vs_learned_z_solver_ablation,0.01,oracle_p_inventory,27441,640,0.035,"[-0.05379985  0.9136098   0.41059188  0.2270098  -0.18603781  0.09498101
  0.18807942  0.00528651]","[-0.00975571  0.26494572  0.05889797  0.03118845 -0.02184635  0.01767262
 -0.09403845  0.00501787]",0.003993802518830223,0.036332871156890094,-6.337342643344972,6.973952511260941,0.9999790655207461,0.019245072243297523,20.095783422545388,23.350112391394486,0.107421875,0.0,0.0
isomorphic_inventory_direct_p_vs_learned_z_solver_ablation,0.01,learned_direct_p_inventory,27441,640,0.035,"[-0.05379985  0.9136098   0.41059188  0.2270098  -0.18603781  0.09498101
  0.18807942  0.00528651]","[-0.00975571  0.26494572  0.05889797  0.03118845 -0.02184635  0.01767262
 -0.09403845  0.00501787]",0.003993802518830223,0.036332871156890094,-6.326396748873895,6.963003010824448,0.999978614775069,0.019658054458744523,20.054848288966518,23.348296096207378,0.107421875,0.003307598359449758,0.003946632939130124
isomorphic_inventory_direct_p_vs_learned_z_solver_ablation,0.01,learned_z_inventory,27441,640,0.035,"[-0.05379985  0.9136098   0.41059188  0.2270098  -0.18603781  0.09498101
  0.18807942  0.00528651]","[-0.00975571  0.26494572  0.05889797  0.03118845 -0.02184635  0.01767262
 -0.09403845  0.00501787]",0.003993802518830223,0.036332871156890094,-6.278299916009915,6.914845108840892,0.9999783053538722,0.019942963681485744,19.86939552090843,23.348308164424854,0.109375,0.01900945496603705,0.024030326875845012
isomorphic_inventory_direct_p_vs_learned_z_solver_ablation,0.01,oracle_p_inventory,28441,640,0.035,"[-0.04880756  0.96069599  0.43655705  0.21821873 -0.17196609  0.09811435
 -0.01505669 -0.01591573]","[-0.00898324  0.02420096  0.07622306  0.03054495 -0.02193291  0.0150356
  0.27929965 -0.01468427]",0.001634956958978806,0.019342419904803107,-6.280565595930768,6.917217724072774,0.9999696996115008,0.028228124743334512,19.90992570767824,23.169753182360648,0.103515625,0.0,0.0
isomorphic_inventory_direct_p_vs_learned_z_solver_ablation,0.01,learned_direct_p_inventory,28441,640,0.035,"[-0.04880756  0.96069599  0.43655705  0.21821873 -0.17196609  0.09811435
 -0.01505669 -0.01591573]","[-0.00898324  0.02420096  0.07622306  0.03054495 -0.02193291  0.0150356
  0.27929965 -0.01468427]",0.001634956958978806,0.019342419904803107,-6.285529833314826,6.922181699155592,0.9999696668238458,0.02825903193678321,19.927969096657293,23.169906761357726,0.103515625,0.0017756157782678383,0.0021597782244528606
isomorphic_inventory_direct_p_vs_learned_z_solver_ablation,0.01,learned_z_inventory,28441,640,0.035,"[-0.04880756  0.96069599  0.43655705  0.21821873 -0.17196609  0.09811435
 -0.01505669 -0.01591573]","[-0.00898324  0.02420096  0.07622306  0.03054495 -0.02193291  0.0150356
  0.27929965 -0.01468427]",0.001634956958978806,0.019342419904803107,-6.261700700655149,6.897990118883586,0.9999683061848046,0.02956325781944135,19.830682934865983,23.16875190779404,0.115234375,0.011628382482307896,0.014763857238182184
isomorphic_inventory_direct_p_vs_learned_z_solver_ablation,0.01,oracle_p_inventory,29441,640,0.035,"[-0.04828957  0.88926967  0.41410974  0.21726494 -0.18201655  0.1036937
  0.14106451  0.00385442]","[-0.00565796  0.16727425  0.07457149  0.03229721 -0.01976883  0.02390447
 -0.01169387 -0.01662484]",0.0022353204474246952,0.025129255848894402,-6.268976801951958,6.9064244254742295,0.9999812459090339,0.014707637246712701,19.91762406436793,23.116921692140394,0.080078125,0.0,0.0
isomorphic_inventory_direct_p_vs_learned_z_solver_ablation,0.01,learned_direct_p_inventory,29441,640,0.035,"[-0.04828957  0.88926967  0.41410974  0.21726494 -0.18201655  0.1036937
  0.14106451  0.00385442]","[-0.00565796  0.16727425  0.07457149  0.03229721 -0.01976883  0.02390447
 -0.01169387 -0.01662484]",0.0022353204474246952,0.025129255848894402,-6.271525900898095,6.909037660325938,0.9999819386784804,0.014152007897993424,19.928314658878598,23.117786717372127,0.078125,0.0016384227136938773,0.0019270919654690965
isomorphic_inventory_direct_p_vs_learned_z_solver_ablation,0.01,learned_z_inventory,29441,640,0.035,"[-0.04828957  0.88926967  0.41410974  0.21726494 -0.18201655  0.1036937
  0.14106451  0.00385442]","[-0.00565796  0.16727425  0.07457149  0.03229721 -0.01976883  0.02390447
 -0.01169387 -0.01662484]",0.0022353204474246952,0.025129255848894402,-6.324640258926422,6.9621808337862205,0.9999855406074749,0.011288911227876085,20.112546455320526,23.131955563740288,0.078125,0.024070659988743096,0.028903409097891887
isomorphic_inventory_direct_p_vs_learned_z_solver_ablation,0.01,oracle_p_inventory,30441,640,0.035,"[-0.049065    0.90572104  0.42565832  0.22716726 -0.17349921  0.09567526
  0.2984124  -0.0070583 ]","[-0.0058614   0.33934656  0.06622933  0.03774943 -0.01927556  0.01089619
  0.01237173 -0.01307281]",0.0026777388828149082,0.025846596340120785,-6.327549830677766,6.963837530626547,0.9999241460873477,0.06716256389563892,20.0644602382202,23.327550168016312,0.103515625,0.0,0.0
isomorphic_inventory_direct_p_vs_learned_z_solver_ablation,0.01,learned_direct_p_inventory,30441,640,0.035,"[-0.049065    0.90572104  0.42565832  0.22716726 -0.17349921  0.09567526
  0.2984124  -0.0070583 ]","[-0.0058614   0.33934656  0.06622933  0.03774943 -0.01927556  0.01089619
  0.01237173 -0.01307281]",0.0026777388828149082,0.025846596340120785,-6.33407164537505,6.9703526941846885,0.9999233146949549,0.06790504901772673,20.086439952274294,23.32731470593066,0.103515625,0.002830336918803549,0.0033652779576760815
isomorphic_inventory_direct_p_vs_learned_z_solver_ablation,0.01,learned_z_inventory,30441,640,0.035,"[-0.049065    0.90572104  0.42565832  0.22716726 -0.17349921  0.09567526
  0.2984124  -0.0070583 ]","[-0.0058614   0.33934656  0.06622933  0.03774943 -0.01927556  0.01089619
  0.01237173 -0.01307281]",0.0026777388828149082,0.025846596340120785,-6.373488481981795,7.009617201144951,0.9999189219266444,0.07175780301028985,20.220294675409946,23.327120497540506,0.107421875,0.020013937395529705,0.025792324336927696
isomorphic_inventory_direct_p_vs_learned_z_solver_ablation,0.01,oracle_p_inventory,31441,640,0.035,"[-0.05018328  1.00917227  0.39606076  0.21874567 -0.18111446  0.10339344
 -0.43647901  0.03124218]","[-0.00707458  0.1182788   0.0516736   0.02896844 -0.0281143   0.02400628
 -0.12726211  0.01393714]",0.003013703414626676,0.02187856650281606,-6.3086024062111585,6.9458248971158225,0.999960428550583,0.032737021934145134,20.020882682336058,23.260783573327377,0.08203125,0.0,0.0
isomorphic_inventory_direct_p_vs_learned_z_solver_ablation,0.01,learned_direct_p_inventory,31441,640,0.035,"[-0.05018328  1.00917227  0.39606076  0.21874567 -0.18111446  0.10339344
 -0.43647901  0.03124218]","[-0.00707458  0.1182788   0.0516736   0.02896844 -0.0281143   0.02400628
 -0.12726211  0.01393714]",0.003013703414626676,0.02187856650281606,-6.303703842327892,6.940927689191854,0.9999605980454953,0.03259935486931271,20.003219005473035,23.260895048670136,0.08203125,0.0022783953451777474,0.002992534260707402
isomorphic_inventory_direct_p_vs_learned_z_solver_ablation,0.01,learned_z_inventory,31441,640,0.035,"[-0.05018328  1.00917227  0.39606076  0.21874567 -0.18111446  0.10339344
 -0.43647901  0.03124218]","[-0.00707458  0.1182788   0.0516736   0.02896844 -0.0281143   0.02400628
 -0.12726211  0.01393714]",0.003013703414626676,0.02187856650281606,-6.309404245920717,6.9467238757662315,0.9999652466994393,0.028729837317152673,20.02203801292376,23.271844352997533,0.080078125,0.018234642818967934,0.022394947674075804
isomorphic_inventory_direct_p_vs_learned_z_solver_ablation,0.01,oracle_p_inventory,32441,640,0.035,"[-0.04999823  0.677711    0.44313887  0.21890134 -0.17089467  0.09679967
  0.67023482 -0.02143542]","[-0.00407306 -0.05218828  0.05215724  0.03041024 -0.01209499  0.01524105
  0.31647085  0.0304485 ]",0.003632002342127517,0.026669342690777753,-6.270291382340247,6.908269619790028,0.9999743304624726,0.021637189135928103,19.947827494562503,23.179222331401967,0.060546875,0.0,0.0
isomorphic_inventory_direct_p_vs_learned_z_solver_ablation,0.01,learned_direct_p_inventory,32441,640,0.035,"[-0.04999823  0.677711    0.44313887  0.21890134 -0.17089467  0.09679967
  0.67023482 -0.02143542]","[-0.00407306 -0.05218828  0.05215724  0.03041024 -0.01209499  0.01524105
  0.31647085  0.0304485 ]",0.003632002342127517,0.026669342690777753,-6.273249623720569,6.911167043002955,0.9999740524102982,0.021886319751649737,19.95785052842291,23.17895735907099,0.0625,0.0021503001535914603,0.0029051594318880132
isomorphic_inventory_direct_p_vs_learned_z_solver_ablation,0.01,learned_z_inventory,32441,640,0.035,"[-0.04999823  0.677711    0.44313887  0.21890134 -0.17089467  0.09679967
  0.67023482 -0.02143542]","[-0.00407306 -0.05218828  0.05215724  0.03041024 -0.01209499  0.01524105
  0.31647085  0.0304485 ]",0.003632002342127517,0.026669342690777753,-6.352782670464273,6.990703746156014,0.9999745094614677,0.02145958319582761,20.237597309850038,23.187482304150933,0.0625,0.025980223556136963,0.03500832788081933
isomorphic_inventory_direct_p_vs_learned_z_solver_ablation,0.01,oracle_p_inventory,33441,640,0.035,"[-0.04905309  1.06034536  0.42904413  0.22013263 -0.17180003  0.10465413
 -0.36591002 -0.00539287]","[-0.00704199  0.06027406  0.06108268  0.0300848  -0.03682713  0.01619521
  0.31843751 -0.00733231]",0.002213888896766704,0.025238490787864786,-6.311307590143839,6.948164014280801,0.9999586155171203,0.03357419745691469,20.02702292190147,23.244767816879552,0.09375,0.0,0.0
isomorphic_inventory_direct_p_vs_learned_z_solver_ablation,0.01,learned_direct_p_inventory,33441,640,0.035,"[-0.04905309  1.06034536  0.42904413  0.22013263 -0.17180003  0.10465413
 -0.36591002 -0.00539287]","[-0.00704199  0.06027406  0.06108268  0.0300848  -0.03682713  0.01619521
  0.31843751 -0.00733231]",0.002213888896766704,0.025238490787864786,-6.3161008980170745,6.9529580309402,0.9999587041153907,0.03349930918324331,20.04334071211482,23.245856697997965,0.09375,0.0021291380902898165,0.002556673230160122
isomorphic_inventory_direct_p_vs_learned_z_solver_ablation,0.01,learned_z_inventory,33441,640,0.035,"[-0.04905309  1.06034536  0.42904413  0.22013263 -0.17180003  0.10465413
 -0.36591002 -0.00539287]","[-0.00704199  0.06027406  0.06108268  0.0300848  -0.03682713  0.01619521
  0.31843751 -0.00733231]",0.002213888896766704,0.025238490787864786,-6.323795253319727,6.961075603863692,0.9999603367867456,0.03215625274585064,20.080815856311496,23.248729764384365,0.080078125,0.014998539114243361,0.01792582849604245
isomorphic_inventory_direct_p_vs_learned_z_solver_ablation,0.001,oracle_p_inventory,10441,640,0.035,"[-0.04975739  1.01822496  0.43442063  0.23054793 -0.17824066  0.09710213
 -0.24536198 -0.0256754 ]","[-0.0070136   0.13006327  0.01966252  0.00657482 -0.0207045   0.01213704
 -0.08208552 -0.00830125]",0.0035563720608103606,0.09290581171947895,-6.344506989924874,6.981285648544334,0.9999708674836826,0.02602950217267727,20.10080300828093,23.365073083874556,0.099609375,0.0,0.0
isomorphic_inventory_direct_p_vs_learned_z_solver_ablation,0.001,learned_direct_p_inventory,10441,640,0.035,"[-0.04975739  1.01822496  0.43442063  0.23054793 -0.17824066  0.09710213
 -0.24536198 -0.0256754 ]","[-0.0070136   0.13006327  0.01966252  0.00657482 -0.0207045   0.01213704
 -0.08208552 -0.00830125]",0.0035563720608103606,0.09290581171947895,-6.35142282976658,6.988081317378701,0.9999704945452652,0.026352368603469574,20.12333799553535,23.3651191239558,0.103515625,0.0033744026564273503,0.0043252157570473375
isomorphic_inventory_direct_p_vs_learned_z_solver_ablation,0.001,learned_z_inventory,10441,640,0.035,"[-0.04975739  1.01822496  0.43442063  0.23054793 -0.17824066  0.09710213
 -0.24536198 -0.0256754 ]","[-0.0070136   0.13006327  0.01966252  0.00657482 -0.0207045   0.01213704
 -0.08208552 -0.00830125]",0.0035563720608103606,0.09290581171947895,-6.02804221800494,6.663961908520658,0.9999733597519648,0.02417831183396904,18.937631965678992,23.363445655407826,0.12890625,0.09796130410504375,0.11721081140014813
isomorphic_inventory_direct_p_vs_learned_z_solver_ablation,0.001,oracle_p_inventory,11441,640,0.035,"[-0.05103608  0.89223153  0.43239853  0.21963047 -0.18085721  0.10206398
  0.16630353 -0.00876036]","[ 0.00247933  0.02594571  0.04323856  0.00280003  0.0165195   0.00723269
  0.01809653 -0.01395243]",0.0019583833067848733,0.08414326811877497,-6.2806304223521,6.918062882600703,0.9999939989373252,0.005290792820699677,19.947191872328183,23.10919415590061,0.083984375,0.0,0.0
isomorphic_inventory_direct_p_vs_learned_z_solver_ablation,0.001,learned_direct_p_inventory,11441,640,0.035,"[-0.05103608  0.89223153  0.43239853  0.21963047 -0.18085721  0.10206398
  0.16630353 -0.00876036]","[ 0.00247933  0.02594571  0.04323856  0.00280003  0.0165195   0.00723269
  0.01809653 -0.01395243]",0.0019583833067848733,0.08414326811877497,-6.281995471690568,6.919428282270905,0.9999940427287921,0.005255750559029777,19.951401063673593,23.10957657504917,0.083984375,0.0014222789002297507,0.0017684342208068287
isomorphic_inventory_direct_p_vs_learned_z_solver_ablation,0.001,learned_z_inventory,11441,640,0.035,"[-0.05103608  0.89223153  0.43239853  0.21963047 -0.18085721  0.10206398
  0.16630353 -0.00876036]","[ 0.00247933  0.02594571  0.04323856  0.00280003  0.0165195   0.00723269
  0.01809653 -0.01395243]",0.0019583833067848733,0.08414326811877497,-6.68364593710991,7.321419374609909,1.0,0.0,21.39660762660643,23.155852368103726,0.07421875,0.1179421703786736,0.14374291352236931
isomorphic_inventory_direct_p_vs_learned_z_solver_ablation,0.001,oracle_p_inventory,12441,640,0.035,"[-5.00088524e-02  8.55162517e-01  4.16513848e-01  2.18705965e-01
 -1.80432852e-01  9.19061075e-02  4.81946590e-01  4.63170558e-05]","[-0.00087554 -0.11642882 -0.01216422  0.01255082 -0.00582771  0.00490554
  0.39229604  0.03931398]",0.003590426232232952,0.07619307558878224,-6.342526087921279,6.979249542911462,0.9999639670300229,0.032259836527087894,20.11664121419321,23.34286029065858,0.099609375,0.0,0.0
isomorphic_inventory_direct_p_vs_learned_z_solver_ablation,0.001,learned_direct_p_inventory,12441,640,0.035,"[-5.00088524e-02  8.55162517e-01  4.16513848e-01  2.18705965e-01
 -1.80432852e-01  9.19061075e-02  4.81946590e-01  4.63170558e-05]","[-0.00087554 -0.11642882 -0.01216422  0.01255082 -0.00582771  0.00490554
  0.39229604  0.03931398]",0.003590426232232952,0.07619307558878224,-6.3391006881671235,6.975879730629218,0.9999635912452619,0.03259413135333218,20.105462847204265,23.341371889066096,0.09765625,0.00227505637010121,0.002802316111442303
isomorphic_inventory_direct_p_vs_learned_z_solver_ablation,0.001,learned_z_inventory,12441,640,0.035,"[-5.00088524e-02  8.55162517e-01  4.16513848e-01  2.18705965e-01
 -1.80432852e-01  9.19061075e-02  4.81946590e-01  4.63170558e-05]","[-0.00087554 -0.11642882 -0.01216422  0.01255082 -0.00582771  0.00490554
  0.39229604  0.03931398]",0.003590426232232952,0.07619307558878224,-6.333817614401907,6.970469605643133,0.9999623582801533,0.03354274191120054,20.077172468932005,23.34090968647758,0.1015625,0.05203577216536808,0.0688208992669983
isomorphic_inventory_direct_p_vs_learned_z_solver_ablation,0.001,oracle_p_inventory,13441,640,0.035,"[-0.05263406  0.96160862  0.43172488  0.22708021 -0.17870082  0.10597835
  0.07888193 -0.0030803 ]","[ 0.00183541  0.06485646 -0.01201339  0.00687816 -0.00117762  0.0062751
 -0.08704028  0.05084114]",0.004488288303239551,0.09514448355828047,-6.2909809073829,6.927846661021894,0.9999744301423745,0.02188647022709242,19.967713721889325,23.1434285861227,0.09765625,0.0,0.0
isomorphic_inventory_direct_p_vs_learned_z_solver_ablation,0.001,learned_direct_p_inventory,13441,640,0.035,"[-0.05263406  0.96160862  0.43172488  0.22708021 -0.17870082  0.10597835
  0.07888193 -0.0030803 ]","[ 0.00183541  0.06485646 -0.01201339  0.00687816 -0.00117762  0.0062751
 -0.08704028  0.05084114]",0.004488288303239551,0.09514448355828047,-6.292869680367623,6.929557490623503,0.999974159875735,0.02211792142064708,19.970184703673837,23.14416041401855,0.103515625,0.003343713165568188,0.004114769641144655
isomorphic_inventory_direct_p_vs_learned_z_solver_ablation,0.001,learned_z_inventory,13441,640,0.035,"[-0.05263406  0.96160862  0.43172488  0.22708021 -0.17870082  0.10597835
  0.07888193 -0.0030803 ]","[ 0.00183541  0.06485646 -0.01201339  0.00687816 -0.00117762  0.0062751
 -0.08704028  0.05084114]",0.004488288303239551,0.09514448355828047,-6.480623541365797,7.118401883116411,0.9999859645938267,0.012038983157167976,20.669316283642175,23.1675818370637,0.0703125,0.0751315840910558,0.12005417457297408
isomorphic_inventory_direct_p_vs_learned_z_solver_ablation,0.001,oracle_p_inventory,14441,640,0.035,"[-5.07978080e-02  1.13437085e+00  4.26163520e-01  2.17970016e-01
 -1.78085874e-01  1.00621540e-01 -4.47418875e-01 -1.03439934e-04]","[-0.00538058 -0.09205208 -0.0089804   0.01291734 -0.01455449  0.0059953
 -0.03687586  0.0539268 ]",0.0031265532010631104,0.11207145595662535,-6.3123113102324595,6.9496267040246895,0.9999647171927787,0.0325487781766079,20.05503309593319,23.24037814763407,0.080078125,0.0,0.0
isomorphic_inventory_direct_p_vs_learned_z_solver_ablation,0.001,learned_direct_p_inventory,14441,640,0.035,"[-5.07978080e-02  1.13437085e+00  4.26163520e-01  2.17970016e-01
 -1.78085874e-01  1.00621540e-01 -4.47418875e-01 -1.03439934e-04]","[-0.00538058 -0.09205208 -0.0089804   0.01291734 -0.01455449  0.0059953
 -0.03687586  0.0539268 ]",0.0031265532010631104,0.11207145595662535,-6.311939604330672,6.949255521621298,0.9999647826300782,0.03249751830521866,20.053247810244144,23.24041472757272,0.080078125,0.0011803525465090997,0.0017282237619643827
isomorphic_inventory_direct_p_vs_learned_z_solver_ablation,0.001,learned_z_inventory,14441,640,0.035,"[-5.07978080e-02  1.13437085e+00  4.26163520e-01  2.17970016e-01
 -1.78085874e-01  1.00621540e-01 -4.47418875e-01 -1.03439934e-04]","[-0.00538058 -0.09205208 -0.0089804   0.01291734 -0.01455449  0.0059953
 -0.03687586  0.0539268 ]",0.0031265532010631104,0.11207145595662535,-6.192386027446825,6.82861940464641,0.9999539768374481,0.04161923901107439,19.570213175443605,23.22965181919956,0.11328125,0.07855463916041143,0.12203250352274582
isomorphic_inventory_direct_p_vs_learned_z_solver_ablation,0.001,oracle_p_inventory,15441,640,0.035,"[-0.0514451   1.0781158   0.42330634  0.22062367 -0.18646454  0.10106533
 -0.19222956 -0.02188641]","[ 0.00360072 -0.0775063   0.01225518  0.00120156  0.00233108  0.01162127
  0.17704078  0.03295626]",0.0029118217825085117,0.11589305584141288,-6.260886215640378,6.897621853854167,0.9999654899329737,0.0276600474211949,19.87311848043351,23.071599656701093,0.099609375,0.0,0.0
isomorphic_inventory_direct_p_vs_learned_z_solver_ablation,0.001,learned_direct_p_inventory,15441,640,0.035,"[-0.0514451   1.0781158   0.42330634  0.22062367 -0.18646454  0.10106533
 -0.19222956 -0.02188641]","[ 0.00360072 -0.0775063   0.01225518  0.00120156  0.00233108  0.01162127
  0.17704078  0.03295626]",0.0029118217825085117,0.11589305584141288,-6.253071857064909,6.8898077784105,0.999965525324449,0.027639936980784957,19.845466887537242,23.071180426212145,0.099609375,0.002628394777444695,0.0036262190471910384
isomorphic_inventory_direct_p_vs_learned_z_solver_ablation,0.001,learned_z_inventory,15441,640,0.035,"[-0.0514451   1.0781158   0.42330634  0.22062367 -0.18646454  0.10106533
 -0.19222956 -0.02188641]","[ 0.00360072 -0.0775063   0.01225518  0.00120156  0.00233108  0.01162127
  0.17704078  0.03295626]",0.0029118217825085117,0.11589305584141288,-6.71373118065711,7.35160147162235,0.9999828098081551,0.013661558894782697,21.52960195720955,23.137949228584276,0.06640625,0.12589685909715576,0.17563280763238412
isomorphic_inventory_direct_p_vs_learned_z_solver_ablation,0.001,oracle_p_inventory,16441,640,0.035,"[-0.05181851  1.05907177  0.4293012   0.2278865  -0.18456706  0.10493126
 -0.11465554 -0.02359782]","[-0.002112   -0.04362845  0.01406621  0.01423095 -0.01330443 -0.00273771
  0.14350855  0.0020664 ]",0.0031368659187983932,0.06812588300784375,-6.347411287886821,6.984046117018434,0.9999602130164517,0.03496678370724529,20.120438768350734,23.37778818989059,0.1015625,0.0,0.0
isomorphic_inventory_direct_p_vs_learned_z_solver_ablation,0.001,learned_direct_p_inventory,16441,640,0.035,"[-0.05181851  1.05907177  0.4293012   0.2278865  -0.18456706  0.10493126
 -0.11465554 -0.02359782]","[-0.002112   -0.04362845  0.01406621  0.01423095 -0.01330443 -0.00273771
  0.14350855  0.0020664 ]",0.0031368659187983932,0.06812588300784375,-6.345870697628634,6.982386722455864,0.9999600109159038,0.0351438185944767,20.112608912181642,23.378314934863262,0.10546875,0.002704451584453869,0.003460299149175027
isomorphic_inventory_direct_p_vs_learned_z_solver_ablation,0.001,learned_z_inventory,16441,640,0.035,"[-0.05181851  1.05907177  0.4293012   0.2278865  -0.18456706  0.10493126
 -0.11465554 -0.02359782]","[-0.002112   -0.04362845  0.01406621  0.01423095 -0.01330443 -0.00273771
  0.14350855  0.0020664 ]",0.0031368659187983932,0.06812588300784375,-6.393111583224821,7.029833071680214,0.9999490727756741,0.04470805879377212,20.29071776034508,23.3572124138562,0.095703125,0.04336022615042161,0.05207676641791378
isomorphic_inventory_direct_p_vs_learned_z_solver_ablation,0.001,oracle_p_inventory,17441,640,0.035,"[-0.05010965  0.85948168  0.42478935  0.22303125 -0.18083292  0.10767493
  0.41175467 -0.01359741]","[-0.00415169 -0.09684656 -0.03044774  0.00925952 -0.03445207  0.00504842
  0.21918902  0.04943968]",0.003345479537003789,0.11448292014760941,-6.317990894043567,6.9553729592629026,0.999958402683667,0.03455997122084394,20.056662026616543,23.299508824372587,0.076171875,0.0,0.0
isomorphic_inventory_direct_p_vs_learned_z_solver_ablation,0.001,learned_direct_p_inventory,17441,640,0.035,"[-0.05010965  0.85948168  0.42478935  0.22303125 -0.18083292  0.10767493
  0.41175467 -0.01359741]","[-0.00415169 -0.09684656 -0.03044774  0.00925952 -0.03445207  0.00504842
  0.21918902  0.04943968]",0.003345479537003789,0.11448292014760941,-6.318407522015315,6.955793548309543,0.9999588978180285,0.0341374488892087,20.05717794325475,23.300710965684807,0.076171875,0.002425190463770815,0.003096328142954919
isomorphic_inventory_direct_p_vs_learned_z_solver_ablation,0.001,learned_z_inventory,17441,640,0.035,"[-0.05010965  0.85948168  0.42478935  0.22303125 -0.18083292  0.10767493
  0.41175467 -0.01359741]","[-0.00415169 -0.09684656 -0.03044774  0.00925952 -0.03445207  0.00504842
  0.21918902  0.04943968]",0.003345479537003789,0.11448292014760941,-6.109932250946029,6.7476267621881085,0.99996083734276,0.032416459259221,19.334364480212948,23.28459462477371,0.06640625,0.11048666450201873,0.13955919742512166
isomorphic_inventory_direct_p_vs_learned_z_solver_ablation,0.001,oracle_p_inventory,18441,640,0.035,"[-0.05127637  0.89268282  0.43900458  0.22308444 -0.17059486  0.09215711
  0.48051368 -0.0053982 ]","[-0.00641304  0.202678    0.01905206  0.01135491 -0.02009068  0.00079776
 -0.33060165 -0.00562112]",0.0051704844152952265,0.08190191526344252,-6.304198025257794,6.9404572517765795,0.9999718564398483,0.021541794776890215,19.977975182315937,23.219258126678262,0.1171875,0.0,0.0
isomorphic_inventory_direct_p_vs_learned_z_solver_ablation,0.001,learned_direct_p_inventory,18441,640,0.035,"[-0.05127637  0.89268282  0.43900458  0.22308444 -0.17059486  0.09215711
  0.48051368 -0.0053982 ]","[-0.00641304  0.202678    0.01905206  0.01135491 -0.02009068  0.00079776
 -0.33060165 -0.00562112]",0.0051704844152952265,0.08190191526344252,-6.308552059883834,6.944806826152731,0.9999712989086121,0.021985221990947518,19.99138002293517,23.218231268853533,0.1171875,0.003417861879936175,0.00437690102023598
isomorphic_inventory_direct_p_vs_learned_z_solver_ablation,0.001,learned_z_inventory,18441,640,0.035,"[-0.05127637  0.89268282  0.43900458  0.22308444 -0.17059486  0.09215711
  0.48051368 -0.0053982 ]","[-0.00641304  0.202678    0.01905206  0.01135491 -0.02009068  0.00079776
 -0.33060165 -0.00562112]",0.0051704844152952265,0.08190191526344252,-6.087151811620485,6.722896103045867,0.9999660833031727,0.026107482373458495,19.180514484971905,23.18893501969266,0.1328125,0.07263926875274013,0.08721725321069952
isomorphic_inventory_direct_p_vs_learned_z_solver_ablation,0.001,oracle_p_inventory,19441,640,0.035,"[-0.04505729  0.8504882   0.44629235  0.21237299 -0.15663721  0.09784505
  0.51705826 -0.0109527 ]","[-0.00237476  0.18554257 -0.00441452  0.0157471  -0.00939984  0.00149137
 -0.43399725  0.01678173]",0.003923840877298377,0.06715480598402084,-6.271912940680929,6.908220402891407,0.9999705616825597,0.024509665672298127,19.870933354203434,23.146995523243437,0.115234375,0.0,0.0
isomorphic_inventory_direct_p_vs_learned_z_solver_ablation,0.001,learned_direct_p_inventory,19441,640,0.035,"[-0.04505729  0.8504882   0.44629235  0.21237299 -0.15663721  0.09784505
  0.51705826 -0.0109527 ]","[-0.00237476  0.18554257 -0.00441452  0.0157471  -0.00939984  0.00149137
 -0.43399725  0.01678173]",0.003923840877298377,0.06715480598402084,-6.288867596769698,6.925236914390257,0.9999709693900698,0.024172259584073492,19.933300315393605,23.14823040582141,0.11328125,0.005036241459533449,0.006076723301375449
isomorphic_inventory_direct_p_vs_learned_z_solver_ablation,0.001,learned_z_inventory,19441,640,0.035,"[-0.04505729  0.8504882   0.44629235  0.21237299 -0.15663721  0.09784505
  0.51705826 -0.0109527 ]","[-0.00237476  0.18554257 -0.00441452  0.0157471  -0.00939984  0.00149137
 -0.43399725  0.01678173]",0.003923840877298377,0.06715480598402084,-6.156407596630659,6.792027787324109,0.9999505707116814,0.04095589334410098,19.43290317397557,23.12450547853595,0.1328125,0.06023221080459555,0.07299878488562353
isomorphic_inventory_direct_p_vs_learned_z_solver_ablation,0.001,oracle_p_inventory,20441,640,0.035,"[-4.94449177e-02  9.58254444e-01  4.18471579e-01  2.16696117e-01
 -1.79370081e-01  9.92446332e-02  1.10835984e-01  1.23946334e-04]","[-7.29210887e-05  1.85239181e-02  4.08311919e-02  9.95675287e-03
  6.16739305e-03  1.37094248e-03  1.08712568e-01 -2.01137714e-02]",0.002166364676352562,0.061723640975298796,-6.303449986380501,6.940144032312864,0.9999602908977953,0.03527522046282748,19.990196790867117,23.252333965391376,0.099609375,0.0,0.0
isomorphic_inventory_direct_p_vs_learned_z_solver_ablation,0.001,learned_direct_p_inventory,20441,640,0.035,"[-4.94449177e-02  9.58254444e-01  4.18471579e-01  2.16696117e-01
 -1.79370081e-01  9.92446332e-02  1.10835984e-01  1.23946334e-04]","[-7.29210887e-05  1.85239181e-02  4.08311919e-02  9.95675287e-03
  6.16739305e-03  1.37094248e-03  1.08712568e-01 -2.01137714e-02]",0.002166364676352562,0.061723640975298796,-6.302196739093034,6.938891698969137,0.9999604051407629,0.03517335262880223,19.98666887559566,23.252177509315644,0.099609375,0.0009309564214795643,0.0011739557737809876
isomorphic_inventory_direct_p_vs_learned_z_solver_ablation,0.001,learned_z_inventory,20441,640,0.035,"[-4.94449177e-02  9.58254444e-01  4.18471579e-01  2.16696117e-01
 -1.79370081e-01  9.92446332e-02  1.10835984e-01  1.23946334e-04]","[-7.29210887e-05  1.85239181e-02  4.08311919e-02  9.95675287e-03
  6.16739305e-03  1.37094248e-03  1.08712568e-01 -2.01137714e-02]",0.002166364676352562,0.061723640975298796,-6.5454830268016195,7.182012474748981,0.9999543645871701,0.04054263312999964,20.848787818850383,23.25934815022105,0.103515625,0.07723450893768737,0.0941381658311389
isomorphic_inventory_direct_p_vs_learned_z_solver_ablation,0.001,oracle_p_inventory,21441,640,0.035,"[-0.04892025  0.87656708  0.41987187  0.21928212 -0.18185599  0.08992852
  0.13481695  0.002356  ]","[-0.00475846 -0.0184085   0.0221724   0.01231003 -0.01214891  0.01451415
  0.13855002 -0.00234316]",0.0035624142748817323,0.07719813189296922,-6.278828450817655,6.916093697089922,0.9999657729715334,0.029906280478184784,19.94748205644484,23.115887433703303,0.08203125,0.0,0.0
isomorphic_inventory_direct_p_vs_learned_z_solver_ablation,0.001,learned_direct_p_inventory,21441,640,0.035,"[-0.04892025  0.87656708  0.41987187  0.21928212 -0.18185599  0.08992852
  0.13481695  0.002356  ]","[-0.00475846 -0.0184085   0.0221724   0.01231003 -0.01214891  0.01451415
  0.13855002 -0.00234316]",0.0035624142748817323,0.07719813189296922,-6.282843407774898,6.920104627235445,0.9999652696200684,0.03033386230778882,19.963276496335634,23.114783716061865,0.08203125,0.0028996411545767647,0.003449822153669961
isomorphic_inventory_direct_p_vs_learned_z_solver_ablation,0.001,learned_z_inventory,21441,640,0.035,"[-0.04892025  0.87656708  0.41987187  0.21928212 -0.18185599  0.08992852
  0.13481695  0.002356  ]","[-0.00475846 -0.0184085   0.0221724   0.01231003 -0.01214891  0.01451415
  0.13855002 -0.00234316]",0.0035624142748817323,0.07719813189296922,-6.198547771889507,6.8348775632968275,0.9999733528321653,0.02333780093095092,19.604274019452937,23.139900262190437,0.115234375,0.06494450866231122,0.07789058459911738
isomorphic_inventory_direct_p_vs_learned_z_solver_ablation,0.001,oracle_p_inventory,22441,640,0.035,"[-0.05422606  0.98212768  0.40609966  0.22728426 -0.18591641  0.10130119
  0.01318592  0.01624312]","[-0.00348133  0.03554367  0.01318285  0.01197556 -0.01065545  0.00622736
 -0.0518558   0.01266819]",0.0037808870445610967,0.037623625650002275,-6.271073060965606,6.90780659432048,0.9999359299506092,0.05462268144913343,19.903789901053386,23.173207600935253,0.091796875,0.0,0.0
isomorphic_inventory_direct_p_vs_learned_z_solver_ablation,0.001,learned_direct_p_inventory,22441,640,0.035,"[-0.05422606  0.98212768  0.40609966  0.22728426 -0.18591641  0.10130119
  0.01318592  0.01624312]","[-0.00348133  0.03554367  0.01318285  0.01197556 -0.01065545  0.00622736
 -0.0518558   0.01266819]",0.0037808870445610967,0.037623625650002275,-6.2604478059766535,6.896997046722186,0.9999348660306918,0.05555879649711933,19.862123980616538,23.172256575663248,0.09765625,0.0035336000052687095,0.004220174866003164
isomorphic_inventory_direct_p_vs_learned_z_solver_ablation,0.001,learned_z_inventory,22441,640,0.035,"[-0.05422606  0.98212768  0.40609966  0.22728426 -0.18591641  0.10130119
  0.01318592  0.01624312]","[-0.00348133  0.03554367  0.01318285  0.01197556 -0.01065545  0.00622736
 -0.0518558   0.01266819]",0.0037808870445610967,0.037623625650002275,-6.249544391701688,6.885961117092107,0.9999329500488023,0.05720181669061769,19.79973645443867,23.175746592445257,0.1015625,0.029089141055107987,0.04095604387051093
isomorphic_inventory_direct_p_vs_learned_z_solver_ablation,0.001,oracle_p_inventory,23441,640,0.035,"[-0.04700322  0.89568964  0.43268118  0.21123444 -0.16526768  0.10163262
  0.02715804  0.00292693]","[-0.00042222 -0.04468101  0.01071128  0.00108349  0.00470068  0.00576965
  0.15593275  0.03060216]",0.0028768922970055866,0.08545417048184217,-6.325756445186691,6.963128339205787,0.999971779721137,0.024416644816596875,20.08815629691275,23.353259997095176,0.080078125,0.0,0.0
isomorphic_inventory_direct_p_vs_learned_z_solver_ablation,0.001,learned_direct_p_inventory,23441,640,0.035,"[-0.04700322  0.89568964  0.43268118  0.21123444 -0.16526768  0.10163262
  0.02715804  0.00292693]","[-0.00042222 -0.04468101  0.01071128  0.00108349  0.00470068  0.00576965
  0.15593275  0.03060216]",0.0028768922970055866,0.08545417048184217,-6.334777036538199,6.9721530314525015,0.9999722923330379,0.02397541665201558,20.12133299005069,23.35432480026681,0.080078125,0.0030491191954303454,0.0037495396391945468
isomorphic_inventory_direct_p_vs_learned_z_solver_ablation,0.001,learned_z_inventory,23441,640,0.035,"[-0.04700322  0.89568964  0.43268118  0.21123444 -0.16526768  0.10163262
  0.02715804  0.00292693]","[-0.00042222 -0.04468101  0.01071128  0.00108349  0.00470068  0.00576965
  0.15593275  0.03060216]",0.0028768922970055866,0.08545417048184217,-6.368504962580341,7.006227860377654,0.999979034099664,0.01799200074154044,20.252087087691198,23.362540829072564,0.0703125,0.05957898915101099,0.08617726001925444
isomorphic_inventory_direct_p_vs_learned_z_solver_ablation,0.001,oracle_p_inventory,24441,640,0.035,"[-0.04904771  0.98689436  0.40154492  0.21962008 -0.17706626  0.10692051
 -0.19413639  0.02769326]","[-0.00065341  0.02227722  0.01439177  0.00611842 -0.0031484   0.0124357
 -0.11762362  0.01978731]",0.0030405595672317863,0.07167401692704092,-6.335992962854566,6.973181051662669,0.999985425163513,0.01317621587206786,20.106754993255635,23.37954718457138,0.08984375,0.0,0.0
isomorphic_inventory_direct_p_vs_learned_z_solver_ablation,0.001,learned_direct_p_inventory,24441,640,0.035,"[-0.04904771  0.98689436  0.40154492  0.21962008 -0.17706626  0.10692051
 -0.19413639  0.02769326]","[-0.00065341  0.02227722  0.01439177  0.00611842 -0.0031484   0.0124357
 -0.11762362  0.01978731]",0.0030405595672317863,0.07167401692704092,-6.336541730986931,6.973731398844075,0.999985622544643,0.013012085067269974,20.107977311115896,23.380630838482066,0.08984375,0.0023734606765555516,0.0030263423648423473
isomorphic_inventory_direct_p_vs_learned_z_solver_ablation,0.001,learned_z_inventory,24441,640,0.035,"[-0.04904771  0.98689436  0.40154492  0.21962008 -0.17706626  0.10692051
 -0.19413639  0.02769326]","[-0.00065341  0.02227722  0.01439177  0.00611842 -0.0031484   0.0124357
 -0.11762362  0.01978731]",0.0030405595672317863,0.07167401692704092,-6.476833375163954,7.114052167961583,0.9999892631622038,0.009813469745685512,20.59778496668053,23.419578536199836,0.08984375,0.061897515704440624,0.08432524217446077
isomorphic_inventory_direct_p_vs_learned_z_solver_ablation,0.001,oracle_p_inventory,25441,640,0.035,"[-0.04810363  0.99071133  0.42468999  0.21459672 -0.17850766  0.1075292
 -0.1955731  -0.00443879]","[-0.0002876   0.02548354  0.05638794  0.00403731  0.00253396  0.01886359
  0.02012652 -0.04446207]",0.0024569393788916147,0.12030388121736295,-6.2768494739282925,6.913879303308791,0.9999949396100623,0.00419839529440507,19.921024570094517,23.11402998736682,0.09765625,0.0,0.0
isomorphic_inventory_direct_p_vs_learned_z_solver_ablation,0.001,learned_direct_p_inventory,25441,640,0.035,"[-0.04810363  0.99071133  0.42468999  0.21459672 -0.17850766  0.1075292
 -0.1955731  -0.00443879]","[-0.0002876   0.02548354  0.05638794  0.00403731  0.00253396  0.01886359
  0.02012652 -0.04446207]",0.0024569393788916147,0.12030388121736295,-6.281559993995611,6.918535521618322,0.9999954761090889,0.003745714398486734,19.938773708652562,23.115701495751626,0.099609375,0.0024274264171565436,0.0029049687049794272
isomorphic_inventory_direct_p_vs_learned_z_solver_ablation,0.001,learned_z_inventory,25441,640,0.035,"[-0.04810363  0.99071133  0.42468999  0.21459672 -0.17850766  0.1075292
 -0.1955731  -0.00443879]","[-0.0002876   0.02548354  0.05638794  0.00403731  0.00253396  0.01886359
  0.02012652 -0.04446207]",0.0024569393788916147,0.12030388121736295,-6.479176822119178,7.116305728369177,1.0,0.0,20.636581748576546,23.187546057696213,0.095703125,0.11792192914389443,0.1467623652780079
isomorphic_inventory_direct_p_vs_learned_z_solver_ablation,0.001,oracle_p_inventory,26441,640,0.035,"[-0.05224817  1.00461072  0.3911797   0.21998387 -0.18908583  0.10018763
 -0.39651393  0.03096778]","[ 0.00026336 -0.02166586  0.01228748  0.010276    0.00118642  0.00710028
  0.19964329  0.01740897]",0.0036493906674155024,0.06284251413489053,-6.270837201983085,6.908606132310507,0.9999774639471779,0.01955840814207442,19.922385692147362,23.15855209081669,0.068359375,0.0,0.0
isomorphic_inventory_direct_p_vs_learned_z_solver_ablation,0.001,learned_direct_p_inventory,26441,640,0.035,"[-0.05224817  1.00461072  0.3911797   0.21998387 -0.18908583  0.10018763
 -0.39651393  0.03096778]","[ 0.00026336 -0.02166586  0.01228748  0.010276    0.00118642  0.00710028
  0.19964329  0.01740897]",0.0036493906674155024,0.06284251413489053,-6.259078505838199,6.896846849103545,0.9999773905644183,0.019620226944084024,19.88004399462885,23.15757141495818,0.068359375,0.0034551725131639973,0.004219614854764768
isomorphic_inventory_direct_p_vs_learned_z_solver_ablation,0.001,learned_z_inventory,26441,640,0.035,"[-0.05224817  1.00461072  0.3911797   0.21998387 -0.18908583  0.10018763
 -0.39651393  0.03096778]","[ 0.00026336 -0.02166586  0.01228748  0.010276    0.00118642  0.00710028
  0.19964329  0.01740897]",0.0036493906674155024,0.06284251413489053,-6.457293768788492,7.0950878454598865,0.9999806072401745,0.016679531713827578,20.581907557088513,23.181748087568337,0.068359375,0.05987170845739057,0.076841264180104
isomorphic_inventory_direct_p_vs_learned_z_solver_ablation,0.001,oracle_p_inventory,27441,640,0.035,"[-0.05379985  0.9136098   0.41059188  0.2270098  -0.18603781  0.09498101
  0.18807942  0.00528651]","[-0.00491956  0.17462271  0.01836918  0.00991436 -0.00442225  0.00800321
 -0.09624619  0.00486356]",0.003993802518830223,0.11505241214641138,-6.337342643344972,6.973952511260941,0.9999790655207461,0.019245072243297523,20.095783422545388,23.350112391394486,0.107421875,0.0,0.0
isomorphic_inventory_direct_p_vs_learned_z_solver_ablation,0.001,learned_direct_p_inventory,27441,640,0.035,"[-0.05379985  0.9136098   0.41059188  0.2270098  -0.18603781  0.09498101
  0.18807942  0.00528651]","[-0.00491956  0.17462271  0.01836918  0.00991436 -0.00442225  0.00800321
 -0.09624619  0.00486356]",0.003993802518830223,0.11505241214641138,-6.326396748873895,6.963003010824448,0.999978614775069,0.019658054458744523,20.054848288966518,23.348296096207378,0.107421875,0.003307598359449758,0.003946632939130124
isomorphic_inventory_direct_p_vs_learned_z_solver_ablation,0.001,learned_z_inventory,27441,640,0.035,"[-0.05379985  0.9136098   0.41059188  0.2270098  -0.18603781  0.09498101
  0.18807942  0.00528651]","[-0.00491956  0.17462271  0.01836918  0.00991436 -0.00442225  0.00800321
 -0.09624619  0.00486356]",0.003993802518830223,0.11505241214641138,-6.151838433185903,6.787608562721596,0.9999766372857116,0.02147428143258094,19.373744322124367,23.344067892482762,0.134765625,0.060638827360462076,0.07834362708500106
isomorphic_inventory_direct_p_vs_learned_z_solver_ablation,0.001,oracle_p_inventory,28441,640,0.035,"[-0.04880756  0.96069599  0.43655705  0.21821873 -0.17196609  0.09811435
 -0.01505669 -0.01591573]","[-0.00414599 -0.06601477  0.03561593  0.00927418 -0.00451306  0.00536607
  0.27527544 -0.01471909]",0.001634956958978806,0.0609580931247731,-6.280565595930768,6.917217724072774,0.9999696996115008,0.028228124743334512,19.90992570767824,23.169753182360648,0.103515625,0.0,0.0
isomorphic_inventory_direct_p_vs_learned_z_solver_ablation,0.001,learned_direct_p_inventory,28441,640,0.035,"[-0.04880756  0.96069599  0.43655705  0.21821873 -0.17196609  0.09811435
 -0.01505669 -0.01591573]","[-0.00414599 -0.06601477  0.03561593  0.00927418 -0.00451306  0.00536607
  0.27527544 -0.01471909]",0.001634956958978806,0.0609580931247731,-6.285529833314826,6.922181699155592,0.9999696668238458,0.02825903193678321,19.927969096657293,23.169906761357726,0.103515625,0.0017756157782678383,0.0021597782244528606
isomorphic_inventory_direct_p_vs_learned_z_solver_ablation,0.001,learned_z_inventory,28441,640,0.035,"[-0.04880756  0.96069599  0.43655705  0.21821873 -0.17196609  0.09811435
 -0.01505669 -0.01591573]","[-0.00414599 -0.06601477  0.03561593  0.00927418 -0.00451306  0.00536607
  0.27527544 -0.01471909]",0.001634956958978806,0.0609580931247731,-6.219797632472788,6.855648397013615,0.9999647440051036,0.032985623058983664,19.653614152412132,23.16644522585143,0.12890625,0.037676696930546406,0.04728565471553068
isomorphic_inventory_direct_p_vs_learned_z_solver_ablation,0.001,oracle_p_inventory,29441,640,0.035,"[-0.04828957  0.88926967  0.41410974  0.21726494 -0.18201655  0.1036937
  0.14106451  0.00385442]","[-0.00082054  0.07732915  0.03396864  0.01102593 -0.00234884  0.01423574
 -0.01717648 -0.0166718 ]",0.0022353204474246952,0.07953652761511287,-6.268976801951958,6.9064244254742295,0.9999812459090339,0.014707637246712701,19.91762406436793,23.116921692140394,0.080078125,0.0,0.0
isomorphic_inventory_direct_p_vs_learned_z_solver_ablation,0.001,learned_direct_p_inventory,29441,640,0.035,"[-0.04828957  0.88926967  0.41410974  0.21726494 -0.18201655  0.1036937
  0.14106451  0.00385442]","[-0.00082054  0.07732915  0.03396864  0.01102593 -0.00234884  0.01423574
 -0.01717648 -0.0166718 ]",0.0022353204474246952,0.07953652761511287,-6.271525900898095,6.909037660325938,0.9999819386784804,0.014152007897993424,19.928314658878598,23.117786717372127,0.078125,0.0016384227136938773,0.0019270919654690965
isomorphic_inventory_direct_p_vs_learned_z_solver_ablation,0.001,learned_z_inventory,29441,640,0.035,"[-0.04828957  0.88926967  0.41410974  0.21726494 -0.18201655  0.1036937
  0.14106451  0.00385442]","[-0.00082054  0.07732915  0.03396864  0.01102593 -0.00234884  0.01423574
 -0.01717648 -0.0166718 ]",0.0022353204474246952,0.07953652761511287,-6.4517906658258966,7.089396761022195,0.9999937306495372,0.0047628664949475735,20.553511803419475,23.16564229854228,0.078125,0.07737056228008576,0.09402690453119177
isomorphic_inventory_direct_p_vs_learned_z_solver_ablation,0.001,oracle_p_inventory,30441,640,0.035,"[-0.049065    0.90572104  0.42565832  0.22716726 -0.17349921  0.09567526
  0.2984124  -0.0070583 ]","[-0.00102369  0.25054429  0.02570383  0.01647547 -0.00184481  0.0012265
  0.00119736 -0.01324474]",0.0026777388828149082,0.08209071102888736,-6.327549830677766,6.963837530626547,0.9999241460873477,0.06716256389563892,20.0644602382202,23.327550168016312,0.103515625,0.0,0.0
isomorphic_inventory_direct_p_vs_learned_z_solver_ablation,0.001,learned_direct_p_inventory,30441,640,0.035,"[-0.049065    0.90572104  0.42565832  0.22716726 -0.17349921  0.09567526
  0.2984124  -0.0070583 ]","[-0.00102369  0.25054429  0.02570383  0.01647547 -0.00184481  0.0012265
  0.00119736 -0.01324474]",0.0026777388828149082,0.08209071102888736,-6.33407164537505,6.9703526941846885,0.9999233146949549,0.06790504901772673,20.086439952274294,23.32731470593066,0.103515625,0.002830336918803549,0.0033652779576760815
isomorphic_inventory_direct_p_vs_learned_z_solver_ablation,0.001,learned_z_inventory,30441,640,0.035,"[-0.049065    0.90572104  0.42565832  0.22716726 -0.17349921  0.09567526
  0.2984124  -0.0070583 ]","[-0.00102369  0.25054429  0.02570383  0.01647547 -0.00184481  0.0012265
  0.00119736 -0.01324474]",0.0026777388828149082,0.08209071102888736,-6.478831486322255,7.114737311812501,0.9999057086550308,0.0831304550503487,20.57676126148546,23.326402560390804,0.111328125,0.06449797818275134,0.08474908392074981
isomorphic_inventory_direct_p_vs_learned_z_solver_ablation,0.001,oracle_p_inventory,31441,640,0.035,"[-0.05018328  1.00917227  0.39606076  0.21874567 -0.18111446  0.10339344
 -0.43647901  0.03124218]","[-0.00223589  0.02862496  0.01108694  0.00769361 -0.010685    0.01433677
 -0.13449752  0.01387868]",0.003013703414626676,0.06912950756801682,-6.3086024062111585,6.9458248971158225,0.999960428550583,0.032737021934145134,20.020882682336058,23.260783573327377,0.08203125,0.0,0.0
isomorphic_inventory_direct_p_vs_learned_z_solver_ablation,0.001,learned_direct_p_inventory,31441,640,0.035,"[-0.05018328  1.00917227  0.39606076  0.21874567 -0.18111446  0.10339344
 -0.43647901  0.03124218]","[-0.00223589  0.02862496  0.01108694  0.00769361 -0.010685    0.01433677
 -0.13449752  0.01387868]",0.003013703414626676,0.06912950756801682,-6.303703842327892,6.940927689191854,0.9999605980454953,0.03259935486931271,20.003219005473035,23.260895048670136,0.08203125,0.0022783953451777474,0.002992534260707402
isomorphic_inventory_direct_p_vs_learned_z_solver_ablation,0.001,learned_z_inventory,31441,640,0.035,"[-0.05018328  1.00917227  0.39606076  0.21874567 -0.18111446  0.10339344
 -0.43647901  0.03124218]","[-0.00223589  0.02862496  0.01108694  0.00769361 -0.010685    0.01433677
 -0.13449752  0.01387868]",0.003013703414626676,0.06912950756801682,-6.3125980083395685,6.949766387148637,0.9999756371948838,0.020090240434087935,20.025627810596433,23.295108176954717,0.087890625,0.056485943504527326,0.07016344103517413
isomorphic_inventory_direct_p_vs_learned_z_solver_ablation,0.001,oracle_p_inventory,32441,640,0.035,"[-0.04999823  0.677711    0.44313887  0.21890134 -0.17089467  0.09679967
  0.67023482 -0.02143542]","[ 0.00076426 -0.14081114  0.01157313  0.0091422   0.00532735  0.00556837
  0.30792497  0.03036701]",0.003632002342127517,0.08407148110829579,-6.270291382340247,6.908269619790028,0.9999743304624726,0.021637189135928103,19.947827494562503,23.179222331401967,0.060546875,0.0,0.0
isomorphic_inventory_direct_p_vs_learned_z_solver_ablation,0.001,learned_direct_p_inventory,32441,640,0.035,"[-0.04999823  0.677711    0.44313887  0.21890134 -0.17089467  0.09679967
  0.67023482 -0.02143542]","[ 0.00076426 -0.14081114  0.01157313  0.0091422   0.00532735  0.00556837
  0.30792497  0.03036701]",0.003632002342127517,0.08407148110829579,-6.273249623720569,6.911167043002955,0.9999740524102982,0.021886319751649737,19.95785052842291,23.17895735907099,0.0625,0.0021503001535914603,0.0029051594318880132
isomorphic_inventory_direct_p_vs_learned_z_solver_ablation,0.001,learned_z_inventory,32441,640,0.035,"[-0.04999823  0.677711    0.44313887  0.21890134 -0.17089467  0.09679967
  0.67023482 -0.02143542]","[ 0.00076426 -0.14081114  0.01157313  0.0091422   0.00532735  0.00556837
  0.30792497  0.03036701]",0.003632002342127517,0.08407148110829579,-6.546620929798031,7.1844283675693426,0.9999749531589139,0.021010598439440926,20.916517919402075,23.206280435418286,0.06640625,0.08287698715506134,0.11598980923728452
isomorphic_inventory_direct_p_vs_learned_z_solver_ablation,0.001,oracle_p_inventory,33441,640,0.035,"[-0.04905309  1.06034536  0.42904413  0.22013263 -0.17180003  0.10465413
 -0.36591002 -0.00539287]","[-0.00220407 -0.02955759  0.02051515  0.00880972 -0.01939927  0.006522
  0.31242261 -0.00742559]",0.002213888896766704,0.07972490487789517,-6.311307590143839,6.948164014280801,0.9999586155171203,0.03357419745691469,20.02702292190147,23.244767816879552,0.09375,0.0,0.0
isomorphic_inventory_direct_p_vs_learned_z_solver_ablation,0.001,learned_direct_p_inventory,33441,640,0.035,"[-0.04905309  1.06034536  0.42904413  0.22013263 -0.17180003  0.10465413
 -0.36591002 -0.00539287]","[-0.00220407 -0.02955759  0.02051515  0.00880972 -0.01939927  0.006522
  0.31242261 -0.00742559]",0.002213888896766704,0.07972490487789517,-6.3161008980170745,6.9529580309402,0.9999587041153907,0.03349930918324331,20.04334071211482,23.245856697997965,0.09375,0.0021291380902898165,0.002556673230160122
isomorphic_inventory_direct_p_vs_learned_z_solver_ablation,0.001,learned_z_inventory,33441,640,0.035,"[-0.04905309  1.06034536  0.42904413  0.22013263 -0.17180003  0.10465413
 -0.36591002 -0.00539287]","[-0.00220407 -0.02955759  0.02051515  0.00880972 -0.01939927  0.006522
  0.31242261 -0.00742559]",0.002213888896766704,0.07972490487789517,-6.35170594958205,6.989072596140797,0.9999637995698433,0.02930875206073162,20.193138890863295,23.256898283594584,0.078125,0.04644745948429956,0.05575776993683647
