sku,month_index,month_name,raw_demand,normalized_demand,split,unit_cost,retail_price,lead_time,initial_inventory_normalized,initial_backlog_normalized,margin_ratio,shortage_weight,capacity_normalized,source_dataset,source_url,source_license
SKU001,1,jan,1509.000000,0.7701435407,train,1001.000000,5000.000000,2,0.5118979266,0.0051036683,0.7998000000,3.1896300000,2.4499500000,supplychainpy sample complete_dataset_small.csv,https://github.com/KevinFasusi/supplychainpy,BSD-3-Clause-style upstream LICENSE
SKU001,2,feb,1855.000000,0.9467304625,train,1001.000000,5000.000000,2,0.5118979266,0.0051036683,0.7998000000,3.1896300000,2.4499500000,supplychainpy sample complete_dataset_small.csv,https://github.com/KevinFasusi/supplychainpy,BSD-3-Clause-style upstream LICENSE
SKU001,3,mar,2665.000000,1.3601275917,train,1001.000000,5000.000000,2,0.5118979266,0.0051036683,0.7998000000,3.1896300000,2.4499500000,supplychainpy sample complete_dataset_small.csv,https://github.com/KevinFasusi/supplychainpy,BSD-3-Clause-style upstream LICENSE
SKU001,4,apr,1841.000000,0.9395853270,train,1001.000000,5000.000000,2,0.5118979266,0.0051036683,0.7998000000,3.1896300000,2.4499500000,supplychainpy sample complete_dataset_small.csv,https://github.com/KevinFasusi/supplychainpy,BSD-3-Clause-style upstream LICENSE
SKU001,5,may,1231.000000,0.6282615630,train,1001.000000,5000.000000,2,0.5118979266,0.0051036683,0.7998000000,3.1896300000,2.4499500000,supplychainpy sample complete_dataset_small.csv,https://github.com/KevinFasusi/supplychainpy,BSD-3-Clause-style upstream LICENSE
SKU001,6,jun,2598.000000,1.3259330144,train,1001.000000,5000.000000,2,0.5118979266,0.0051036683,0.7998000000,3.1896300000,2.4499500000,supplychainpy sample complete_dataset_small.csv,https://github.com/KevinFasusi/supplychainpy,BSD-3-Clause-style upstream LICENSE
SKU001,7,jul,1988.000000,1.0146092504,train,1001.000000,5000.000000,2,0.5118979266,0.0051036683,0.7998000000,3.1896300000,2.4499500000,supplychainpy sample complete_dataset_small.csv,https://github.com/KevinFasusi/supplychainpy,BSD-3-Clause-style upstream LICENSE
SKU001,8,aug,1988.000000,1.0146092504,train,1001.000000,5000.000000,2,0.5118979266,0.0051036683,0.7998000000,3.1896300000,2.4499500000,supplychainpy sample complete_dataset_small.csv,https://github.com/KevinFasusi/supplychainpy,BSD-3-Clause-style upstream LICENSE
SKU001,9,sep,2927.000000,1.4938437002,test,1001.000000,5000.000000,2,0.5118979266,0.0051036683,0.7998000000,3.1896300000,2.4499500000,supplychainpy sample complete_dataset_small.csv,https://github.com/KevinFasusi/supplychainpy,BSD-3-Clause-style upstream LICENSE
SKU001,10,oct,2707.000000,1.3815629984,test,1001.000000,5000.000000,2,0.5118979266,0.0051036683,0.7998000000,3.1896300000,2.4499500000,supplychainpy sample complete_dataset_small.csv,https://github.com/KevinFasusi/supplychainpy,BSD-3-Clause-style upstream LICENSE
SKU001,11,nov,731.000000,0.3730781499,test,1001.000000,5000.000000,2,0.5118979266,0.0051036683,0.7998000000,3.1896300000,2.4499500000,supplychainpy sample complete_dataset_small.csv,https://github.com/KevinFasusi/supplychainpy,BSD-3-Clause-style upstream LICENSE
SKU001,12,dec,2598.000000,1.3259330144,test,1001.000000,5000.000000,2,0.5118979266,0.0051036683,0.7998000000,3.1896300000,2.4499500000,supplychainpy sample complete_dataset_small.csv,https://github.com/KevinFasusi/supplychainpy,BSD-3-Clause-style upstream LICENSE
SKU002,1,jan,1006.000000,0.6162799602,train,394.000000,1300.000000,2,1.9750363734,0.0061260433,0.6969230769,2.9993076923,2.4242307692,supplychainpy sample complete_dataset_small.csv,https://github.com/KevinFasusi/supplychainpy,BSD-3-Clause-style upstream LICENSE
SKU002,2,feb,206.000000,0.1261964928,train,394.000000,1300.000000,2,1.9750363734,0.0061260433,0.6969230769,2.9993076923,2.4242307692,supplychainpy sample complete_dataset_small.csv,https://github.com/KevinFasusi/supplychainpy,BSD-3-Clause-style upstream LICENSE
SKU002,3,mar,2588.000000,1.5854200168,train,394.000000,1300.000000,2,1.9750363734,0.0061260433,0.6969230769,2.9993076923,2.4242307692,supplychainpy sample complete_dataset_small.csv,https://github.com/KevinFasusi/supplychainpy,BSD-3-Clause-style upstream LICENSE
SKU002,4,apr,670.000000,0.4104449039,train,394.000000,1300.000000,2,1.9750363734,0.0061260433,0.6969230769,2.9993076923,2.4242307692,supplychainpy sample complete_dataset_small.csv,https://github.com/KevinFasusi/supplychainpy,BSD-3-Clause-style upstream LICENSE
SKU002,5,may,2768.000000,1.6956887970,train,394.000000,1300.000000,2,1.9750363734,0.0061260433,0.6969230769,2.9993076923,2.4242307692,supplychainpy sample complete_dataset_small.csv,https://github.com/KevinFasusi/supplychainpy,BSD-3-Clause-style upstream LICENSE
SKU002,6,jun,2809.000000,1.7208055747,train,394.000000,1300.000000,2,1.9750363734,0.0061260433,0.6969230769,2.9993076923,2.4242307692,supplychainpy sample complete_dataset_small.csv,https://github.com/KevinFasusi/supplychainpy,BSD-3-Clause-style upstream LICENSE
SKU002,7,jul,1475.000000,0.9035913929,train,394.000000,1300.000000,2,1.9750363734,0.0061260433,0.6969230769,2.9993076923,2.4242307692,supplychainpy sample complete_dataset_small.csv,https://github.com/KevinFasusi/supplychainpy,BSD-3-Clause-style upstream LICENSE
SKU002,8,aug,1537.000000,0.9415728616,train,394.000000,1300.000000,2,1.9750363734,0.0061260433,0.6969230769,2.9993076923,2.4242307692,supplychainpy sample complete_dataset_small.csv,https://github.com/KevinFasusi/supplychainpy,BSD-3-Clause-style upstream LICENSE
SKU002,9,sep,919.000000,0.5629833831,test,394.000000,1300.000000,2,1.9750363734,0.0061260433,0.6969230769,2.9993076923,2.4242307692,supplychainpy sample complete_dataset_small.csv,https://github.com/KevinFasusi/supplychainpy,BSD-3-Clause-style upstream LICENSE
SKU002,10,oct,2525.000000,1.5468259438,test,394.000000,1300.000000,2,1.9750363734,0.0061260433,0.6969230769,2.9993076923,2.4242307692,supplychainpy sample complete_dataset_small.csv,https://github.com/KevinFasusi/supplychainpy,BSD-3-Clause-style upstream LICENSE
SKU002,11,nov,440.000000,0.2695459070,test,394.000000,1300.000000,2,1.9750363734,0.0061260433,0.6969230769,2.9993076923,2.4242307692,supplychainpy sample complete_dataset_small.csv,https://github.com/KevinFasusi/supplychainpy,BSD-3-Clause-style upstream LICENSE
SKU002,12,dec,2691.000000,1.6485182633,test,394.000000,1300.000000,2,1.9750363734,0.0061260433,0.6969230769,2.9993076923,2.4242307692,supplychainpy sample complete_dataset_small.csv,https://github.com/KevinFasusi/supplychainpy,BSD-3-Clause-style upstream LICENSE
SKU003,1,jan,1840.000000,1.0559540890,train,434.000000,1200.000000,4,0.2238163558,0.0057388809,0.6383333333,3.0509166667,2.1695833333,supplychainpy sample complete_dataset_small.csv,https://github.com/KevinFasusi/supplychainpy,BSD-3-Clause-style upstream LICENSE
SKU003,2,feb,2284.000000,1.3107604017,train,434.000000,1200.000000,4,0.2238163558,0.0057388809,0.6383333333,3.0509166667,2.1695833333,supplychainpy sample complete_dataset_small.csv,https://github.com/KevinFasusi/supplychainpy,BSD-3-Clause-style upstream LICENSE
SKU003,3,mar,850.000000,0.4878048780,train,434.000000,1200.000000,4,0.2238163558,0.0057388809,0.6383333333,3.0509166667,2.1695833333,supplychainpy sample complete_dataset_small.csv,https://github.com/KevinFasusi/supplychainpy,BSD-3-Clause-style upstream LICENSE
SKU003,4,apr,983.000000,0.5641319943,train,434.000000,1200.000000,4,0.2238163558,0.0057388809,0.6383333333,3.0509166667,2.1695833333,supplychainpy sample complete_dataset_small.csv,https://github.com/KevinFasusi/supplychainpy,BSD-3-Clause-style upstream LICENSE
SKU003,5,may,2737.000000,1.5707317073,train,434.000000,1200.000000,4,0.2238163558,0.0057388809,0.6383333333,3.0509166667,2.1695833333,supplychainpy sample complete_dataset_small.csv,https://github.com/KevinFasusi/supplychainpy,BSD-3-Clause-style upstream LICENSE
SKU003,6,jun,1264.000000,0.7253945481,train,434.000000,1200.000000,4,0.2238163558,0.0057388809,0.6383333333,3.0509166667,2.1695833333,supplychainpy sample complete_dataset_small.csv,https://github.com/KevinFasusi/supplychainpy,BSD-3-Clause-style upstream LICENSE
SKU003,7,jul,2002.000000,1.1489239598,train,434.000000,1200.000000,4,0.2238163558,0.0057388809,0.6383333333,3.0509166667,2.1695833333,supplychainpy sample complete_dataset_small.csv,https://github.com/KevinFasusi/supplychainpy,BSD-3-Clause-style upstream LICENSE
SKU003,8,aug,1980.000000,1.1362984218,train,434.000000,1200.000000,4,0.2238163558,0.0057388809,0.6383333333,3.0509166667,2.1695833333,supplychainpy sample complete_dataset_small.csv,https://github.com/KevinFasusi/supplychainpy,BSD-3-Clause-style upstream LICENSE
SKU003,9,sep,235.000000,0.1348637016,test,434.000000,1200.000000,4,0.2238163558,0.0057388809,0.6383333333,3.0509166667,2.1695833333,supplychainpy sample complete_dataset_small.csv,https://github.com/KevinFasusi/supplychainpy,BSD-3-Clause-style upstream LICENSE
SKU003,10,oct,1489.000000,0.8545193687,test,434.000000,1200.000000,4,0.2238163558,0.0057388809,0.6383333333,3.0509166667,2.1695833333,supplychainpy sample complete_dataset_small.csv,https://github.com/KevinFasusi/supplychainpy,BSD-3-Clause-style upstream LICENSE
SKU003,11,nov,218.000000,0.1251076040,test,434.000000,1200.000000,4,0.2238163558,0.0057388809,0.6383333333,3.0509166667,2.1695833333,supplychainpy sample complete_dataset_small.csv,https://github.com/KevinFasusi/supplychainpy,BSD-3-Clause-style upstream LICENSE
SKU003,12,dec,525.000000,0.3012912482,test,434.000000,1200.000000,4,0.2238163558,0.0057388809,0.6383333333,3.0509166667,2.1695833333,supplychainpy sample complete_dataset_small.csv,https://github.com/KevinFasusi/supplychainpy,BSD-3-Clause-style upstream LICENSE
SKU004,1,jan,104.000000,0.0764284402,train,474.000000,475.000000,3,0.2866066507,0.0073488885,0.0500000000,1.8825000000,2.1425000000,supplychainpy sample complete_dataset_small.csv,https://github.com/KevinFasusi/supplychainpy,BSD-3-Clause-style upstream LICENSE
SKU004,2,feb,2262.000000,1.6623185743,train,474.000000,475.000000,3,0.2866066507,0.0073488885,0.0500000000,1.8825000000,2.1425000000,supplychainpy sample complete_dataset_small.csv,https://github.com/KevinFasusi/supplychainpy,BSD-3-Clause-style upstream LICENSE
SKU004,3,mar,350.000000,0.2572110968,train,474.000000,475.000000,3,0.2866066507,0.0073488885,0.0500000000,1.8825000000,2.1425000000,supplychainpy sample complete_dataset_small.csv,https://github.com/KevinFasusi/supplychainpy,BSD-3-Clause-style upstream LICENSE
SKU004,4,apr,528.000000,0.3880213118,train,474.000000,475.000000,3,0.2866066507,0.0073488885,0.0500000000,1.8825000000,2.1425000000,supplychainpy sample complete_dataset_small.csv,https://github.com/KevinFasusi/supplychainpy,BSD-3-Clause-style upstream LICENSE
SKU004,5,may,2570.000000,1.8886643395,train,474.000000,475.000000,3,0.2866066507,0.0073488885,0.0500000000,1.8825000000,2.1425000000,supplychainpy sample complete_dataset_small.csv,https://github.com/KevinFasusi/supplychainpy,BSD-3-Clause-style upstream LICENSE
SKU004,6,jun,1216.000000,0.8936248392,train,474.000000,475.000000,3,0.2866066507,0.0073488885,0.0500000000,1.8825000000,2.1425000000,supplychainpy sample complete_dataset_small.csv,https://github.com/KevinFasusi/supplychainpy,BSD-3-Clause-style upstream LICENSE
SKU004,7,jul,1101.000000,0.8091126217,train,474.000000,475.000000,3,0.2866066507,0.0073488885,0.0500000000,1.8825000000,2.1425000000,supplychainpy sample complete_dataset_small.csv,https://github.com/KevinFasusi/supplychainpy,BSD-3-Clause-style upstream LICENSE
SKU004,8,aug,2755.000000,2.0246187764,train,474.000000,475.000000,3,0.2866066507,0.0073488885,0.0500000000,1.8825000000,2.1425000000,supplychainpy sample complete_dataset_small.csv,https://github.com/KevinFasusi/supplychainpy,BSD-3-Clause-style upstream LICENSE
SKU004,9,sep,2856.000000,2.0988425501,test,474.000000,475.000000,3,0.2866066507,0.0073488885,0.0500000000,1.8825000000,2.1425000000,supplychainpy sample complete_dataset_small.csv,https://github.com/KevinFasusi/supplychainpy,BSD-3-Clause-style upstream LICENSE
SKU004,10,oct,2381.000000,1.7497703472,test,474.000000,475.000000,3,0.2866066507,0.0073488885,0.0500000000,1.8825000000,2.1425000000,supplychainpy sample complete_dataset_small.csv,https://github.com/KevinFasusi/supplychainpy,BSD-3-Clause-style upstream LICENSE
SKU004,11,nov,1867.000000,1.3720374793,test,474.000000,475.000000,3,0.2866066507,0.0073488885,0.0500000000,1.8825000000,2.1425000000,supplychainpy sample complete_dataset_small.csv,https://github.com/KevinFasusi/supplychainpy,BSD-3-Clause-style upstream LICENSE
SKU004,12,dec,2743.000000,2.0158001102,test,474.000000,475.000000,3,0.2866066507,0.0073488885,0.0500000000,1.8825000000,2.1425000000,supplychainpy sample complete_dataset_small.csv,https://github.com/KevinFasusi/supplychainpy,BSD-3-Clause-style upstream LICENSE
SKU005,1,jan,489.000000,0.5640138408,train,514.000000,2000.000000,1,2.3000000000,0.0115340254,0.7430000000,3.0045500000,2.4357500000,supplychainpy sample complete_dataset_small.csv,https://github.com/KevinFasusi/supplychainpy,BSD-3-Clause-style upstream LICENSE
SKU005,2,feb,954.000000,1.1003460208,train,514.000000,2000.000000,1,2.3000000000,0.0115340254,0.7430000000,3.0045500000,2.4357500000,supplychainpy sample complete_dataset_small.csv,https://github.com/KevinFasusi/supplychainpy,BSD-3-Clause-style upstream LICENSE
SKU005,3,mar,1112.000000,1.2825836217,train,514.000000,2000.000000,1,2.3000000000,0.0115340254,0.7430000000,3.0045500000,2.4357500000,supplychainpy sample complete_dataset_small.csv,https://github.com/KevinFasusi/supplychainpy,BSD-3-Clause-style upstream LICENSE
SKU005,4,apr,199.000000,0.2295271050,train,514.000000,2000.000000,1,2.3000000000,0.0115340254,0.7430000000,3.0045500000,2.4357500000,supplychainpy sample complete_dataset_small.csv,https://github.com/KevinFasusi/supplychainpy,BSD-3-Clause-style upstream LICENSE
SKU005,5,may,919.000000,1.0599769319,train,514.000000,2000.000000,1,2.3000000000,0.0115340254,0.7430000000,3.0045500000,2.4357500000,supplychainpy sample complete_dataset_small.csv,https://github.com/KevinFasusi/supplychainpy,BSD-3-Clause-style upstream LICENSE
SKU005,6,jun,330.000000,0.3806228374,train,514.000000,2000.000000,1,2.3000000000,0.0115340254,0.7430000000,3.0045500000,2.4357500000,supplychainpy sample complete_dataset_small.csv,https://github.com/KevinFasusi/supplychainpy,BSD-3-Clause-style upstream LICENSE
SKU005,7,jul,561.000000,0.6470588235,train,514.000000,2000.000000,1,2.3000000000,0.0115340254,0.7430000000,3.0045500000,2.4357500000,supplychainpy sample complete_dataset_small.csv,https://github.com/KevinFasusi/supplychainpy,BSD-3-Clause-style upstream LICENSE
SKU005,8,aug,2372.000000,2.7358708189,train,514.000000,2000.000000,1,2.3000000000,0.0115340254,0.7430000000,3.0045500000,2.4357500000,supplychainpy sample complete_dataset_small.csv,https://github.com/KevinFasusi/supplychainpy,BSD-3-Clause-style upstream LICENSE
SKU005,9,sep,921.000000,1.0622837370,test,514.000000,2000.000000,1,2.3000000000,0.0115340254,0.7430000000,3.0045500000,2.4357500000,supplychainpy sample complete_dataset_small.csv,https://github.com/KevinFasusi/supplychainpy,BSD-3-Clause-style upstream LICENSE
SKU005,10,oct,1587.000000,1.8304498270,test,514.000000,2000.000000,1,2.3000000000,0.0115340254,0.7430000000,3.0045500000,2.4357500000,supplychainpy sample complete_dataset_small.csv,https://github.com/KevinFasusi/supplychainpy,BSD-3-Clause-style upstream LICENSE
SKU005,11,nov,1532.000000,1.7670126874,test,514.000000,2000.000000,1,2.3000000000,0.0115340254,0.7430000000,3.0045500000,2.4357500000,supplychainpy sample complete_dataset_small.csv,https://github.com/KevinFasusi/supplychainpy,BSD-3-Clause-style upstream LICENSE
SKU005,12,dec,1512.000000,1.7439446367,test,514.000000,2000.000000,1,2.3000000000,0.0115340254,0.7430000000,3.0045500000,2.4357500000,supplychainpy sample complete_dataset_small.csv,https://github.com/KevinFasusi/supplychainpy,BSD-3-Clause-style upstream LICENSE
SKU006,1,jan,2416.000000,1.4398092968,train,554.000000,1800.000000,2,0.0327771156,0.0059594756,0.6922222222,2.9906111111,2.4230555556,supplychainpy sample complete_dataset_small.csv,https://github.com/KevinFasusi/supplychainpy,BSD-3-Clause-style upstream LICENSE
SKU006,2,feb,2010.000000,1.1978545888,train,554.000000,1800.000000,2,0.0327771156,0.0059594756,0.6922222222,2.9906111111,2.4230555556,supplychainpy sample complete_dataset_small.csv,https://github.com/KevinFasusi/supplychainpy,BSD-3-Clause-style upstream LICENSE
SKU006,3,mar,2527.000000,1.5059594756,train,554.000000,1800.000000,2,0.0327771156,0.0059594756,0.6922222222,2.9906111111,2.4230555556,supplychainpy sample complete_dataset_small.csv,https://github.com/KevinFasusi/supplychainpy,BSD-3-Clause-style upstream LICENSE
SKU006,4,apr,1409.000000,0.8396901073,train,554.000000,1800.000000,2,0.0327771156,0.0059594756,0.6922222222,2.9906111111,2.4230555556,supplychainpy sample complete_dataset_small.csv,https://github.com/KevinFasusi/supplychainpy,BSD-3-Clause-style upstream LICENSE
SKU006,5,may,1059.000000,0.6311084625,train,554.000000,1800.000000,2,0.0327771156,0.0059594756,0.6922222222,2.9906111111,2.4230555556,supplychainpy sample complete_dataset_small.csv,https://github.com/KevinFasusi/supplychainpy,BSD-3-Clause-style upstream LICENSE
SKU006,6,jun,890.000000,0.5303933254,train,554.000000,1800.000000,2,0.0327771156,0.0059594756,0.6922222222,2.9906111111,2.4230555556,supplychainpy sample complete_dataset_small.csv,https://github.com/KevinFasusi/supplychainpy,BSD-3-Clause-style upstream LICENSE
SKU006,7,jul,2837.000000,1.6907032181,train,554.000000,1800.000000,2,0.0327771156,0.0059594756,0.6922222222,2.9906111111,2.4230555556,supplychainpy sample complete_dataset_small.csv,https://github.com/KevinFasusi/supplychainpy,BSD-3-Clause-style upstream LICENSE
SKU006,8,aug,276.000000,0.1644815256,train,554.000000,1800.000000,2,0.0327771156,0.0059594756,0.6922222222,2.9906111111,2.4230555556,supplychainpy sample complete_dataset_small.csv,https://github.com/KevinFasusi/supplychainpy,BSD-3-Clause-style upstream LICENSE
SKU006,9,sep,987.000000,0.5882002384,test,554.000000,1800.000000,2,0.0327771156,0.0059594756,0.6922222222,2.9906111111,2.4230555556,supplychainpy sample complete_dataset_small.csv,https://github.com/KevinFasusi/supplychainpy,BSD-3-Clause-style upstream LICENSE
SKU006,10,oct,2228.000000,1.3277711561,test,554.000000,1800.000000,2,0.0327771156,0.0059594756,0.6922222222,2.9906111111,2.4230555556,supplychainpy sample complete_dataset_small.csv,https://github.com/KevinFasusi/supplychainpy,BSD-3-Clause-style upstream LICENSE
SKU006,11,nov,1095.000000,0.6525625745,test,554.000000,1800.000000,2,0.0327771156,0.0059594756,0.6922222222,2.9906111111,2.4230555556,supplychainpy sample complete_dataset_small.csv,https://github.com/KevinFasusi/supplychainpy,BSD-3-Clause-style upstream LICENSE
SKU006,12,dec,1396.000000,0.8319427890,test,554.000000,1800.000000,2,0.0327771156,0.0059594756,0.6922222222,2.9906111111,2.4230555556,supplychainpy sample complete_dataset_small.csv,https://github.com/KevinFasusi/supplychainpy,BSD-3-Clause-style upstream LICENSE
SKU007,1,jan,403.000000,0.2979391923,train,594.000000,2500.000000,1,2.3000000000,0.0073930321,0.7624000000,3.0404400000,2.4406000000,supplychainpy sample complete_dataset_small.csv,https://github.com/KevinFasusi/supplychainpy,BSD-3-Clause-style upstream LICENSE
SKU007,2,feb,1737.000000,1.2841696701,train,594.000000,2500.000000,1,2.3000000000,0.0073930321,0.7624000000,3.0404400000,2.4406000000,supplychainpy sample complete_dataset_small.csv,https://github.com/KevinFasusi/supplychainpy,BSD-3-Clause-style upstream LICENSE
SKU007,3,mar,753.000000,0.5566953147,train,594.000000,2500.000000,1,2.3000000000,0.0073930321,0.7624000000,3.0404400000,2.4406000000,supplychainpy sample complete_dataset_small.csv,https://github.com/KevinFasusi/supplychainpy,BSD-3-Clause-style upstream LICENSE
SKU007,4,apr,1982.000000,1.4652989557,train,594.000000,2500.000000,1,2.3000000000,0.0073930321,0.7624000000,3.0404400000,2.4406000000,supplychainpy sample complete_dataset_small.csv,https://github.com/KevinFasusi/supplychainpy,BSD-3-Clause-style upstream LICENSE
SKU007,5,may,2775.000000,2.0515663987,train,594.000000,2500.000000,1,2.3000000000,0.0073930321,0.7624000000,3.0404400000,2.4406000000,supplychainpy sample complete_dataset_small.csv,https://github.com/KevinFasusi/supplychainpy,BSD-3-Clause-style upstream LICENSE
SKU007,6,jun,380.000000,0.2809352186,train,594.000000,2500.000000,1,2.3000000000,0.0073930321,0.7624000000,3.0404400000,2.4406000000,supplychainpy sample complete_dataset_small.csv,https://github.com/KevinFasusi/supplychainpy,BSD-3-Clause-style upstream LICENSE
SKU007,7,jul,1561.000000,1.1540523057,train,594.000000,2500.000000,1,2.3000000000,0.0073930321,0.7624000000,3.0404400000,2.4406000000,supplychainpy sample complete_dataset_small.csv,https://github.com/KevinFasusi/supplychainpy,BSD-3-Clause-style upstream LICENSE
SKU007,8,aug,1230.000000,0.9093429443,train,594.000000,2500.000000,1,2.3000000000,0.0073930321,0.7624000000,3.0404400000,2.4406000000,supplychainpy sample complete_dataset_small.csv,https://github.com/KevinFasusi/supplychainpy,BSD-3-Clause-style upstream LICENSE
SKU007,9,sep,1262.000000,0.9330006469,test,594.000000,2500.000000,1,2.3000000000,0.0073930321,0.7624000000,3.0404400000,2.4406000000,supplychainpy sample complete_dataset_small.csv,https://github.com/KevinFasusi/supplychainpy,BSD-3-Clause-style upstream LICENSE
SKU007,10,oct,2249.000000,1.6626929119,test,594.000000,2500.000000,1,2.3000000000,0.0073930321,0.7624000000,3.0404400000,2.4406000000,supplychainpy sample complete_dataset_small.csv,https://github.com/KevinFasusi/supplychainpy,BSD-3-Clause-style upstream LICENSE
SKU007,11,nov,824.000000,0.6091858423,test,594.000000,2500.000000,1,2.3000000000,0.0073930321,0.7624000000,3.0404400000,2.4406000000,supplychainpy sample complete_dataset_small.csv,https://github.com/KevinFasusi/supplychainpy,BSD-3-Clause-style upstream LICENSE
SKU007,12,dec,743.000000,0.5493022826,test,594.000000,2500.000000,1,2.3000000000,0.0073930321,0.7624000000,3.0404400000,2.4406000000,supplychainpy sample complete_dataset_small.csv,https://github.com/KevinFasusi/supplychainpy,BSD-3-Clause-style upstream LICENSE
SKU008,1,jan,2908.000000,2.1280643981,train,634.000000,3033.000000,3,0.0248810831,0.0073179656,0.7909660402,3.2532871744,2.3277415101,supplychainpy sample complete_dataset_small.csv,https://github.com/KevinFasusi/supplychainpy,BSD-3-Clause-style upstream LICENSE
SKU008,2,feb,929.000000,0.6798390048,train,634.000000,3033.000000,3,0.0248810831,0.0073179656,0.7909660402,3.2532871744,2.3277415101,supplychainpy sample complete_dataset_small.csv,https://github.com/KevinFasusi/supplychainpy,BSD-3-Clause-style upstream LICENSE
SKU008,3,mar,684.000000,0.5005488474,train,634.000000,3033.000000,3,0.0248810831,0.0073179656,0.7909660402,3.2532871744,2.3277415101,supplychainpy sample complete_dataset_small.csv,https://github.com/KevinFasusi/supplychainpy,BSD-3-Clause-style upstream LICENSE
SKU008,4,apr,2618.000000,1.9158433955,train,634.000000,3033.000000,3,0.0248810831,0.0073179656,0.7909660402,3.2532871744,2.3277415101,supplychainpy sample complete_dataset_small.csv,https://github.com/KevinFasusi/supplychainpy,BSD-3-Clause-style upstream LICENSE
SKU008,5,may,1477.000000,1.0808635199,train,634.000000,3033.000000,3,0.0248810831,0.0073179656,0.7909660402,3.2532871744,2.3277415101,supplychainpy sample complete_dataset_small.csv,https://github.com/KevinFasusi/supplychainpy,BSD-3-Clause-style upstream LICENSE
SKU008,6,jun,1508.000000,1.1035492133,train,634.000000,3033.000000,3,0.0248810831,0.0073179656,0.7909660402,3.2532871744,2.3277415101,supplychainpy sample complete_dataset_small.csv,https://github.com/KevinFasusi/supplychainpy,BSD-3-Clause-style upstream LICENSE
SKU008,7,jul,765.000000,0.5598243688,train,634.000000,3033.000000,3,0.0248810831,0.0073179656,0.7909660402,3.2532871744,2.3277415101,supplychainpy sample complete_dataset_small.csv,https://github.com/KevinFasusi/supplychainpy,BSD-3-Clause-style upstream LICENSE
SKU008,8,aug,43.000000,0.0314672521,train,634.000000,3033.000000,3,0.0248810831,0.0073179656,0.7909660402,3.2532871744,2.3277415101,supplychainpy sample complete_dataset_small.csv,https://github.com/KevinFasusi/supplychainpy,BSD-3-Clause-style upstream LICENSE
SKU008,9,sep,2550.000000,1.8660812294,test,634.000000,3033.000000,3,0.0248810831,0.0073179656,0.7909660402,3.2532871744,2.3277415101,supplychainpy sample complete_dataset_small.csv,https://github.com/KevinFasusi/supplychainpy,BSD-3-Clause-style upstream LICENSE
SKU008,10,oct,2157.000000,1.5784851811,test,634.000000,3033.000000,3,0.0248810831,0.0073179656,0.7909660402,3.2532871744,2.3277415101,supplychainpy sample complete_dataset_small.csv,https://github.com/KevinFasusi/supplychainpy,BSD-3-Clause-style upstream LICENSE
SKU008,11,nov,937.000000,0.6856933772,test,634.000000,3033.000000,3,0.0248810831,0.0073179656,0.7909660402,3.2532871744,2.3277415101,supplychainpy sample complete_dataset_small.csv,https://github.com/KevinFasusi/supplychainpy,BSD-3-Clause-style upstream LICENSE
SKU008,12,dec,1201.000000,0.8788876692,test,634.000000,3033.000000,3,0.0248810831,0.0073179656,0.7909660402,3.2532871744,2.3277415101,supplychainpy sample complete_dataset_small.csv,https://github.com/KevinFasusi/supplychainpy,BSD-3-Clause-style upstream LICENSE
SKU009,1,jan,2799.000000,1.4857673678,train,674.000000,5433.000000,3,0.2070201048,0.0053082078,0.8759433094,3.4104951224,2.3489858274,supplychainpy sample complete_dataset_small.csv,https://github.com/KevinFasusi/supplychainpy,BSD-3-Clause-style upstream LICENSE
SKU009,2,feb,2197.000000,1.1662132572,train,674.000000,5433.000000,3,0.2070201048,0.0053082078,0.8759433094,3.4104951224,2.3489858274,supplychainpy sample complete_dataset_small.csv,https://github.com/KevinFasusi/supplychainpy,BSD-3-Clause-style upstream LICENSE
SKU009,3,mar,1647.000000,0.8742618274,train,674.000000,5433.000000,3,0.2070201048,0.0053082078,0.8759433094,3.4104951224,2.3489858274,supplychainpy sample complete_dataset_small.csv,https://github.com/KevinFasusi/supplychainpy,BSD-3-Clause-style upstream LICENSE
SKU009,4,apr,2263.000000,1.2012474288,train,674.000000,5433.000000,3,0.2070201048,0.0053082078,0.8759433094,3.4104951224,2.3489858274,supplychainpy sample complete_dataset_small.csv,https://github.com/KevinFasusi/supplychainpy,BSD-3-Clause-style upstream LICENSE
SKU009,5,may,224.000000,0.1189038551,train,674.000000,5433.000000,3,0.2070201048,0.0053082078,0.8759433094,3.4104951224,2.3489858274,supplychainpy sample complete_dataset_small.csv,https://github.com/KevinFasusi/supplychainpy,BSD-3-Clause-style upstream LICENSE
SKU009,6,jun,2987.000000,1.5855616747,train,674.000000,5433.000000,3,0.2070201048,0.0053082078,0.8759433094,3.4104951224,2.3489858274,supplychainpy sample complete_dataset_small.csv,https://github.com/KevinFasusi/supplychainpy,BSD-3-Clause-style upstream LICENSE
SKU009,7,jul,2366.000000,1.2559219693,train,674.000000,5433.000000,3,0.2070201048,0.0053082078,0.8759433094,3.4104951224,2.3489858274,supplychainpy sample complete_dataset_small.csv,https://github.com/KevinFasusi/supplychainpy,BSD-3-Clause-style upstream LICENSE
SKU009,8,aug,588.000000,0.3121226196,train,674.000000,5433.000000,3,0.2070201048,0.0053082078,0.8759433094,3.4104951224,2.3489858274,supplychainpy sample complete_dataset_small.csv,https://github.com/KevinFasusi/supplychainpy,BSD-3-Clause-style upstream LICENSE
SKU009,9,sep,1140.000000,0.6051356911,test,674.000000,5433.000000,3,0.2070201048,0.0053082078,0.8759433094,3.4104951224,2.3489858274,supplychainpy sample complete_dataset_small.csv,https://github.com/KevinFasusi/supplychainpy,BSD-3-Clause-style upstream LICENSE
SKU009,10,oct,869.000000,0.4612832592,test,674.000000,5433.000000,3,0.2070201048,0.0053082078,0.8759433094,3.4104951224,2.3489858274,supplychainpy sample complete_dataset_small.csv,https://github.com/KevinFasusi/supplychainpy,BSD-3-Clause-style upstream LICENSE
SKU009,11,nov,1707.000000,0.9061110742,test,674.000000,5433.000000,3,0.2070201048,0.0053082078,0.8759433094,3.4104951224,2.3489858274,supplychainpy sample complete_dataset_small.csv,https://github.com/KevinFasusi/supplychainpy,BSD-3-Clause-style upstream LICENSE
SKU009,12,dec,1180.000000,0.6263685223,test,674.000000,5433.000000,3,0.2070201048,0.0053082078,0.8759433094,3.4104951224,2.3489858274,supplychainpy sample complete_dataset_small.csv,https://github.com/KevinFasusi/supplychainpy,BSD-3-Clause-style upstream LICENSE
SKU010,1,jan,1333.000000,1.6019227880,train,714.000000,3034.000000,2,2.3000000000,0.0120174253,0.7646671061,3.1246341463,2.4411667765,supplychainpy sample complete_dataset_small.csv,https://github.com/KevinFasusi/supplychainpy,BSD-3-Clause-style upstream LICENSE
SKU010,2,feb,402.000000,0.4831004957,train,714.000000,3034.000000,2,2.3000000000,0.0120174253,0.7646671061,3.1246341463,2.4411667765,supplychainpy sample complete_dataset_small.csv,https://github.com/KevinFasusi/supplychainpy,BSD-3-Clause-style upstream LICENSE
SKU010,3,mar,804.000000,0.9662009914,train,714.000000,3034.000000,2,2.3000000000,0.0120174253,0.7646671061,3.1246341463,2.4411667765,supplychainpy sample complete_dataset_small.csv,https://github.com/KevinFasusi/supplychainpy,BSD-3-Clause-style upstream LICENSE
SKU010,4,apr,318.000000,0.3821541235,train,714.000000,3034.000000,2,2.3000000000,0.0120174253,0.7646671061,3.1246341463,2.4411667765,supplychainpy sample complete_dataset_small.csv,https://github.com/KevinFasusi/supplychainpy,BSD-3-Clause-style upstream LICENSE
SKU010,5,may,1408.000000,1.6920534775,train,714.000000,3034.000000,2,2.3000000000,0.0120174253,0.7646671061,3.1246341463,2.4411667765,supplychainpy sample complete_dataset_small.csv,https://github.com/KevinFasusi/supplychainpy,BSD-3-Clause-style upstream LICENSE
SKU010,6,jun,830.000000,0.9974462971,train,714.000000,3034.000000,2,2.3000000000,0.0120174253,0.7646671061,3.1246341463,2.4411667765,supplychainpy sample complete_dataset_small.csv,https://github.com/KevinFasusi/supplychainpy,BSD-3-Clause-style upstream LICENSE
SKU010,7,jul,1028.000000,1.2353913174,train,714.000000,3034.000000,2,2.3000000000,0.0120174253,0.7646671061,3.1246341463,2.4411667765,supplychainpy sample complete_dataset_small.csv,https://github.com/KevinFasusi/supplychainpy,BSD-3-Clause-style upstream LICENSE
SKU010,8,aug,534.000000,0.6417305092,train,714.000000,3034.000000,2,2.3000000000,0.0120174253,0.7646671061,3.1246341463,2.4411667765,supplychainpy sample complete_dataset_small.csv,https://github.com/KevinFasusi/supplychainpy,BSD-3-Clause-style upstream LICENSE
SKU010,9,sep,1871.000000,2.2484602674,test,714.000000,3034.000000,2,2.3000000000,0.0120174253,0.7646671061,3.1246341463,2.4411667765,supplychainpy sample complete_dataset_small.csv,https://github.com/KevinFasusi/supplychainpy,BSD-3-Clause-style upstream LICENSE
SKU010,10,oct,2730.000000,3.2807570978,test,714.000000,3034.000000,2,2.3000000000,0.0120174253,0.7646671061,3.1246341463,2.4411667765,supplychainpy sample complete_dataset_small.csv,https://github.com/KevinFasusi/supplychainpy,BSD-3-Clause-style upstream LICENSE
SKU010,11,nov,2022.000000,2.4299233889,test,714.000000,3034.000000,2,2.3000000000,0.0120174253,0.7646671061,3.1246341463,2.4411667765,supplychainpy sample complete_dataset_small.csv,https://github.com/KevinFasusi/supplychainpy,BSD-3-Clause-style upstream LICENSE
SKU010,12,dec,94.000000,0.1129637975,test,714.000000,3034.000000,2,2.3000000000,0.0120174253,0.7646671061,3.1246341463,2.4411667765,supplychainpy sample complete_dataset_small.csv,https://github.com/KevinFasusi/supplychainpy,BSD-3-Clause-style upstream LICENSE
SKU011,1,jan,813.000000,0.6801213008,train,754.000000,5000.000000,3,0.2794102269,0.0083655757,0.8492000000,3.3610200000,2.3423000000,supplychainpy sample complete_dataset_small.csv,https://github.com/KevinFasusi/supplychainpy,BSD-3-Clause-style upstream LICENSE
SKU011,2,feb,969.000000,0.8106242811,train,754.000000,5000.000000,3,0.2794102269,0.0083655757,0.8492000000,3.3610200000,2.3423000000,supplychainpy sample complete_dataset_small.csv,https://github.com/KevinFasusi/supplychainpy,BSD-3-Clause-style upstream LICENSE
SKU011,3,mar,745.000000,0.6232353864,train,754.000000,5000.000000,3,0.2794102269,0.0083655757,0.8492000000,3.3610200000,2.3423000000,supplychainpy sample complete_dataset_small.csv,https://github.com/KevinFasusi/supplychainpy,BSD-3-Clause-style upstream LICENSE
SKU011,4,apr,1001.000000,0.8373941232,train,754.000000,5000.000000,3,0.2794102269,0.0083655757,0.8492000000,3.3610200000,2.3423000000,supplychainpy sample complete_dataset_small.csv,https://github.com/KevinFasusi/supplychainpy,BSD-3-Clause-style upstream LICENSE
SKU011,5,may,2732.000000,2.2854752693,train,754.000000,5000.000000,3,0.2794102269,0.0083655757,0.8492000000,3.3610200000,2.3423000000,supplychainpy sample complete_dataset_small.csv,https://github.com/KevinFasusi/supplychainpy,BSD-3-Clause-style upstream LICENSE
SKU011,6,jun,1987.000000,1.6622398829,train,754.000000,5000.000000,3,0.2794102269,0.0083655757,0.8492000000,3.3610200000,2.3423000000,supplychainpy sample complete_dataset_small.csv,https://github.com/KevinFasusi/supplychainpy,BSD-3-Clause-style upstream LICENSE
SKU011,7,jul,717.000000,0.5998117745,train,754.000000,5000.000000,3,0.2794102269,0.0083655757,0.8492000000,3.3610200000,2.3423000000,supplychainpy sample complete_dataset_small.csv,https://github.com/KevinFasusi/supplychainpy,BSD-3-Clause-style upstream LICENSE
SKU011,8,aug,599.000000,0.5010979818,train,754.000000,5000.000000,3,0.2794102269,0.0083655757,0.8492000000,3.3610200000,2.3423000000,supplychainpy sample complete_dataset_small.csv,https://github.com/KevinFasusi/supplychainpy,BSD-3-Clause-style upstream LICENSE
SKU011,9,sep,2722.000000,2.2771096936,test,754.000000,5000.000000,3,0.2794102269,0.0083655757,0.8492000000,3.3610200000,2.3423000000,supplychainpy sample complete_dataset_small.csv,https://github.com/KevinFasusi/supplychainpy,BSD-3-Clause-style upstream LICENSE
SKU011,10,oct,171.000000,0.1430513437,test,754.000000,5000.000000,3,0.2794102269,0.0083655757,0.8492000000,3.3610200000,2.3423000000,supplychainpy sample complete_dataset_small.csv,https://github.com/KevinFasusi/supplychainpy,BSD-3-Clause-style upstream LICENSE
SKU011,11,nov,639.000000,0.5345602844,test,754.000000,5000.000000,3,0.2794102269,0.0083655757,0.8492000000,3.3610200000,2.3423000000,supplychainpy sample complete_dataset_small.csv,https://github.com/KevinFasusi/supplychainpy,BSD-3-Clause-style upstream LICENSE
SKU011,12,dec,2108.000000,1.7634633483,test,754.000000,5000.000000,3,0.2794102269,0.0083655757,0.8492000000,3.3610200000,2.3423000000,supplychainpy sample complete_dataset_small.csv,https://github.com/KevinFasusi/supplychainpy,BSD-3-Clause-style upstream LICENSE
SKU012,1,jan,1481.000000,1.0060287000,train,794.000000,7500.000000,3,2.3000000000,0.0067929014,0.8941333333,3.4441466667,2.3535333333,supplychainpy sample complete_dataset_small.csv,https://github.com/KevinFasusi/supplychainpy,BSD-3-Clause-style upstream LICENSE
SKU012,2,feb,905.000000,0.6147575783,train,794.000000,7500.000000,3,2.3000000000,0.0067929014,0.8941333333,3.4441466667,2.3535333333,supplychainpy sample complete_dataset_small.csv,https://github.com/KevinFasusi/supplychainpy,BSD-3-Clause-style upstream LICENSE
SKU012,3,mar,1067.000000,0.7248025813,train,794.000000,7500.000000,3,2.3000000000,0.0067929014,0.8941333333,3.4441466667,2.3535333333,supplychainpy sample complete_dataset_small.csv,https://github.com/KevinFasusi/supplychainpy,BSD-3-Clause-style upstream LICENSE
SKU012,4,apr,2513.000000,1.7070561263,train,794.000000,7500.000000,3,2.3000000000,0.0067929014,0.8941333333,3.4441466667,2.3535333333,supplychainpy sample complete_dataset_small.csv,https://github.com/KevinFasusi/supplychainpy,BSD-3-Clause-style upstream LICENSE
SKU012,5,may,861.000000,0.5848688121,train,794.000000,7500.000000,3,2.3000000000,0.0067929014,0.8941333333,3.4441466667,2.3535333333,supplychainpy sample complete_dataset_small.csv,https://github.com/KevinFasusi/supplychainpy,BSD-3-Clause-style upstream LICENSE
SKU012,6,jun,1670.000000,1.1344145368,train,794.000000,7500.000000,3,2.3000000000,0.0067929014,0.8941333333,3.4441466667,2.3535333333,supplychainpy sample complete_dataset_small.csv,https://github.com/KevinFasusi/supplychainpy,BSD-3-Clause-style upstream LICENSE
SKU012,7,jul,650.000000,0.4415385922,train,794.000000,7500.000000,3,2.3000000000,0.0067929014,0.8941333333,3.4441466667,2.3535333333,supplychainpy sample complete_dataset_small.csv,https://github.com/KevinFasusi/supplychainpy,BSD-3-Clause-style upstream LICENSE
SKU012,8,aug,2630.000000,1.7865330729,train,794.000000,7500.000000,3,2.3000000000,0.0067929014,0.8941333333,3.4441466667,2.3535333333,supplychainpy sample complete_dataset_small.csv,https://github.com/KevinFasusi/supplychainpy,BSD-3-Clause-style upstream LICENSE
SKU012,9,sep,1245.000000,0.8457162265,test,794.000000,7500.000000,3,2.3000000000,0.0067929014,0.8941333333,3.4441466667,2.3535333333,supplychainpy sample complete_dataset_small.csv,https://github.com/KevinFasusi/supplychainpy,BSD-3-Clause-style upstream LICENSE
SKU012,10,oct,997.000000,0.6772522714,test,794.000000,7500.000000,3,2.3000000000,0.0067929014,0.8941333333,3.4441466667,2.3535333333,supplychainpy sample complete_dataset_small.csv,https://github.com/KevinFasusi/supplychainpy,BSD-3-Clause-style upstream LICENSE
SKU012,11,nov,1936.000000,1.3151057145,test,794.000000,7500.000000,3,2.3000000000,0.0067929014,0.8941333333,3.4441466667,2.3535333333,supplychainpy sample complete_dataset_small.csv,https://github.com/KevinFasusi/supplychainpy,BSD-3-Clause-style upstream LICENSE
SKU012,12,dec,2780.000000,1.8884265942,test,794.000000,7500.000000,3,2.3000000000,0.0067929014,0.8941333333,3.4441466667,2.3535333333,supplychainpy sample complete_dataset_small.csv,https://github.com/KevinFasusi/supplychainpy,BSD-3-Clause-style upstream LICENSE
SKU013,1,jan,771.000000,0.4277689160,train,834.000000,4938.000000,2,2.3000000000,0.0055482350,0.8311057108,3.2475455650,2.4577764277,supplychainpy sample complete_dataset_small.csv,https://github.com/KevinFasusi/supplychainpy,BSD-3-Clause-style upstream LICENSE
SKU013,2,feb,2941.000000,1.6317359040,train,834.000000,4938.000000,2,2.3000000000,0.0055482350,0.8311057108,3.2475455650,2.4577764277,supplychainpy sample complete_dataset_small.csv,https://github.com/KevinFasusi/supplychainpy,BSD-3-Clause-style upstream LICENSE
SKU013,3,mar,1360.000000,0.7545599556,train,834.000000,4938.000000,2,2.3000000000,0.0055482350,0.8311057108,3.2475455650,2.4577764277,supplychainpy sample complete_dataset_small.csv,https://github.com/KevinFasusi/supplychainpy,BSD-3-Clause-style upstream LICENSE
SKU013,4,apr,2714.000000,1.5057909702,train,834.000000,4938.000000,2,2.3000000000,0.0055482350,0.8311057108,3.2475455650,2.4577764277,supplychainpy sample complete_dataset_small.csv,https://github.com/KevinFasusi/supplychainpy,BSD-3-Clause-style upstream LICENSE
SKU013,5,may,1801.000000,0.9992371177,train,834.000000,4938.000000,2,2.3000000000,0.0055482350,0.8311057108,3.2475455650,2.4577764277,supplychainpy sample complete_dataset_small.csv,https://github.com/KevinFasusi/supplychainpy,BSD-3-Clause-style upstream LICENSE
SKU013,6,jun,1744.000000,0.9676121784,train,834.000000,4938.000000,2,2.3000000000,0.0055482350,0.8311057108,3.2475455650,2.4577764277,supplychainpy sample complete_dataset_small.csv,https://github.com/KevinFasusi/supplychainpy,BSD-3-Clause-style upstream LICENSE
SKU013,7,jul,1428.000000,0.7922879534,train,834.000000,4938.000000,2,2.3000000000,0.0055482350,0.8311057108,3.2475455650,2.4577764277,supplychainpy sample complete_dataset_small.csv,https://github.com/KevinFasusi/supplychainpy,BSD-3-Clause-style upstream LICENSE
SKU013,8,aug,1660.000000,0.9210070046,train,834.000000,4938.000000,2,2.3000000000,0.0055482350,0.8311057108,3.2475455650,2.4577764277,supplychainpy sample complete_dataset_small.csv,https://github.com/KevinFasusi/supplychainpy,BSD-3-Clause-style upstream LICENSE
SKU013,9,sep,436.000000,0.2419030446,test,834.000000,4938.000000,2,2.3000000000,0.0055482350,0.8311057108,3.2475455650,2.4577764277,supplychainpy sample complete_dataset_small.csv,https://github.com/KevinFasusi/supplychainpy,BSD-3-Clause-style upstream LICENSE
SKU013,10,oct,578.000000,0.3206879811,test,834.000000,4938.000000,2,2.3000000000,0.0055482350,0.8311057108,3.2475455650,2.4577764277,supplychainpy sample complete_dataset_small.csv,https://github.com/KevinFasusi/supplychainpy,BSD-3-Clause-style upstream LICENSE
SKU013,11,nov,1956.000000,1.0852347597,test,834.000000,4938.000000,2,2.3000000000,0.0055482350,0.8311057108,3.2475455650,2.4577764277,supplychainpy sample complete_dataset_small.csv,https://github.com/KevinFasusi/supplychainpy,BSD-3-Clause-style upstream LICENSE
SKU013,12,dec,1101.000000,0.6108606699,test,834.000000,4938.000000,2,2.3000000000,0.0055482350,0.8311057108,3.2475455650,2.4577764277,supplychainpy sample complete_dataset_small.csv,https://github.com/KevinFasusi/supplychainpy,BSD-3-Clause-style upstream LICENSE
SKU014,1,jan,2349.000000,1.9654847819,train,874.000000,4922.000000,2,2.3000000000,0.0083673256,0.8224299065,3.2314953271,2.4556074766,supplychainpy sample complete_dataset_small.csv,https://github.com/KevinFasusi/supplychainpy,BSD-3-Clause-style upstream LICENSE
SKU014,2,feb,4.000000,0.0033469302,train,874.000000,4922.000000,2,2.3000000000,0.0083673256,0.8224299065,3.2314953271,2.4556074766,supplychainpy sample complete_dataset_small.csv,https://github.com/KevinFasusi/supplychainpy,BSD-3-Clause-style upstream LICENSE
SKU014,3,mar,345.000000,0.2886727330,train,874.000000,4922.000000,2,2.3000000000,0.0083673256,0.8224299065,3.2314953271,2.4556074766,supplychainpy sample complete_dataset_small.csv,https://github.com/KevinFasusi/supplychainpy,BSD-3-Clause-style upstream LICENSE
SKU014,4,apr,524.000000,0.4384478611,train,874.000000,4922.000000,2,2.3000000000,0.0083673256,0.8224299065,3.2314953271,2.4556074766,supplychainpy sample complete_dataset_small.csv,https://github.com/KevinFasusi/supplychainpy,BSD-3-Clause-style upstream LICENSE
SKU014,5,may,340.000000,0.2844890702,train,874.000000,4922.000000,2,2.3000000000,0.0083673256,0.8224299065,3.2314953271,2.4556074766,supplychainpy sample complete_dataset_small.csv,https://github.com/KevinFasusi/supplychainpy,BSD-3-Clause-style upstream LICENSE
SKU014,6,jun,2698.000000,2.2575044451,train,874.000000,4922.000000,2,2.3000000000,0.0083673256,0.8224299065,3.2314953271,2.4556074766,supplychainpy sample complete_dataset_small.csv,https://github.com/KevinFasusi/supplychainpy,BSD-3-Clause-style upstream LICENSE
SKU014,7,jul,2137.000000,1.7880974793,train,874.000000,4922.000000,2,2.3000000000,0.0083673256,0.8224299065,3.2314953271,2.4556074766,supplychainpy sample complete_dataset_small.csv,https://github.com/KevinFasusi/supplychainpy,BSD-3-Clause-style upstream LICENSE
SKU014,8,aug,1164.000000,0.9739566991,train,874.000000,4922.000000,2,2.3000000000,0.0083673256,0.8224299065,3.2314953271,2.4556074766,supplychainpy sample complete_dataset_small.csv,https://github.com/KevinFasusi/supplychainpy,BSD-3-Clause-style upstream LICENSE
SKU014,9,sep,498.000000,0.4166928146,test,874.000000,4922.000000,2,2.3000000000,0.0083673256,0.8224299065,3.2314953271,2.4556074766,supplychainpy sample complete_dataset_small.csv,https://github.com/KevinFasusi/supplychainpy,BSD-3-Clause-style upstream LICENSE
SKU014,10,oct,1583.000000,1.3245476415,test,874.000000,4922.000000,2,2.3000000000,0.0083673256,0.8224299065,3.2314953271,2.4556074766,supplychainpy sample complete_dataset_small.csv,https://github.com/KevinFasusi/supplychainpy,BSD-3-Clause-style upstream LICENSE
SKU014,11,nov,1241.000000,1.0383851062,test,874.000000,4922.000000,2,2.3000000000,0.0083673256,0.8224299065,3.2314953271,2.4556074766,supplychainpy sample complete_dataset_small.csv,https://github.com/KevinFasusi/supplychainpy,BSD-3-Clause-style upstream LICENSE
SKU014,12,dec,2965.000000,2.4809120385,test,874.000000,4922.000000,2,2.3000000000,0.0083673256,0.8224299065,3.2314953271,2.4556074766,supplychainpy sample complete_dataset_small.csv,https://github.com/KevinFasusi/supplychainpy,BSD-3-Clause-style upstream LICENSE
SKU015,1,jan,2045.000000,1.4250871080,train,914.000000,4894.000000,1,2.3000000000,0.0069686411,0.8132407029,3.1344953004,2.4533101757,supplychainpy sample complete_dataset_small.csv,https://github.com/KevinFasusi/supplychainpy,BSD-3-Clause-style upstream LICENSE
SKU015,2,feb,2055.000000,1.4320557491,train,914.000000,4894.000000,1,2.3000000000,0.0069686411,0.8132407029,3.1344953004,2.4533101757,supplychainpy sample complete_dataset_small.csv,https://github.com/KevinFasusi/supplychainpy,BSD-3-Clause-style upstream LICENSE
SKU015,3,mar,552.000000,0.3846689895,train,914.000000,4894.000000,1,2.3000000000,0.0069686411,0.8132407029,3.1344953004,2.4533101757,supplychainpy sample complete_dataset_small.csv,https://github.com/KevinFasusi/supplychainpy,BSD-3-Clause-style upstream LICENSE
SKU015,4,apr,81.000000,0.0564459930,train,914.000000,4894.000000,1,2.3000000000,0.0069686411,0.8132407029,3.1344953004,2.4533101757,supplychainpy sample complete_dataset_small.csv,https://github.com/KevinFasusi/supplychainpy,BSD-3-Clause-style upstream LICENSE
SKU015,5,may,2780.000000,1.9372822300,train,914.000000,4894.000000,1,2.3000000000,0.0069686411,0.8132407029,3.1344953004,2.4533101757,supplychainpy sample complete_dataset_small.csv,https://github.com/KevinFasusi/supplychainpy,BSD-3-Clause-style upstream LICENSE
SKU015,6,jun,176.000000,0.1226480836,train,914.000000,4894.000000,1,2.3000000000,0.0069686411,0.8132407029,3.1344953004,2.4533101757,supplychainpy sample complete_dataset_small.csv,https://github.com/KevinFasusi/supplychainpy,BSD-3-Clause-style upstream LICENSE
SKU015,7,jul,2316.000000,1.6139372822,train,914.000000,4894.000000,1,2.3000000000,0.0069686411,0.8132407029,3.1344953004,2.4533101757,supplychainpy sample complete_dataset_small.csv,https://github.com/KevinFasusi/supplychainpy,BSD-3-Clause-style upstream LICENSE
SKU015,8,aug,1475.000000,1.0278745645,train,914.000000,4894.000000,1,2.3000000000,0.0069686411,0.8132407029,3.1344953004,2.4533101757,supplychainpy sample complete_dataset_small.csv,https://github.com/KevinFasusi/supplychainpy,BSD-3-Clause-style upstream LICENSE
SKU015,9,sep,2566.000000,1.7881533101,test,914.000000,4894.000000,1,2.3000000000,0.0069686411,0.8132407029,3.1344953004,2.4533101757,supplychainpy sample complete_dataset_small.csv,https://github.com/KevinFasusi/supplychainpy,BSD-3-Clause-style upstream LICENSE
SKU015,10,oct,1678.000000,1.1693379791,test,914.000000,4894.000000,1,2.3000000000,0.0069686411,0.8132407029,3.1344953004,2.4533101757,supplychainpy sample complete_dataset_small.csv,https://github.com/KevinFasusi/supplychainpy,BSD-3-Clause-style upstream LICENSE
SKU015,11,nov,1553.000000,1.0822299652,test,914.000000,4894.000000,1,2.3000000000,0.0069686411,0.8132407029,3.1344953004,2.4533101757,supplychainpy sample complete_dataset_small.csv,https://github.com/KevinFasusi/supplychainpy,BSD-3-Clause-style upstream LICENSE
SKU015,12,dec,2745.000000,1.9128919861,test,914.000000,4894.000000,1,2.3000000000,0.0069686411,0.8132407029,3.1344953004,2.4533101757,supplychainpy sample complete_dataset_small.csv,https://github.com/KevinFasusi/supplychainpy,BSD-3-Clause-style upstream LICENSE
SKU016,1,jan,2482.000000,1.4306506232,train,954.000000,2942.000000,2,0.0190215433,0.0057641040,0.6757307954,2.9601019714,2.4189326988,supplychainpy sample complete_dataset_small.csv,https://github.com/KevinFasusi/supplychainpy,BSD-3-Clause-style upstream LICENSE
SKU016,2,feb,1887.000000,1.0876864327,train,954.000000,2942.000000,2,0.0190215433,0.0057641040,0.6757307954,2.9601019714,2.4189326988,supplychainpy sample complete_dataset_small.csv,https://github.com/KevinFasusi/supplychainpy,BSD-3-Clause-style upstream LICENSE
SKU016,3,mar,1911.000000,1.1015202824,train,954.000000,2942.000000,2,0.0190215433,0.0057641040,0.6757307954,2.9601019714,2.4189326988,supplychainpy sample complete_dataset_small.csv,https://github.com/KevinFasusi/supplychainpy,BSD-3-Clause-style upstream LICENSE
SKU016,4,apr,1446.000000,0.8334894445,train,954.000000,2942.000000,2,0.0190215433,0.0057641040,0.6757307954,2.9601019714,2.4189326988,supplychainpy sample complete_dataset_small.csv,https://github.com/KevinFasusi/supplychainpy,BSD-3-Clause-style upstream LICENSE
SKU016,5,may,2939.000000,1.6940701780,train,954.000000,2942.000000,2,0.0190215433,0.0057641040,0.6757307954,2.9601019714,2.4189326988,supplychainpy sample complete_dataset_small.csv,https://github.com/KevinFasusi/supplychainpy,BSD-3-Clause-style upstream LICENSE
SKU016,6,jun,1241.000000,0.7153253116,train,954.000000,2942.000000,2,0.0190215433,0.0057641040,0.6757307954,2.9601019714,2.4189326988,supplychainpy sample complete_dataset_small.csv,https://github.com/KevinFasusi/supplychainpy,BSD-3-Clause-style upstream LICENSE
SKU016,7,jul,1281.000000,0.7383817278,train,954.000000,2942.000000,2,0.0190215433,0.0057641040,0.6757307954,2.9601019714,2.4189326988,supplychainpy sample complete_dataset_small.csv,https://github.com/KevinFasusi/supplychainpy,BSD-3-Clause-style upstream LICENSE
SKU016,8,aug,692.000000,0.3988759997,train,954.000000,2942.000000,2,0.0190215433,0.0057641040,0.6757307954,2.9601019714,2.4189326988,supplychainpy sample complete_dataset_small.csv,https://github.com/KevinFasusi/supplychainpy,BSD-3-Clause-style upstream LICENSE
SKU016,9,sep,119.000000,0.0685928381,test,954.000000,2942.000000,2,0.0190215433,0.0057641040,0.6757307954,2.9601019714,2.4189326988,supplychainpy sample complete_dataset_small.csv,https://github.com/KevinFasusi/supplychainpy,BSD-3-Clause-style upstream LICENSE
SKU016,10,oct,627.000000,0.3614093234,test,954.000000,2942.000000,2,0.0190215433,0.0057641040,0.6757307954,2.9601019714,2.4189326988,supplychainpy sample complete_dataset_small.csv,https://github.com/KevinFasusi/supplychainpy,BSD-3-Clause-style upstream LICENSE
SKU016,11,nov,1941.000000,1.1188125946,test,954.000000,2942.000000,2,0.0190215433,0.0057641040,0.6757307954,2.9601019714,2.4189326988,supplychainpy sample complete_dataset_small.csv,https://github.com/KevinFasusi/supplychainpy,BSD-3-Clause-style upstream LICENSE
SKU016,12,dec,1383.000000,0.7971755890,test,954.000000,2942.000000,2,0.0190215433,0.0057641040,0.6757307954,2.9601019714,2.4189326988,supplychainpy sample complete_dataset_small.csv,https://github.com/KevinFasusi/supplychainpy,BSD-3-Clause-style upstream LICENSE
SKU017,1,jan,2744.000000,1.3122123259,train,994.000000,8999.000000,6,0.9564229781,0.0047821149,0.8895432826,3.6756550728,1.9923858206,supplychainpy sample complete_dataset_small.csv,https://github.com/KevinFasusi/supplychainpy,BSD-3-Clause-style upstream LICENSE
SKU017,2,feb,2770.000000,1.3246458246,train,994.000000,8999.000000,6,0.9564229781,0.0047821149,0.8895432826,3.6756550728,1.9923858206,supplychainpy sample complete_dataset_small.csv,https://github.com/KevinFasusi/supplychainpy,BSD-3-Clause-style upstream LICENSE
SKU017,3,mar,2697.000000,1.2897363859,train,994.000000,8999.000000,6,0.9564229781,0.0047821149,0.8895432826,3.6756550728,1.9923858206,supplychainpy sample complete_dataset_small.csv,https://github.com/KevinFasusi/supplychainpy,BSD-3-Clause-style upstream LICENSE
SKU017,4,apr,1726.000000,0.8253930301,train,994.000000,8999.000000,6,0.9564229781,0.0047821149,0.8895432826,3.6756550728,1.9923858206,supplychainpy sample complete_dataset_small.csv,https://github.com/KevinFasusi/supplychainpy,BSD-3-Clause-style upstream LICENSE
SKU017,5,may,1776.000000,0.8493036045,train,994.000000,8999.000000,6,0.9564229781,0.0047821149,0.8895432826,3.6756550728,1.9923858206,supplychainpy sample complete_dataset_small.csv,https://github.com/KevinFasusi/supplychainpy,BSD-3-Clause-style upstream LICENSE
SKU017,6,jun,2264.000000,1.0826708112,train,994.000000,8999.000000,6,0.9564229781,0.0047821149,0.8895432826,3.6756550728,1.9923858206,supplychainpy sample complete_dataset_small.csv,https://github.com/KevinFasusi/supplychainpy,BSD-3-Clause-style upstream LICENSE
SKU017,7,jul,332.000000,0.1587662144,train,994.000000,8999.000000,6,0.9564229781,0.0047821149,0.8895432826,3.6756550728,1.9923858206,supplychainpy sample complete_dataset_small.csv,https://github.com/KevinFasusi/supplychainpy,BSD-3-Clause-style upstream LICENSE
SKU017,8,aug,2420.000000,1.1572718035,train,994.000000,8999.000000,6,0.9564229781,0.0047821149,0.8895432826,3.6756550728,1.9923858206,supplychainpy sample complete_dataset_small.csv,https://github.com/KevinFasusi/supplychainpy,BSD-3-Clause-style upstream LICENSE
SKU017,9,sep,2722.000000,1.3016916731,test,994.000000,8999.000000,6,0.9564229781,0.0047821149,0.8895432826,3.6756550728,1.9923858206,supplychainpy sample complete_dataset_small.csv,https://github.com/KevinFasusi/supplychainpy,BSD-3-Clause-style upstream LICENSE
SKU017,10,oct,1161.000000,0.5552035388,test,994.000000,8999.000000,6,0.9564229781,0.0047821149,0.8895432826,3.6756550728,1.9923858206,supplychainpy sample complete_dataset_small.csv,https://github.com/KevinFasusi/supplychainpy,BSD-3-Clause-style upstream LICENSE
SKU017,11,nov,1986.000000,0.9497280172,test,994.000000,8999.000000,6,0.9564229781,0.0047821149,0.8895432826,3.6756550728,1.9923858206,supplychainpy sample complete_dataset_small.csv,https://github.com/KevinFasusi/supplychainpy,BSD-3-Clause-style upstream LICENSE
SKU017,12,dec,2587.000000,1.2371331221,test,994.000000,8999.000000,6,0.9564229781,0.0047821149,0.8895432826,3.6756550728,1.9923858206,supplychainpy sample complete_dataset_small.csv,https://github.com/KevinFasusi/supplychainpy,BSD-3-Clause-style upstream LICENSE
SKU018,1,jan,2509.000000,1.9485486846,train,1034.000000,4342.000000,3,2.3000000000,0.0077662363,0.7618608936,3.1994426532,2.3204652234,supplychainpy sample complete_dataset_small.csv,https://github.com/KevinFasusi/supplychainpy,BSD-3-Clause-style upstream LICENSE
SKU018,2,feb,914.000000,0.7098339967,train,1034.000000,4342.000000,3,2.3000000000,0.0077662363,0.7618608936,3.1994426532,2.3204652234,supplychainpy sample complete_dataset_small.csv,https://github.com/KevinFasusi/supplychainpy,BSD-3-Clause-style upstream LICENSE
SKU018,3,mar,903.000000,0.7012911368,train,1034.000000,4342.000000,3,2.3000000000,0.0077662363,0.7618608936,3.1994426532,2.3204652234,supplychainpy sample complete_dataset_small.csv,https://github.com/KevinFasusi/supplychainpy,BSD-3-Clause-style upstream LICENSE
SKU018,4,apr,877.000000,0.6810989224,train,1034.000000,4342.000000,3,2.3000000000,0.0077662363,0.7618608936,3.1994426532,2.3204652234,supplychainpy sample complete_dataset_small.csv,https://github.com/KevinFasusi/supplychainpy,BSD-3-Clause-style upstream LICENSE
SKU018,5,may,1859.000000,1.4437433259,train,1034.000000,4342.000000,3,2.3000000000,0.0077662363,0.7618608936,3.1994426532,2.3204652234,supplychainpy sample complete_dataset_small.csv,https://github.com/KevinFasusi/supplychainpy,BSD-3-Clause-style upstream LICENSE
SKU018,6,jun,2263.000000,1.7574992719,train,1034.000000,4342.000000,3,2.3000000000,0.0077662363,0.7618608936,3.1994426532,2.3204652234,supplychainpy sample complete_dataset_small.csv,https://github.com/KevinFasusi/supplychainpy,BSD-3-Clause-style upstream LICENSE
SKU018,7,jul,383.000000,0.2974468498,train,1034.000000,4342.000000,3,2.3000000000,0.0077662363,0.7618608936,3.1994426532,2.3204652234,supplychainpy sample complete_dataset_small.csv,https://github.com/KevinFasusi/supplychainpy,BSD-3-Clause-style upstream LICENSE
SKU018,8,aug,593.000000,0.4605378119,train,1034.000000,4342.000000,3,2.3000000000,0.0077662363,0.7618608936,3.1994426532,2.3204652234,supplychainpy sample complete_dataset_small.csv,https://github.com/KevinFasusi/supplychainpy,BSD-3-Clause-style upstream LICENSE
SKU018,9,sep,236.000000,0.1832831764,test,1034.000000,4342.000000,3,2.3000000000,0.0077662363,0.7618608936,3.1994426532,2.3204652234,supplychainpy sample complete_dataset_small.csv,https://github.com/KevinFasusi/supplychainpy,BSD-3-Clause-style upstream LICENSE
SKU018,10,oct,189.000000,0.1467818658,test,1034.000000,4342.000000,3,2.3000000000,0.0077662363,0.7618608936,3.1994426532,2.3204652234,supplychainpy sample complete_dataset_small.csv,https://github.com/KevinFasusi/supplychainpy,BSD-3-Clause-style upstream LICENSE
SKU018,11,nov,920.000000,0.7144937385,test,1034.000000,4342.000000,3,2.3000000000,0.0077662363,0.7618608936,3.1994426532,2.3204652234,supplychainpy sample complete_dataset_small.csv,https://github.com/KevinFasusi/supplychainpy,BSD-3-Clause-style upstream LICENSE
SKU018,12,dec,1686.000000,1.3093874381,test,1034.000000,4342.000000,3,2.3000000000,0.0077662363,0.7618608936,3.1994426532,2.3204652234,supplychainpy sample complete_dataset_small.csv,https://github.com/KevinFasusi/supplychainpy,BSD-3-Clause-style upstream LICENSE
SKU019,1,jan,368.000000,0.1853904282,train,1074.000000,4920.000000,3,0.2463476071,0.0050377834,0.7817073171,3.2361585366,2.3254268293,supplychainpy sample complete_dataset_small.csv,https://github.com/KevinFasusi/supplychainpy,BSD-3-Clause-style upstream LICENSE
SKU019,2,feb,2502.000000,1.2604534005,train,1074.000000,4920.000000,3,0.2463476071,0.0050377834,0.7817073171,3.2361585366,2.3254268293,supplychainpy sample complete_dataset_small.csv,https://github.com/KevinFasusi/supplychainpy,BSD-3-Clause-style upstream LICENSE
SKU019,3,mar,2955.000000,1.4886649874,train,1074.000000,4920.000000,3,0.2463476071,0.0050377834,0.7817073171,3.2361585366,2.3254268293,supplychainpy sample complete_dataset_small.csv,https://github.com/KevinFasusi/supplychainpy,BSD-3-Clause-style upstream LICENSE
SKU019,4,apr,2994.000000,1.5083123426,train,1074.000000,4920.000000,3,0.2463476071,0.0050377834,0.7817073171,3.2361585366,2.3254268293,supplychainpy sample complete_dataset_small.csv,https://github.com/KevinFasusi/supplychainpy,BSD-3-Clause-style upstream LICENSE
SKU019,5,may,1270.000000,0.6397984887,train,1074.000000,4920.000000,3,0.2463476071,0.0050377834,0.7817073171,3.2361585366,2.3254268293,supplychainpy sample complete_dataset_small.csv,https://github.com/KevinFasusi/supplychainpy,BSD-3-Clause-style upstream LICENSE
SKU019,6,jun,2884.000000,1.4528967254,train,1074.000000,4920.000000,3,0.2463476071,0.0050377834,0.7817073171,3.2361585366,2.3254268293,supplychainpy sample complete_dataset_small.csv,https://github.com/KevinFasusi/supplychainpy,BSD-3-Clause-style upstream LICENSE
SKU019,7,jul,2208.000000,1.1123425693,train,1074.000000,4920.000000,3,0.2463476071,0.0050377834,0.7817073171,3.2361585366,2.3254268293,supplychainpy sample complete_dataset_small.csv,https://github.com/KevinFasusi/supplychainpy,BSD-3-Clause-style upstream LICENSE
SKU019,8,aug,699.000000,0.3521410579,train,1074.000000,4920.000000,3,0.2463476071,0.0050377834,0.7817073171,3.2361585366,2.3254268293,supplychainpy sample complete_dataset_small.csv,https://github.com/KevinFasusi/supplychainpy,BSD-3-Clause-style upstream LICENSE
SKU019,9,sep,854.000000,0.4302267003,test,1074.000000,4920.000000,3,0.2463476071,0.0050377834,0.7817073171,3.2361585366,2.3254268293,supplychainpy sample complete_dataset_small.csv,https://github.com/KevinFasusi/supplychainpy,BSD-3-Clause-style upstream LICENSE
SKU019,10,oct,877.000000,0.4418136020,test,1074.000000,4920.000000,3,0.2463476071,0.0050377834,0.7817073171,3.2361585366,2.3254268293,supplychainpy sample complete_dataset_small.csv,https://github.com/KevinFasusi/supplychainpy,BSD-3-Clause-style upstream LICENSE
SKU019,11,nov,2320.000000,1.1687657431,test,1074.000000,4920.000000,3,0.2463476071,0.0050377834,0.7817073171,3.2361585366,2.3254268293,supplychainpy sample complete_dataset_small.csv,https://github.com/KevinFasusi/supplychainpy,BSD-3-Clause-style upstream LICENSE
SKU019,12,dec,160.000000,0.0806045340,test,1074.000000,4920.000000,3,0.2463476071,0.0050377834,0.7817073171,3.2361585366,2.3254268293,supplychainpy sample complete_dataset_small.csv,https://github.com/KevinFasusi/supplychainpy,BSD-3-Clause-style upstream LICENSE
SKU020,1,jan,1468.000000,0.8780560748,train,1114.000000,15000.000000,2,2.3000000000,0.0059813084,0.9257333333,3.4226066667,2.4814333333,supplychainpy sample complete_dataset_small.csv,https://github.com/KevinFasusi/supplychainpy,BSD-3-Clause-style upstream LICENSE
SKU020,2,feb,1109.000000,0.6633271028,train,1114.000000,15000.000000,2,2.3000000000,0.0059813084,0.9257333333,3.4226066667,2.4814333333,supplychainpy sample complete_dataset_small.csv,https://github.com/KevinFasusi/supplychainpy,BSD-3-Clause-style upstream LICENSE
SKU020,3,mar,2464.000000,1.4737943925,train,1114.000000,15000.000000,2,2.3000000000,0.0059813084,0.9257333333,3.4226066667,2.4814333333,supplychainpy sample complete_dataset_small.csv,https://github.com/KevinFasusi/supplychainpy,BSD-3-Clause-style upstream LICENSE
SKU020,4,apr,2799.000000,1.6741682243,train,1114.000000,15000.000000,2,2.3000000000,0.0059813084,0.9257333333,3.4226066667,2.4814333333,supplychainpy sample complete_dataset_small.csv,https://github.com/KevinFasusi/supplychainpy,BSD-3-Clause-style upstream LICENSE
SKU020,5,may,948.000000,0.5670280374,train,1114.000000,15000.000000,2,2.3000000000,0.0059813084,0.9257333333,3.4226066667,2.4814333333,supplychainpy sample complete_dataset_small.csv,https://github.com/KevinFasusi/supplychainpy,BSD-3-Clause-style upstream LICENSE
SKU020,6,jun,589.000000,0.3522990654,train,1114.000000,15000.000000,2,2.3000000000,0.0059813084,0.9257333333,3.4226066667,2.4814333333,supplychainpy sample complete_dataset_small.csv,https://github.com/KevinFasusi/supplychainpy,BSD-3-Clause-style upstream LICENSE
SKU020,7,jul,2858.000000,1.7094579439,train,1114.000000,15000.000000,2,2.3000000000,0.0059813084,0.9257333333,3.4226066667,2.4814333333,supplychainpy sample complete_dataset_small.csv,https://github.com/KevinFasusi/supplychainpy,BSD-3-Clause-style upstream LICENSE
SKU020,8,aug,1140.000000,0.6818691589,train,1114.000000,15000.000000,2,2.3000000000,0.0059813084,0.9257333333,3.4226066667,2.4814333333,supplychainpy sample complete_dataset_small.csv,https://github.com/KevinFasusi/supplychainpy,BSD-3-Clause-style upstream LICENSE
SKU020,9,sep,501.000000,0.2996635514,test,1114.000000,15000.000000,2,2.3000000000,0.0059813084,0.9257333333,3.4226066667,2.4814333333,supplychainpy sample complete_dataset_small.csv,https://github.com/KevinFasusi/supplychainpy,BSD-3-Clause-style upstream LICENSE
SKU020,10,oct,2691.000000,1.6095700935,test,1114.000000,15000.000000,2,2.3000000000,0.0059813084,0.9257333333,3.4226066667,2.4814333333,supplychainpy sample complete_dataset_small.csv,https://github.com/KevinFasusi/supplychainpy,BSD-3-Clause-style upstream LICENSE
SKU020,11,nov,93.000000,0.0556261682,test,1114.000000,15000.000000,2,2.3000000000,0.0059813084,0.9257333333,3.4226066667,2.4814333333,supplychainpy sample complete_dataset_small.csv,https://github.com/KevinFasusi/supplychainpy,BSD-3-Clause-style upstream LICENSE
SKU020,12,dec,1060.000000,0.6340186916,test,1114.000000,15000.000000,2,2.3000000000,0.0059813084,0.9257333333,3.4226066667,2.4814333333,supplychainpy sample complete_dataset_small.csv,https://github.com/KevinFasusi/supplychainpy,BSD-3-Clause-style upstream LICENSE
SKU021,1,jan,2114.000000,1.7003820631,train,1154.000000,13000.000000,2,2.3000000000,0.0080434345,0.9112307692,3.3957769231,2.4778076923,supplychainpy sample complete_dataset_small.csv,https://github.com/KevinFasusi/supplychainpy,BSD-3-Clause-style upstream LICENSE
SKU021,2,feb,198.000000,0.1592600040,train,1154.000000,13000.000000,2,2.3000000000,0.0080434345,0.9112307692,3.3957769231,2.4778076923,supplychainpy sample complete_dataset_small.csv,https://github.com/KevinFasusi/supplychainpy,BSD-3-Clause-style upstream LICENSE
SKU021,3,mar,1479.000000,1.1896239694,train,1154.000000,13000.000000,2,2.3000000000,0.0080434345,0.9112307692,3.3957769231,2.4778076923,supplychainpy sample complete_dataset_small.csv,https://github.com/KevinFasusi/supplychainpy,BSD-3-Clause-style upstream LICENSE
SKU021,4,apr,1249.000000,1.0046249749,train,1154.000000,13000.000000,2,2.3000000000,0.0080434345,0.9112307692,3.3957769231,2.4778076923,supplychainpy sample complete_dataset_small.csv,https://github.com/KevinFasusi/supplychainpy,BSD-3-Clause-style upstream LICENSE
SKU021,5,may,1475.000000,1.1864065956,train,1154.000000,13000.000000,2,2.3000000000,0.0080434345,0.9112307692,3.3957769231,2.4778076923,supplychainpy sample complete_dataset_small.csv,https://github.com/KevinFasusi/supplychainpy,BSD-3-Clause-style upstream LICENSE
SKU021,6,jun,744.000000,0.5984315303,train,1154.000000,13000.000000,2,2.3000000000,0.0080434345,0.9112307692,3.3957769231,2.4778076923,supplychainpy sample complete_dataset_small.csv,https://github.com/KevinFasusi/supplychainpy,BSD-3-Clause-style upstream LICENSE
SKU021,7,jul,407.000000,0.3273677860,train,1154.000000,13000.000000,2,2.3000000000,0.0080434345,0.9112307692,3.3957769231,2.4778076923,supplychainpy sample complete_dataset_small.csv,https://github.com/KevinFasusi/supplychainpy,BSD-3-Clause-style upstream LICENSE
SKU021,8,aug,2280.000000,1.8339030766,train,1154.000000,13000.000000,2,2.3000000000,0.0080434345,0.9112307692,3.3957769231,2.4778076923,supplychainpy sample complete_dataset_small.csv,https://github.com/KevinFasusi/supplychainpy,BSD-3-Clause-style upstream LICENSE
SKU021,9,sep,226.000000,0.1817816208,test,1154.000000,13000.000000,2,2.3000000000,0.0080434345,0.9112307692,3.3957769231,2.4778076923,supplychainpy sample complete_dataset_small.csv,https://github.com/KevinFasusi/supplychainpy,BSD-3-Clause-style upstream LICENSE
SKU021,10,oct,2285.000000,1.8379247939,test,1154.000000,13000.000000,2,2.3000000000,0.0080434345,0.9112307692,3.3957769231,2.4778076923,supplychainpy sample complete_dataset_small.csv,https://github.com/KevinFasusi/supplychainpy,BSD-3-Clause-style upstream LICENSE
SKU021,11,nov,796.000000,0.6402573899,test,1154.000000,13000.000000,2,2.3000000000,0.0080434345,0.9112307692,3.3957769231,2.4778076923,supplychainpy sample complete_dataset_small.csv,https://github.com/KevinFasusi/supplychainpy,BSD-3-Clause-style upstream LICENSE
SKU021,12,dec,1948.000000,1.5668610497,test,1154.000000,13000.000000,2,2.3000000000,0.0080434345,0.9112307692,3.3957769231,2.4778076923,supplychainpy sample complete_dataset_small.csv,https://github.com/KevinFasusi/supplychainpy,BSD-3-Clause-style upstream LICENSE
SKU022,1,jan,1023.000000,0.6451206054,train,1194.000000,10000.000000,2,0.2200851332,0.0063061643,0.8806000000,3.3391100000,2.4701500000,supplychainpy sample complete_dataset_small.csv,https://github.com/KevinFasusi/supplychainpy,BSD-3-Clause-style upstream LICENSE
SKU022,2,feb,1150.000000,0.7252088917,train,1194.000000,10000.000000,2,0.2200851332,0.0063061643,0.8806000000,3.3391100000,2.4701500000,supplychainpy sample complete_dataset_small.csv,https://github.com/KevinFasusi/supplychainpy,BSD-3-Clause-style upstream LICENSE
SKU022,3,mar,1672.000000,1.0543906669,train,1194.000000,10000.000000,2,0.2200851332,0.0063061643,0.8806000000,3.3391100000,2.4701500000,supplychainpy sample complete_dataset_small.csv,https://github.com/KevinFasusi/supplychainpy,BSD-3-Clause-style upstream LICENSE
SKU022,4,apr,2026.000000,1.2776288822,train,1194.000000,10000.000000,2,0.2200851332,0.0063061643,0.8806000000,3.3391100000,2.4701500000,supplychainpy sample complete_dataset_small.csv,https://github.com/KevinFasusi/supplychainpy,BSD-3-Clause-style upstream LICENSE
SKU022,5,may,1590.000000,1.0026801198,train,1194.000000,10000.000000,2,0.2200851332,0.0063061643,0.8806000000,3.3391100000,2.4701500000,supplychainpy sample complete_dataset_small.csv,https://github.com/KevinFasusi/supplychainpy,BSD-3-Clause-style upstream LICENSE
SKU022,6,jun,441.000000,0.2781018446,train,1194.000000,10000.000000,2,0.2200851332,0.0063061643,0.8806000000,3.3391100000,2.4701500000,supplychainpy sample complete_dataset_small.csv,https://github.com/KevinFasusi/supplychainpy,BSD-3-Clause-style upstream LICENSE
SKU022,7,jul,2484.000000,1.5664512061,train,1194.000000,10000.000000,2,0.2200851332,0.0063061643,0.8806000000,3.3391100000,2.4701500000,supplychainpy sample complete_dataset_small.csv,https://github.com/KevinFasusi/supplychainpy,BSD-3-Clause-style upstream LICENSE
SKU022,8,aug,2300.000000,1.4504177834,train,1194.000000,10000.000000,2,0.2200851332,0.0063061643,0.8806000000,3.3391100000,2.4701500000,supplychainpy sample complete_dataset_small.csv,https://github.com/KevinFasusi/supplychainpy,BSD-3-Clause-style upstream LICENSE
SKU022,9,sep,2928.000000,1.8464448999,test,1194.000000,10000.000000,2,0.2200851332,0.0063061643,0.8806000000,3.3391100000,2.4701500000,supplychainpy sample complete_dataset_small.csv,https://github.com/KevinFasusi/supplychainpy,BSD-3-Clause-style upstream LICENSE
SKU022,10,oct,1082.000000,0.6823269746,test,1194.000000,10000.000000,2,0.2200851332,0.0063061643,0.8806000000,3.3391100000,2.4701500000,supplychainpy sample complete_dataset_small.csv,https://github.com/KevinFasusi/supplychainpy,BSD-3-Clause-style upstream LICENSE
SKU022,11,nov,2064.000000,1.3015923065,test,1194.000000,10000.000000,2,0.2200851332,0.0063061643,0.8806000000,3.3391100000,2.4701500000,supplychainpy sample complete_dataset_small.csv,https://github.com/KevinFasusi/supplychainpy,BSD-3-Clause-style upstream LICENSE
SKU022,12,dec,2412.000000,1.5210468233,test,1194.000000,10000.000000,2,0.2200851332,0.0063061643,0.8806000000,3.3391100000,2.4701500000,supplychainpy sample complete_dataset_small.csv,https://github.com/KevinFasusi/supplychainpy,BSD-3-Clause-style upstream LICENSE
SKU023,1,jan,482.000000,0.3138787139,train,1234.000000,9999.000000,4,2.2362230362,0.0065120065,0.8765876588,3.4916871687,2.2291469147,supplychainpy sample complete_dataset_small.csv,https://github.com/KevinFasusi/supplychainpy,BSD-3-Clause-style upstream LICENSE
SKU023,2,feb,546.000000,0.3555555556,train,1234.000000,9999.000000,4,2.2362230362,0.0065120065,0.8765876588,3.4916871687,2.2291469147,supplychainpy sample complete_dataset_small.csv,https://github.com/KevinFasusi/supplychainpy,BSD-3-Clause-style upstream LICENSE
SKU023,3,mar,299.000000,0.1947089947,train,1234.000000,9999.000000,4,2.2362230362,0.0065120065,0.8765876588,3.4916871687,2.2291469147,supplychainpy sample complete_dataset_small.csv,https://github.com/KevinFasusi/supplychainpy,BSD-3-Clause-style upstream LICENSE
SKU023,4,apr,2304.000000,1.5003663004,train,1234.000000,9999.000000,4,2.2362230362,0.0065120065,0.8765876588,3.4916871687,2.2291469147,supplychainpy sample complete_dataset_small.csv,https://github.com/KevinFasusi/supplychainpy,BSD-3-Clause-style upstream LICENSE
SKU023,5,may,2953.000000,1.9229955230,train,1234.000000,9999.000000,4,2.2362230362,0.0065120065,0.8765876588,3.4916871687,2.2291469147,supplychainpy sample complete_dataset_small.csv,https://github.com/KevinFasusi/supplychainpy,BSD-3-Clause-style upstream LICENSE
SKU023,6,jun,1029.000000,0.6700854701,train,1234.000000,9999.000000,4,2.2362230362,0.0065120065,0.8765876588,3.4916871687,2.2291469147,supplychainpy sample complete_dataset_small.csv,https://github.com/KevinFasusi/supplychainpy,BSD-3-Clause-style upstream LICENSE
SKU023,7,jul,1863.000000,1.2131868132,train,1234.000000,9999.000000,4,2.2362230362,0.0065120065,0.8765876588,3.4916871687,2.2291469147,supplychainpy sample complete_dataset_small.csv,https://github.com/KevinFasusi/supplychainpy,BSD-3-Clause-style upstream LICENSE
SKU023,8,aug,2809.000000,1.8292226292,train,1234.000000,9999.000000,4,2.2362230362,0.0065120065,0.8765876588,3.4916871687,2.2291469147,supplychainpy sample complete_dataset_small.csv,https://github.com/KevinFasusi/supplychainpy,BSD-3-Clause-style upstream LICENSE
SKU023,9,sep,454.000000,0.2956450956,test,1234.000000,9999.000000,4,2.2362230362,0.0065120065,0.8765876588,3.4916871687,2.2291469147,supplychainpy sample complete_dataset_small.csv,https://github.com/KevinFasusi/supplychainpy,BSD-3-Clause-style upstream LICENSE
SKU023,10,oct,927.000000,0.6036630037,test,1234.000000,9999.000000,4,2.2362230362,0.0065120065,0.8765876588,3.4916871687,2.2291469147,supplychainpy sample complete_dataset_small.csv,https://github.com/KevinFasusi/supplychainpy,BSD-3-Clause-style upstream LICENSE
SKU023,11,nov,2488.000000,1.6201872202,test,1234.000000,9999.000000,4,2.2362230362,0.0065120065,0.8765876588,3.4916871687,2.2291469147,supplychainpy sample complete_dataset_small.csv,https://github.com/KevinFasusi/supplychainpy,BSD-3-Clause-style upstream LICENSE
SKU023,12,dec,2341.000000,1.5244607245,test,1234.000000,9999.000000,4,2.2362230362,0.0065120065,0.8765876588,3.4916871687,2.2291469147,supplychainpy sample complete_dataset_small.csv,https://github.com/KevinFasusi/supplychainpy,BSD-3-Clause-style upstream LICENSE
SKU024,1,jan,614.000000,0.3256214783,train,1274.000000,7500.000000,2,0.1240967849,0.0053032814,0.8301333333,3.2457466667,2.4575333333,supplychainpy sample complete_dataset_small.csv,https://github.com/KevinFasusi/supplychainpy,BSD-3-Clause-style upstream LICENSE
SKU024,2,feb,2138.000000,1.1338415645,train,1274.000000,7500.000000,2,0.1240967849,0.0053032814,0.8301333333,3.2457466667,2.4575333333,supplychainpy sample complete_dataset_small.csv,https://github.com/KevinFasusi/supplychainpy,BSD-3-Clause-style upstream LICENSE
SKU024,3,mar,962.000000,0.5101756712,train,1274.000000,7500.000000,2,0.1240967849,0.0053032814,0.8301333333,3.2457466667,2.4575333333,supplychainpy sample complete_dataset_small.csv,https://github.com/KevinFasusi/supplychainpy,BSD-3-Clause-style upstream LICENSE
SKU024,4,apr,2017.000000,1.0696718595,train,1274.000000,7500.000000,2,0.1240967849,0.0053032814,0.8301333333,3.2457466667,2.4575333333,supplychainpy sample complete_dataset_small.csv,https://github.com/KevinFasusi/supplychainpy,BSD-3-Clause-style upstream LICENSE
SKU024,5,may,2398.000000,1.2717268810,train,1274.000000,7500.000000,2,0.1240967849,0.0053032814,0.8301333333,3.2457466667,2.4575333333,supplychainpy sample complete_dataset_small.csv,https://github.com/KevinFasusi/supplychainpy,BSD-3-Clause-style upstream LICENSE
SKU024,6,jun,2963.000000,1.5713622804,train,1274.000000,7500.000000,2,0.1240967849,0.0053032814,0.8301333333,3.2457466667,2.4575333333,supplychainpy sample complete_dataset_small.csv,https://github.com/KevinFasusi/supplychainpy,BSD-3-Clause-style upstream LICENSE
SKU024,7,jul,2189.000000,1.1608882996,train,1274.000000,7500.000000,2,0.1240967849,0.0053032814,0.8301333333,3.2457466667,2.4575333333,supplychainpy sample complete_dataset_small.csv,https://github.com/KevinFasusi/supplychainpy,BSD-3-Clause-style upstream LICENSE
SKU024,8,aug,1804.000000,0.9567119655,train,1274.000000,7500.000000,2,0.1240967849,0.0053032814,0.8301333333,3.2457466667,2.4575333333,supplychainpy sample complete_dataset_small.csv,https://github.com/KevinFasusi/supplychainpy,BSD-3-Clause-style upstream LICENSE
SKU024,9,sep,414.000000,0.2195558502,test,1274.000000,7500.000000,2,0.1240967849,0.0053032814,0.8301333333,3.2457466667,2.4575333333,supplychainpy sample complete_dataset_small.csv,https://github.com/KevinFasusi/supplychainpy,BSD-3-Clause-style upstream LICENSE
SKU024,10,oct,2016.000000,1.0691415313,test,1274.000000,7500.000000,2,0.1240967849,0.0053032814,0.8301333333,3.2457466667,2.4575333333,supplychainpy sample complete_dataset_small.csv,https://github.com/KevinFasusi/supplychainpy,BSD-3-Clause-style upstream LICENSE
SKU024,11,nov,1350.000000,0.7159429897,test,1274.000000,7500.000000,2,0.1240967849,0.0053032814,0.8301333333,3.2457466667,2.4575333333,supplychainpy sample complete_dataset_small.csv,https://github.com/KevinFasusi/supplychainpy,BSD-3-Clause-style upstream LICENSE
SKU024,12,dec,2464.000000,1.3067285383,test,1274.000000,7500.000000,2,0.1240967849,0.0053032814,0.8301333333,3.2457466667,2.4575333333,supplychainpy sample complete_dataset_small.csv,https://github.com/KevinFasusi/supplychainpy,BSD-3-Clause-style upstream LICENSE
SKU025,1,jan,2395.000000,1.9479463196,train,1314.000000,6000.000000,4,0.2838552257,0.0081333876,0.7810000000,3.3148500000,2.2052500000,supplychainpy sample complete_dataset_small.csv,https://github.com/KevinFasusi/supplychainpy,BSD-3-Clause-style upstream LICENSE
SKU025,2,feb,2521.000000,2.0504270028,train,1314.000000,6000.000000,4,0.2838552257,0.0081333876,0.7810000000,3.3148500000,2.2052500000,supplychainpy sample complete_dataset_small.csv,https://github.com/KevinFasusi/supplychainpy,BSD-3-Clause-style upstream LICENSE
SKU025,3,mar,2157.000000,1.7543716958,train,1314.000000,6000.000000,4,0.2838552257,0.0081333876,0.7810000000,3.3148500000,2.2052500000,supplychainpy sample complete_dataset_small.csv,https://github.com/KevinFasusi/supplychainpy,BSD-3-Clause-style upstream LICENSE
SKU025,4,apr,728.000000,0.5921106141,train,1314.000000,6000.000000,4,0.2838552257,0.0081333876,0.7810000000,3.3148500000,2.2052500000,supplychainpy sample complete_dataset_small.csv,https://github.com/KevinFasusi/supplychainpy,BSD-3-Clause-style upstream LICENSE
SKU025,5,may,1028.000000,0.8361122407,train,1314.000000,6000.000000,4,0.2838552257,0.0081333876,0.7810000000,3.3148500000,2.2052500000,supplychainpy sample complete_dataset_small.csv,https://github.com/KevinFasusi/supplychainpy,BSD-3-Clause-style upstream LICENSE
SKU025,6,jun,43.000000,0.0349735665,train,1314.000000,6000.000000,4,0.2838552257,0.0081333876,0.7810000000,3.3148500000,2.2052500000,supplychainpy sample complete_dataset_small.csv,https://github.com/KevinFasusi/supplychainpy,BSD-3-Clause-style upstream LICENSE
SKU025,7,jul,138.000000,0.1122407483,train,1314.000000,6000.000000,4,0.2838552257,0.0081333876,0.7810000000,3.3148500000,2.2052500000,supplychainpy sample complete_dataset_small.csv,https://github.com/KevinFasusi/supplychainpy,BSD-3-Clause-style upstream LICENSE
SKU025,8,aug,826.000000,0.6718178121,train,1314.000000,6000.000000,4,0.2838552257,0.0081333876,0.7810000000,3.3148500000,2.2052500000,supplychainpy sample complete_dataset_small.csv,https://github.com/KevinFasusi/supplychainpy,BSD-3-Clause-style upstream LICENSE
SKU025,9,sep,570.000000,0.4636030907,test,1314.000000,6000.000000,4,0.2838552257,0.0081333876,0.7810000000,3.3148500000,2.2052500000,supplychainpy sample complete_dataset_small.csv,https://github.com/KevinFasusi/supplychainpy,BSD-3-Clause-style upstream LICENSE
SKU025,10,oct,2825.000000,2.2976819845,test,1314.000000,6000.000000,4,0.2838552257,0.0081333876,0.7810000000,3.3148500000,2.2052500000,supplychainpy sample complete_dataset_small.csv,https://github.com/KevinFasusi/supplychainpy,BSD-3-Clause-style upstream LICENSE
SKU025,11,nov,181.000000,0.1472143148,test,1314.000000,6000.000000,4,0.2838552257,0.0081333876,0.7810000000,3.3148500000,2.2052500000,supplychainpy sample complete_dataset_small.csv,https://github.com/KevinFasusi/supplychainpy,BSD-3-Clause-style upstream LICENSE
SKU025,12,dec,787.000000,0.6400976007,test,1314.000000,6000.000000,4,0.2838552257,0.0081333876,0.7810000000,3.3148500000,2.2052500000,supplychainpy sample complete_dataset_small.csv,https://github.com/KevinFasusi/supplychainpy,BSD-3-Clause-style upstream LICENSE
SKU026,1,jan,1336.000000,1.0922841083,train,1354.000000,20000.000000,2,0.2648952478,0.0081757793,0.9323000000,3.4347550000,2.4830750000,supplychainpy sample complete_dataset_small.csv,https://github.com/KevinFasusi/supplychainpy,BSD-3-Clause-style upstream LICENSE
SKU026,2,feb,1478.000000,1.2083801737,train,1354.000000,20000.000000,2,0.2648952478,0.0081757793,0.9323000000,3.4347550000,2.4830750000,supplychainpy sample complete_dataset_small.csv,https://github.com/KevinFasusi/supplychainpy,BSD-3-Clause-style upstream LICENSE
SKU026,3,mar,865.000000,0.7072049055,train,1354.000000,20000.000000,2,0.2648952478,0.0081757793,0.9323000000,3.4347550000,2.4830750000,supplychainpy sample complete_dataset_small.csv,https://github.com/KevinFasusi/supplychainpy,BSD-3-Clause-style upstream LICENSE
SKU026,4,apr,533.000000,0.4357690342,train,1354.000000,20000.000000,2,0.2648952478,0.0081757793,0.9323000000,3.4347550000,2.4830750000,supplychainpy sample complete_dataset_small.csv,https://github.com/KevinFasusi/supplychainpy,BSD-3-Clause-style upstream LICENSE
SKU026,5,may,1562.000000,1.2770567195,train,1354.000000,20000.000000,2,0.2648952478,0.0081757793,0.9323000000,3.4347550000,2.4830750000,supplychainpy sample complete_dataset_small.csv,https://github.com/KevinFasusi/supplychainpy,BSD-3-Clause-style upstream LICENSE
SKU026,6,jun,422.000000,0.3450178845,train,1354.000000,20000.000000,2,0.2648952478,0.0081757793,0.9323000000,3.4347550000,2.4830750000,supplychainpy sample complete_dataset_small.csv,https://github.com/KevinFasusi/supplychainpy,BSD-3-Clause-style upstream LICENSE
SKU026,7,jul,2287.000000,1.8698007154,train,1354.000000,20000.000000,2,0.2648952478,0.0081757793,0.9323000000,3.4347550000,2.4830750000,supplychainpy sample complete_dataset_small.csv,https://github.com/KevinFasusi/supplychainpy,BSD-3-Clause-style upstream LICENSE
SKU026,8,aug,1302.000000,1.0644864589,train,1354.000000,20000.000000,2,0.2648952478,0.0081757793,0.9323000000,3.4347550000,2.4830750000,supplychainpy sample complete_dataset_small.csv,https://github.com/KevinFasusi/supplychainpy,BSD-3-Clause-style upstream LICENSE
SKU026,9,sep,1230.000000,1.0056208482,test,1354.000000,20000.000000,2,0.2648952478,0.0081757793,0.9323000000,3.4347550000,2.4830750000,supplychainpy sample complete_dataset_small.csv,https://github.com/KevinFasusi/supplychainpy,BSD-3-Clause-style upstream LICENSE
SKU026,10,oct,1059.000000,0.8658150230,test,1354.000000,20000.000000,2,0.2648952478,0.0081757793,0.9323000000,3.4347550000,2.4830750000,supplychainpy sample complete_dataset_small.csv,https://github.com/KevinFasusi/supplychainpy,BSD-3-Clause-style upstream LICENSE
SKU026,11,nov,1153.000000,0.9426673480,test,1354.000000,20000.000000,2,0.2648952478,0.0081757793,0.9323000000,3.4347550000,2.4830750000,supplychainpy sample complete_dataset_small.csv,https://github.com/KevinFasusi/supplychainpy,BSD-3-Clause-style upstream LICENSE
SKU026,12,dec,399.000000,0.3262135922,test,1354.000000,20000.000000,2,0.2648952478,0.0081757793,0.9323000000,3.4347550000,2.4830750000,supplychainpy sample complete_dataset_small.csv,https://github.com/KevinFasusi/supplychainpy,BSD-3-Clause-style upstream LICENSE
SKU027,1,jan,2565.000000,1.1981082501,train,1394.000000,59500.000000,3,0.3970339230,0.0046709873,0.9500000000,3.5475000000,2.3675000000,supplychainpy sample complete_dataset_small.csv,https://github.com/KevinFasusi/supplychainpy,BSD-3-Clause-style upstream LICENSE
SKU027,2,feb,2762.000000,1.2901267005,train,1394.000000,59500.000000,3,0.3970339230,0.0046709873,0.9500000000,3.5475000000,2.3675000000,supplychainpy sample complete_dataset_small.csv,https://github.com/KevinFasusi/supplychainpy,BSD-3-Clause-style upstream LICENSE
SKU027,3,mar,2721.000000,1.2709756525,train,1394.000000,59500.000000,3,0.3970339230,0.0046709873,0.9500000000,3.5475000000,2.3675000000,supplychainpy sample complete_dataset_small.csv,https://github.com/KevinFasusi/supplychainpy,BSD-3-Clause-style upstream LICENSE
SKU027,4,apr,1431.000000,0.6684182869,train,1394.000000,59500.000000,3,0.3970339230,0.0046709873,0.9500000000,3.5475000000,2.3675000000,supplychainpy sample complete_dataset_small.csv,https://github.com/KevinFasusi/supplychainpy,BSD-3-Clause-style upstream LICENSE
SKU027,5,may,845.000000,0.3946984294,train,1394.000000,59500.000000,3,0.3970339230,0.0046709873,0.9500000000,3.5475000000,2.3675000000,supplychainpy sample complete_dataset_small.csv,https://github.com/KevinFasusi/supplychainpy,BSD-3-Clause-style upstream LICENSE
SKU027,6,jun,2163.000000,1.0103345595,train,1394.000000,59500.000000,3,0.3970339230,0.0046709873,0.9500000000,3.5475000000,2.3675000000,supplychainpy sample complete_dataset_small.csv,https://github.com/KevinFasusi/supplychainpy,BSD-3-Clause-style upstream LICENSE
SKU027,7,jul,2413.000000,1.1271092427,train,1394.000000,59500.000000,3,0.3970339230,0.0046709873,0.9500000000,3.5475000000,2.3675000000,supplychainpy sample complete_dataset_small.csv,https://github.com/KevinFasusi/supplychainpy,BSD-3-Clause-style upstream LICENSE
SKU027,8,aug,2227.000000,1.0402288784,train,1394.000000,59500.000000,3,0.3970339230,0.0046709873,0.9500000000,3.5475000000,2.3675000000,supplychainpy sample complete_dataset_small.csv,https://github.com/KevinFasusi/supplychainpy,BSD-3-Clause-style upstream LICENSE
SKU027,9,sep,1753.000000,0.8188240789,test,1394.000000,59500.000000,3,0.3970339230,0.0046709873,0.9500000000,3.5475000000,2.3675000000,supplychainpy sample complete_dataset_small.csv,https://github.com/KevinFasusi/supplychainpy,BSD-3-Clause-style upstream LICENSE
SKU027,10,oct,740.000000,0.3456530624,test,1394.000000,59500.000000,3,0.3970339230,0.0046709873,0.9500000000,3.5475000000,2.3675000000,supplychainpy sample complete_dataset_small.csv,https://github.com/KevinFasusi/supplychainpy,BSD-3-Clause-style upstream LICENSE
SKU027,11,nov,1139.000000,0.5320254569,test,1394.000000,59500.000000,3,0.3970339230,0.0046709873,0.9500000000,3.5475000000,2.3675000000,supplychainpy sample complete_dataset_small.csv,https://github.com/KevinFasusi/supplychainpy,BSD-3-Clause-style upstream LICENSE
SKU027,12,dec,2300.000000,1.0743270859,test,1394.000000,59500.000000,3,0.3970339230,0.0046709873,0.9500000000,3.5475000000,2.3675000000,supplychainpy sample complete_dataset_small.csv,https://github.com/KevinFasusi/supplychainpy,BSD-3-Clause-style upstream LICENSE
SKU028,1,jan,1912.000000,1.9220909776,train,1434.000000,2300.000000,3,2.3000000000,0.0100527771,0.3765217391,2.4865652174,2.2241304348,supplychainpy sample complete_dataset_small.csv,https://github.com/KevinFasusi/supplychainpy,BSD-3-Clause-style upstream LICENSE
SKU028,2,feb,1726.000000,1.7351093240,train,1434.000000,2300.000000,3,2.3000000000,0.0100527771,0.3765217391,2.4865652174,2.2241304348,supplychainpy sample complete_dataset_small.csv,https://github.com/KevinFasusi/supplychainpy,BSD-3-Clause-style upstream LICENSE
SKU028,3,mar,1569.000000,1.5772807238,train,1434.000000,2300.000000,3,2.3000000000,0.0100527771,0.3765217391,2.4865652174,2.2241304348,supplychainpy sample complete_dataset_small.csv,https://github.com/KevinFasusi/supplychainpy,BSD-3-Clause-style upstream LICENSE
SKU028,4,apr,316.000000,0.3176677557,train,1434.000000,2300.000000,3,2.3000000000,0.0100527771,0.3765217391,2.4865652174,2.2241304348,supplychainpy sample complete_dataset_small.csv,https://github.com/KevinFasusi/supplychainpy,BSD-3-Clause-style upstream LICENSE
SKU028,5,may,71.000000,0.0713747173,train,1434.000000,2300.000000,3,2.3000000000,0.0100527771,0.3765217391,2.4865652174,2.2241304348,supplychainpy sample complete_dataset_small.csv,https://github.com/KevinFasusi/supplychainpy,BSD-3-Clause-style upstream LICENSE
SKU028,6,jun,2082.000000,2.0929881880,train,1434.000000,2300.000000,3,2.3000000000,0.0100527771,0.3765217391,2.4865652174,2.2241304348,supplychainpy sample complete_dataset_small.csv,https://github.com/KevinFasusi/supplychainpy,BSD-3-Clause-style upstream LICENSE
SKU028,7,jul,108.000000,0.1085699925,train,1434.000000,2300.000000,3,2.3000000000,0.0100527771,0.3765217391,2.4865652174,2.2241304348,supplychainpy sample complete_dataset_small.csv,https://github.com/KevinFasusi/supplychainpy,BSD-3-Clause-style upstream LICENSE
SKU028,8,aug,174.000000,0.1749183212,train,1434.000000,2300.000000,3,2.3000000000,0.0100527771,0.3765217391,2.4865652174,2.2241304348,supplychainpy sample complete_dataset_small.csv,https://github.com/KevinFasusi/supplychainpy,BSD-3-Clause-style upstream LICENSE
SKU028,9,sep,1974.000000,1.9844181955,test,1434.000000,2300.000000,3,2.3000000000,0.0100527771,0.3765217391,2.4865652174,2.2241304348,supplychainpy sample complete_dataset_small.csv,https://github.com/KevinFasusi/supplychainpy,BSD-3-Clause-style upstream LICENSE
SKU028,10,oct,609.000000,0.6122141242,test,1434.000000,2300.000000,3,2.3000000000,0.0100527771,0.3765217391,2.4865652174,2.2241304348,supplychainpy sample complete_dataset_small.csv,https://github.com/KevinFasusi/supplychainpy,BSD-3-Clause-style upstream LICENSE
SKU028,11,nov,2896.000000,2.9112842423,test,1434.000000,2300.000000,3,2.3000000000,0.0100527771,0.3765217391,2.4865652174,2.2241304348,supplychainpy sample complete_dataset_small.csv,https://github.com/KevinFasusi/supplychainpy,BSD-3-Clause-style upstream LICENSE
SKU028,12,dec,566.000000,0.5689871827,test,1434.000000,2300.000000,3,2.3000000000,0.0100527771,0.3765217391,2.4865652174,2.2241304348,supplychainpy sample complete_dataset_small.csv,https://github.com/KevinFasusi/supplychainpy,BSD-3-Clause-style upstream LICENSE
SKU029,1,jan,2153.000000,1.4866217849,train,1474.000000,4500.000000,2,2.3000000000,0.0069048852,0.6724444444,2.9540222222,2.4181111111,supplychainpy sample complete_dataset_small.csv,https://github.com/KevinFasusi/supplychainpy,BSD-3-Clause-style upstream LICENSE
SKU029,2,feb,1112.000000,0.7678232349,train,1474.000000,4500.000000,2,2.3000000000,0.0069048852,0.6724444444,2.9540222222,2.4181111111,supplychainpy sample complete_dataset_small.csv,https://github.com/KevinFasusi/supplychainpy,BSD-3-Clause-style upstream LICENSE
SKU029,3,mar,16.000000,0.0110478163,train,1474.000000,4500.000000,2,2.3000000000,0.0069048852,0.6724444444,2.9540222222,2.4181111111,supplychainpy sample complete_dataset_small.csv,https://github.com/KevinFasusi/supplychainpy,BSD-3-Clause-style upstream LICENSE
SKU029,4,apr,130.000000,0.0897635077,train,1474.000000,4500.000000,2,2.3000000000,0.0069048852,0.6724444444,2.9540222222,2.4181111111,supplychainpy sample complete_dataset_small.csv,https://github.com/KevinFasusi/supplychainpy,BSD-3-Clause-style upstream LICENSE
SKU029,5,may,590.000000,0.4073882272,train,1474.000000,4500.000000,2,2.3000000000,0.0069048852,0.6724444444,2.9540222222,2.4181111111,supplychainpy sample complete_dataset_small.csv,https://github.com/KevinFasusi/supplychainpy,BSD-3-Clause-style upstream LICENSE
SKU029,6,jun,2619.000000,1.8083894355,train,1474.000000,4500.000000,2,2.3000000000,0.0069048852,0.6724444444,2.9540222222,2.4181111111,supplychainpy sample complete_dataset_small.csv,https://github.com/KevinFasusi/supplychainpy,BSD-3-Clause-style upstream LICENSE
SKU029,7,jul,2576.000000,1.7786984291,train,1474.000000,4500.000000,2,2.3000000000,0.0069048852,0.6724444444,2.9540222222,2.4181111111,supplychainpy sample complete_dataset_small.csv,https://github.com/KevinFasusi/supplychainpy,BSD-3-Clause-style upstream LICENSE
SKU029,8,aug,2390.000000,1.6502675643,train,1474.000000,4500.000000,2,2.3000000000,0.0069048852,0.6724444444,2.9540222222,2.4181111111,supplychainpy sample complete_dataset_small.csv,https://github.com/KevinFasusi/supplychainpy,BSD-3-Clause-style upstream LICENSE
SKU029,9,sep,2567.000000,1.7724840325,test,1474.000000,4500.000000,2,2.3000000000,0.0069048852,0.6724444444,2.9540222222,2.4181111111,supplychainpy sample complete_dataset_small.csv,https://github.com/KevinFasusi/supplychainpy,BSD-3-Clause-style upstream LICENSE
SKU029,10,oct,1531.000000,1.0571379251,test,1474.000000,4500.000000,2,2.3000000000,0.0069048852,0.6724444444,2.9540222222,2.4181111111,supplychainpy sample complete_dataset_small.csv,https://github.com/KevinFasusi/supplychainpy,BSD-3-Clause-style upstream LICENSE
SKU029,11,nov,842.000000,0.5813913344,test,1474.000000,4500.000000,2,2.3000000000,0.0069048852,0.6724444444,2.9540222222,2.4181111111,supplychainpy sample complete_dataset_small.csv,https://github.com/KevinFasusi/supplychainpy,BSD-3-Clause-style upstream LICENSE
SKU029,12,dec,242.000000,0.1670982220,test,1474.000000,4500.000000,2,2.3000000000,0.0069048852,0.6724444444,2.9540222222,2.4181111111,supplychainpy sample complete_dataset_small.csv,https://github.com/KevinFasusi/supplychainpy,BSD-3-Clause-style upstream LICENSE
SKU030,1,jan,1417.000000,0.8335294118,train,1514.000000,8000.000000,3,0.4935294118,0.0058823529,0.8107500000,3.2898875000,2.3326875000,supplychainpy sample complete_dataset_small.csv,https://github.com/KevinFasusi/supplychainpy,BSD-3-Clause-style upstream LICENSE
SKU030,2,feb,2044.000000,1.2023529412,train,1514.000000,8000.000000,3,0.4935294118,0.0058823529,0.8107500000,3.2898875000,2.3326875000,supplychainpy sample complete_dataset_small.csv,https://github.com/KevinFasusi/supplychainpy,BSD-3-Clause-style upstream LICENSE
SKU030,3,mar,1981.000000,1.1652941176,train,1514.000000,8000.000000,3,0.4935294118,0.0058823529,0.8107500000,3.2898875000,2.3326875000,supplychainpy sample complete_dataset_small.csv,https://github.com/KevinFasusi/supplychainpy,BSD-3-Clause-style upstream LICENSE
SKU030,4,apr,1936.000000,1.1388235294,train,1514.000000,8000.000000,3,0.4935294118,0.0058823529,0.8107500000,3.2898875000,2.3326875000,supplychainpy sample complete_dataset_small.csv,https://github.com/KevinFasusi/supplychainpy,BSD-3-Clause-style upstream LICENSE
SKU030,5,may,2377.000000,1.3982352941,train,1514.000000,8000.000000,3,0.4935294118,0.0058823529,0.8107500000,3.2898875000,2.3326875000,supplychainpy sample complete_dataset_small.csv,https://github.com/KevinFasusi/supplychainpy,BSD-3-Clause-style upstream LICENSE
SKU030,6,jun,780.000000,0.4588235294,train,1514.000000,8000.000000,3,0.4935294118,0.0058823529,0.8107500000,3.2898875000,2.3326875000,supplychainpy sample complete_dataset_small.csv,https://github.com/KevinFasusi/supplychainpy,BSD-3-Clause-style upstream LICENSE
SKU030,7,jul,1544.000000,0.9082352941,train,1514.000000,8000.000000,3,0.4935294118,0.0058823529,0.8107500000,3.2898875000,2.3326875000,supplychainpy sample complete_dataset_small.csv,https://github.com/KevinFasusi/supplychainpy,BSD-3-Clause-style upstream LICENSE
SKU030,8,aug,1521.000000,0.8947058824,train,1514.000000,8000.000000,3,0.4935294118,0.0058823529,0.8107500000,3.2898875000,2.3326875000,supplychainpy sample complete_dataset_small.csv,https://github.com/KevinFasusi/supplychainpy,BSD-3-Clause-style upstream LICENSE
SKU030,9,sep,51.000000,0.0300000000,test,1514.000000,8000.000000,3,0.4935294118,0.0058823529,0.8107500000,3.2898875000,2.3326875000,supplychainpy sample complete_dataset_small.csv,https://github.com/KevinFasusi/supplychainpy,BSD-3-Clause-style upstream LICENSE
SKU030,10,oct,1056.000000,0.6211764706,test,1514.000000,8000.000000,3,0.4935294118,0.0058823529,0.8107500000,3.2898875000,2.3326875000,supplychainpy sample complete_dataset_small.csv,https://github.com/KevinFasusi/supplychainpy,BSD-3-Clause-style upstream LICENSE
SKU030,11,nov,1876.000000,1.1035294118,test,1514.000000,8000.000000,3,0.4935294118,0.0058823529,0.8107500000,3.2898875000,2.3326875000,supplychainpy sample complete_dataset_small.csv,https://github.com/KevinFasusi/supplychainpy,BSD-3-Clause-style upstream LICENSE
SKU030,12,dec,1356.000000,0.7976470588,test,1514.000000,8000.000000,3,0.4935294118,0.0058823529,0.8107500000,3.2898875000,2.3326875000,supplychainpy sample complete_dataset_small.csv,https://github.com/KevinFasusi/supplychainpy,BSD-3-Clause-style upstream LICENSE
SKU031,1,jan,2717.000000,1.2937325159,train,1554.000000,39000.000000,2,0.2061782037,0.0047616213,0.9500000000,3.4675000000,2.4875000000,supplychainpy sample complete_dataset_small.csv,https://github.com/KevinFasusi/supplychainpy,BSD-3-Clause-style upstream LICENSE
SKU031,2,feb,2186.000000,1.0408904232,train,1554.000000,39000.000000,2,0.2061782037,0.0047616213,0.9500000000,3.4675000000,2.4875000000,supplychainpy sample complete_dataset_small.csv,https://github.com/KevinFasusi/supplychainpy,BSD-3-Clause-style upstream LICENSE
SKU031,3,mar,2300.000000,1.0951729064,train,1554.000000,39000.000000,2,0.2061782037,0.0047616213,0.9500000000,3.4675000000,2.4875000000,supplychainpy sample complete_dataset_small.csv,https://github.com/KevinFasusi/supplychainpy,BSD-3-Clause-style upstream LICENSE
SKU031,4,apr,677.000000,0.3223617642,train,1554.000000,39000.000000,2,0.2061782037,0.0047616213,0.9500000000,3.4675000000,2.4875000000,supplychainpy sample complete_dataset_small.csv,https://github.com/KevinFasusi/supplychainpy,BSD-3-Clause-style upstream LICENSE
SKU031,5,may,2157.000000,1.0270817213,train,1554.000000,39000.000000,2,0.2061782037,0.0047616213,0.9500000000,3.4675000000,2.4875000000,supplychainpy sample complete_dataset_small.csv,https://github.com/KevinFasusi/supplychainpy,BSD-3-Clause-style upstream LICENSE
SKU031,6,jun,2328.000000,1.1085054461,train,1554.000000,39000.000000,2,0.2061782037,0.0047616213,0.9500000000,3.4675000000,2.4875000000,supplychainpy sample complete_dataset_small.csv,https://github.com/KevinFasusi/supplychainpy,BSD-3-Clause-style upstream LICENSE
SKU031,7,jul,1917.000000,0.9128028094,train,1554.000000,39000.000000,2,0.2061782037,0.0047616213,0.9500000000,3.4675000000,2.4875000000,supplychainpy sample complete_dataset_small.csv,https://github.com/KevinFasusi/supplychainpy,BSD-3-Clause-style upstream LICENSE
SKU031,8,aug,2519.000000,1.1994524135,train,1554.000000,39000.000000,2,0.2061782037,0.0047616213,0.9500000000,3.4675000000,2.4875000000,supplychainpy sample complete_dataset_small.csv,https://github.com/KevinFasusi/supplychainpy,BSD-3-Clause-style upstream LICENSE
SKU031,9,sep,561.000000,0.2671269567,test,1554.000000,39000.000000,2,0.2061782037,0.0047616213,0.9500000000,3.4675000000,2.4875000000,supplychainpy sample complete_dataset_small.csv,https://github.com/KevinFasusi/supplychainpy,BSD-3-Clause-style upstream LICENSE
SKU031,10,oct,281.000000,0.1338015594,test,1554.000000,39000.000000,2,0.2061782037,0.0047616213,0.9500000000,3.4675000000,2.4875000000,supplychainpy sample complete_dataset_small.csv,https://github.com/KevinFasusi/supplychainpy,BSD-3-Clause-style upstream LICENSE
SKU031,11,nov,1162.000000,0.5533003988,test,1554.000000,39000.000000,2,0.2061782037,0.0047616213,0.9500000000,3.4675000000,2.4875000000,supplychainpy sample complete_dataset_small.csv,https://github.com/KevinFasusi/supplychainpy,BSD-3-Clause-style upstream LICENSE
SKU031,12,dec,1146.000000,0.5456818047,test,1554.000000,39000.000000,2,0.2061782037,0.0047616213,0.9500000000,3.4675000000,2.4875000000,supplychainpy sample complete_dataset_small.csv,https://github.com/KevinFasusi/supplychainpy,BSD-3-Clause-style upstream LICENSE
SKU032,1,jan,1015.000000,0.5909322466,train,1594.000000,3943.000000,3,0.2270577105,0.0058219926,0.5957392848,2.8921176769,2.2789348212,supplychainpy sample complete_dataset_small.csv,https://github.com/KevinFasusi/supplychainpy,BSD-3-Clause-style upstream LICENSE
SKU032,2,feb,741.000000,0.4314096500,train,1594.000000,3943.000000,3,0.2270577105,0.0058219926,0.5957392848,2.8921176769,2.2789348212,supplychainpy sample complete_dataset_small.csv,https://github.com/KevinFasusi/supplychainpy,BSD-3-Clause-style upstream LICENSE
SKU032,3,mar,2754.000000,1.6033767557,train,1594.000000,3943.000000,3,0.2270577105,0.0058219926,0.5957392848,2.8921176769,2.2789348212,supplychainpy sample complete_dataset_small.csv,https://github.com/KevinFasusi/supplychainpy,BSD-3-Clause-style upstream LICENSE
SKU032,4,apr,2925.000000,1.7029328288,train,1594.000000,3943.000000,3,0.2270577105,0.0058219926,0.5957392848,2.8921176769,2.2789348212,supplychainpy sample complete_dataset_small.csv,https://github.com/KevinFasusi/supplychainpy,BSD-3-Clause-style upstream LICENSE
SKU032,5,may,2302.000000,1.3402226912,train,1594.000000,3943.000000,3,0.2270577105,0.0058219926,0.5957392848,2.8921176769,2.2789348212,supplychainpy sample complete_dataset_small.csv,https://github.com/KevinFasusi/supplychainpy,BSD-3-Clause-style upstream LICENSE
SKU032,6,jun,695.000000,0.4046284841,train,1594.000000,3943.000000,3,0.2270577105,0.0058219926,0.5957392848,2.8921176769,2.2789348212,supplychainpy sample complete_dataset_small.csv,https://github.com/KevinFasusi/supplychainpy,BSD-3-Clause-style upstream LICENSE
SKU032,7,jul,2869.000000,1.6703296703,train,1594.000000,3943.000000,3,0.2270577105,0.0058219926,0.5957392848,2.8921176769,2.2789348212,supplychainpy sample complete_dataset_small.csv,https://github.com/KevinFasusi/supplychainpy,BSD-3-Clause-style upstream LICENSE
SKU032,8,aug,440.000000,0.2561676734,train,1594.000000,3943.000000,3,0.2270577105,0.0058219926,0.5957392848,2.8921176769,2.2789348212,supplychainpy sample complete_dataset_small.csv,https://github.com/KevinFasusi/supplychainpy,BSD-3-Clause-style upstream LICENSE
SKU032,9,sep,406.000000,0.2363728986,test,1594.000000,3943.000000,3,0.2270577105,0.0058219926,0.5957392848,2.8921176769,2.2789348212,supplychainpy sample complete_dataset_small.csv,https://github.com/KevinFasusi/supplychainpy,BSD-3-Clause-style upstream LICENSE
SKU032,10,oct,1083.000000,0.6305217961,test,1594.000000,3943.000000,3,0.2270577105,0.0058219926,0.5957392848,2.8921176769,2.2789348212,supplychainpy sample complete_dataset_small.csv,https://github.com/KevinFasusi/supplychainpy,BSD-3-Clause-style upstream LICENSE
SKU032,11,nov,2334.000000,1.3588530675,test,1594.000000,3943.000000,3,0.2270577105,0.0058219926,0.5957392848,2.8921176769,2.2789348212,supplychainpy sample complete_dataset_small.csv,https://github.com/KevinFasusi/supplychainpy,BSD-3-Clause-style upstream LICENSE
SKU032,12,dec,1015.000000,0.5909322466,test,1594.000000,3943.000000,3,0.2270577105,0.0058219926,0.5957392848,2.8921176769,2.2789348212,supplychainpy sample complete_dataset_small.csv,https://github.com/KevinFasusi/supplychainpy,BSD-3-Clause-style upstream LICENSE
SKU033,1,jan,3050.000000,1.5415718979,train,769.000000,8007.000000,5,1.0740459944,0.0050543341,0.9039590358,3.6223242163,2.1159897590,supplychainpy sample complete_dataset_small.csv,https://github.com/KevinFasusi/supplychainpy,BSD-3-Clause-style upstream LICENSE
SKU033,2,feb,1507.000000,0.7616881476,train,769.000000,8007.000000,5,1.0740459944,0.0050543341,0.9039590358,3.6223242163,2.1159897590,supplychainpy sample complete_dataset_small.csv,https://github.com/KevinFasusi/supplychainpy,BSD-3-Clause-style upstream LICENSE
SKU033,3,mar,3637.000000,1.8382613091,train,769.000000,8007.000000,5,1.0740459944,0.0050543341,0.9039590358,3.6223242163,2.1159897590,supplychainpy sample complete_dataset_small.csv,https://github.com/KevinFasusi/supplychainpy,BSD-3-Clause-style upstream LICENSE
SKU033,4,apr,1112.000000,0.5620419510,train,769.000000,8007.000000,5,1.0740459944,0.0050543341,0.9039590358,3.6223242163,2.1159897590,supplychainpy sample complete_dataset_small.csv,https://github.com/KevinFasusi/supplychainpy,BSD-3-Clause-style upstream LICENSE
SKU033,5,may,1963.000000,0.9921657822,train,769.000000,8007.000000,5,1.0740459944,0.0050543341,0.9039590358,3.6223242163,2.1159897590,supplychainpy sample complete_dataset_small.csv,https://github.com/KevinFasusi/supplychainpy,BSD-3-Clause-style upstream LICENSE
SKU033,6,jun,1675.000000,0.8466009603,train,769.000000,8007.000000,5,1.0740459944,0.0050543341,0.9039590358,3.6223242163,2.1159897590,supplychainpy sample complete_dataset_small.csv,https://github.com/KevinFasusi/supplychainpy,BSD-3-Clause-style upstream LICENSE
SKU033,7,jul,898.000000,0.4538792014,train,769.000000,8007.000000,5,1.0740459944,0.0050543341,0.9039590358,3.6223242163,2.1159897590,supplychainpy sample complete_dataset_small.csv,https://github.com/KevinFasusi/supplychainpy,BSD-3-Clause-style upstream LICENSE
SKU033,8,aug,1986.000000,1.0037907506,train,769.000000,8007.000000,5,1.0740459944,0.0050543341,0.9039590358,3.6223242163,2.1159897590,supplychainpy sample complete_dataset_small.csv,https://github.com/KevinFasusi/supplychainpy,BSD-3-Clause-style upstream LICENSE
SKU033,9,sep,2262.000000,1.1432903715,test,769.000000,8007.000000,5,1.0740459944,0.0050543341,0.9039590358,3.6223242163,2.1159897590,supplychainpy sample complete_dataset_small.csv,https://github.com/KevinFasusi/supplychainpy,BSD-3-Clause-style upstream LICENSE
SKU033,10,oct,3895.000000,1.9686631286,test,769.000000,8007.000000,5,1.0740459944,0.0050543341,0.9039590358,3.6223242163,2.1159897590,supplychainpy sample complete_dataset_small.csv,https://github.com/KevinFasusi/supplychainpy,BSD-3-Clause-style upstream LICENSE
SKU033,11,nov,1229.000000,0.6211776598,test,769.000000,8007.000000,5,1.0740459944,0.0050543341,0.9039590358,3.6223242163,2.1159897590,supplychainpy sample complete_dataset_small.csv,https://github.com/KevinFasusi/supplychainpy,BSD-3-Clause-style upstream LICENSE
SKU033,12,dec,2904.000000,1.4677786202,test,769.000000,8007.000000,5,1.0740459944,0.0050543341,0.9039590358,3.6223242163,2.1159897590,supplychainpy sample complete_dataset_small.csv,https://github.com/KevinFasusi/supplychainpy,BSD-3-Clause-style upstream LICENSE
SKU034,1,jan,1875.000000,1.1439029970,train,1819.000000,13225.000000,1,0.7644322428,0.0061008160,0.8624574669,3.2255463138,2.4656143667,supplychainpy sample complete_dataset_small.csv,https://github.com/KevinFasusi/supplychainpy,BSD-3-Clause-style upstream LICENSE
SKU034,2,feb,2368.000000,1.4446732250,train,1819.000000,13225.000000,1,0.7644322428,0.0061008160,0.8624574669,3.2255463138,2.4656143667,supplychainpy sample complete_dataset_small.csv,https://github.com/KevinFasusi/supplychainpy,BSD-3-Clause-style upstream LICENSE
SKU034,3,mar,830.000000,0.5063677267,train,1819.000000,13225.000000,1,0.7644322428,0.0061008160,0.8624574669,3.2255463138,2.4656143667,supplychainpy sample complete_dataset_small.csv,https://github.com/KevinFasusi/supplychainpy,BSD-3-Clause-style upstream LICENSE
SKU034,4,apr,823.000000,0.5020971555,train,1819.000000,13225.000000,1,0.7644322428,0.0061008160,0.8624574669,3.2255463138,2.4656143667,supplychainpy sample complete_dataset_small.csv,https://github.com/KevinFasusi/supplychainpy,BSD-3-Clause-style upstream LICENSE
SKU034,5,may,868.000000,0.5295508274,train,1819.000000,13225.000000,1,0.7644322428,0.0061008160,0.8624574669,3.2255463138,2.4656143667,supplychainpy sample complete_dataset_small.csv,https://github.com/KevinFasusi/supplychainpy,BSD-3-Clause-style upstream LICENSE
SKU034,6,jun,1409.000000,0.8596049722,train,1819.000000,13225.000000,1,0.7644322428,0.0061008160,0.8624574669,3.2255463138,2.4656143667,supplychainpy sample complete_dataset_small.csv,https://github.com/KevinFasusi/supplychainpy,BSD-3-Clause-style upstream LICENSE
SKU034,7,jul,1845.000000,1.1256005491,train,1819.000000,13225.000000,1,0.7644322428,0.0061008160,0.8624574669,3.2255463138,2.4656143667,supplychainpy sample complete_dataset_small.csv,https://github.com/KevinFasusi/supplychainpy,BSD-3-Clause-style upstream LICENSE
SKU034,8,aug,3095.000000,1.8882025471,train,1819.000000,13225.000000,1,0.7644322428,0.0061008160,0.8624574669,3.2255463138,2.4656143667,supplychainpy sample complete_dataset_small.csv,https://github.com/KevinFasusi/supplychainpy,BSD-3-Clause-style upstream LICENSE
SKU034,9,sep,3247.000000,1.9809349500,test,1819.000000,13225.000000,1,0.7644322428,0.0061008160,0.8624574669,3.2255463138,2.4656143667,supplychainpy sample complete_dataset_small.csv,https://github.com/KevinFasusi/supplychainpy,BSD-3-Clause-style upstream LICENSE
SKU034,10,oct,1894.000000,1.1554945474,test,1819.000000,13225.000000,1,0.7644322428,0.0061008160,0.8624574669,3.2255463138,2.4656143667,supplychainpy sample complete_dataset_small.csv,https://github.com/KevinFasusi/supplychainpy,BSD-3-Clause-style upstream LICENSE
SKU034,11,nov,2558.000000,1.5605887287,test,1819.000000,13225.000000,1,0.7644322428,0.0061008160,0.8624574669,3.2255463138,2.4656143667,supplychainpy sample complete_dataset_small.csv,https://github.com/KevinFasusi/supplychainpy,BSD-3-Clause-style upstream LICENSE
SKU034,12,dec,3048.000000,1.8595287120,test,1819.000000,13225.000000,1,0.7644322428,0.0061008160,0.8624574669,3.2255463138,2.4656143667,supplychainpy sample complete_dataset_small.csv,https://github.com/KevinFasusi/supplychainpy,BSD-3-Clause-style upstream LICENSE
SKU035,1,jan,1717.000000,0.6468566047,train,1120.000000,14682.000000,3,0.4249587944,0.0037673652,0.9237161150,3.4988748127,2.3609290287,supplychainpy sample complete_dataset_small.csv,https://github.com/KevinFasusi/supplychainpy,BSD-3-Clause-style upstream LICENSE
SKU035,2,feb,593.000000,0.2234047563,train,1120.000000,14682.000000,3,0.4249587944,0.0037673652,0.9237161150,3.4988748127,2.3609290287,supplychainpy sample complete_dataset_small.csv,https://github.com/KevinFasusi/supplychainpy,BSD-3-Clause-style upstream LICENSE
SKU035,3,mar,3006.000000,1.1324699788,train,1120.000000,14682.000000,3,0.4249587944,0.0037673652,0.9237161150,3.4988748127,2.3609290287,supplychainpy sample complete_dataset_small.csv,https://github.com/KevinFasusi/supplychainpy,BSD-3-Clause-style upstream LICENSE
SKU035,4,apr,2935.000000,1.1057216859,train,1120.000000,14682.000000,3,0.4249587944,0.0037673652,0.9237161150,3.4988748127,2.3609290287,supplychainpy sample complete_dataset_small.csv,https://github.com/KevinFasusi/supplychainpy,BSD-3-Clause-style upstream LICENSE
SKU035,5,may,3139.000000,1.1825759360,train,1120.000000,14682.000000,3,0.4249587944,0.0037673652,0.9237161150,3.4988748127,2.3609290287,supplychainpy sample complete_dataset_small.csv,https://github.com/KevinFasusi/supplychainpy,BSD-3-Clause-style upstream LICENSE
SKU035,6,jun,2753.000000,1.0371556393,train,1120.000000,14682.000000,3,0.4249587944,0.0037673652,0.9237161150,3.4988748127,2.3609290287,supplychainpy sample complete_dataset_small.csv,https://github.com/KevinFasusi/supplychainpy,BSD-3-Clause-style upstream LICENSE
SKU035,7,jul,3247.000000,1.2232634801,train,1120.000000,14682.000000,3,0.4249587944,0.0037673652,0.9237161150,3.4988748127,2.3609290287,supplychainpy sample complete_dataset_small.csv,https://github.com/KevinFasusi/supplychainpy,BSD-3-Clause-style upstream LICENSE
SKU035,8,aug,3845.000000,1.4485519190,train,1120.000000,14682.000000,3,0.4249587944,0.0037673652,0.9237161150,3.4988748127,2.3609290287,supplychainpy sample complete_dataset_small.csv,https://github.com/KevinFasusi/supplychainpy,BSD-3-Clause-style upstream LICENSE
SKU035,9,sep,1720.000000,0.6479868142,test,1120.000000,14682.000000,3,0.4249587944,0.0037673652,0.9237161150,3.4988748127,2.3609290287,supplychainpy sample complete_dataset_small.csv,https://github.com/KevinFasusi/supplychainpy,BSD-3-Clause-style upstream LICENSE
SKU035,10,oct,3413.000000,1.2858017424,test,1120.000000,14682.000000,3,0.4249587944,0.0037673652,0.9237161150,3.4988748127,2.3609290287,supplychainpy sample complete_dataset_small.csv,https://github.com/KevinFasusi/supplychainpy,BSD-3-Clause-style upstream LICENSE
SKU035,11,nov,3399.000000,1.2805274311,test,1120.000000,14682.000000,3,0.4249587944,0.0037673652,0.9237161150,3.4988748127,2.3609290287,supplychainpy sample complete_dataset_small.csv,https://github.com/KevinFasusi/supplychainpy,BSD-3-Clause-style upstream LICENSE
SKU035,12,dec,2799.000000,1.0544855192,test,1120.000000,14682.000000,3,0.4249587944,0.0037673652,0.9237161150,3.4988748127,2.3609290287,supplychainpy sample complete_dataset_small.csv,https://github.com/KevinFasusi/supplychainpy,BSD-3-Clause-style upstream LICENSE
SKU036,1,jan,2383.000000,0.9246738129,train,1067.000000,11997.000000,5,0.4621428918,0.0038802930,0.9110610986,3.6354630324,2.1177652747,supplychainpy sample complete_dataset_small.csv,https://github.com/KevinFasusi/supplychainpy,BSD-3-Clause-style upstream LICENSE
SKU036,2,feb,2046.000000,0.7939079400,train,1067.000000,11997.000000,5,0.4621428918,0.0038802930,0.9110610986,3.6354630324,2.1177652747,supplychainpy sample complete_dataset_small.csv,https://github.com/KevinFasusi/supplychainpy,BSD-3-Clause-style upstream LICENSE
SKU036,3,mar,2487.000000,0.9650288597,train,1067.000000,11997.000000,5,0.4621428918,0.0038802930,0.9110610986,3.6354630324,2.1177652747,supplychainpy sample complete_dataset_small.csv,https://github.com/KevinFasusi/supplychainpy,BSD-3-Clause-style upstream LICENSE
SKU036,4,apr,3827.000000,1.4849881166,train,1067.000000,11997.000000,5,0.4621428918,0.0038802930,0.9110610986,3.6354630324,2.1177652747,supplychainpy sample complete_dataset_small.csv,https://github.com/KevinFasusi/supplychainpy,BSD-3-Clause-style upstream LICENSE
SKU036,5,may,1674.000000,0.6495610419,train,1067.000000,11997.000000,5,0.4621428918,0.0038802930,0.9110610986,3.6354630324,2.1177652747,supplychainpy sample complete_dataset_small.csv,https://github.com/KevinFasusi/supplychainpy,BSD-3-Clause-style upstream LICENSE
SKU036,6,jun,3118.000000,1.2098753456,train,1067.000000,11997.000000,5,0.4621428918,0.0038802930,0.9110610986,3.6354630324,2.1177652747,supplychainpy sample complete_dataset_small.csv,https://github.com/KevinFasusi/supplychainpy,BSD-3-Clause-style upstream LICENSE
SKU036,7,jul,2849.000000,1.1054954649,train,1067.000000,11997.000000,5,0.4621428918,0.0038802930,0.9110610986,3.6354630324,2.1177652747,supplychainpy sample complete_dataset_small.csv,https://github.com/KevinFasusi/supplychainpy,BSD-3-Clause-style upstream LICENSE
SKU036,8,aug,2233.000000,0.8664694184,train,1067.000000,11997.000000,5,0.4621428918,0.0038802930,0.9110610986,3.6354630324,2.1177652747,supplychainpy sample complete_dataset_small.csv,https://github.com/KevinFasusi/supplychainpy,BSD-3-Clause-style upstream LICENSE
SKU036,9,sep,3888.000000,1.5086579037,test,1067.000000,11997.000000,5,0.4621428918,0.0038802930,0.9110610986,3.6354630324,2.1177652747,supplychainpy sample complete_dataset_small.csv,https://github.com/KevinFasusi/supplychainpy,BSD-3-Clause-style upstream LICENSE
SKU036,10,oct,2566.000000,0.9956831741,test,1067.000000,11997.000000,5,0.4621428918,0.0038802930,0.9110610986,3.6354630324,2.1177652747,supplychainpy sample complete_dataset_small.csv,https://github.com/KevinFasusi/supplychainpy,BSD-3-Clause-style upstream LICENSE
SKU036,11,nov,2216.000000,0.8598729204,test,1067.000000,11997.000000,5,0.4621428918,0.0038802930,0.9110610986,3.6354630324,2.1177652747,supplychainpy sample complete_dataset_small.csv,https://github.com/KevinFasusi/supplychainpy,BSD-3-Clause-style upstream LICENSE
SKU036,12,dec,3817.000000,1.4811078236,test,1067.000000,11997.000000,5,0.4621428918,0.0038802930,0.9110610986,3.6354630324,2.1177652747,supplychainpy sample complete_dataset_small.csv,https://github.com/KevinFasusi/supplychainpy,BSD-3-Clause-style upstream LICENSE
SKU037,1,jan,1115.000000,0.4747711305,train,1623.000000,12876.000000,2,0.2601660634,0.0042580370,0.8739515377,3.3268103448,2.4684878844,supplychainpy sample complete_dataset_small.csv,https://github.com/KevinFasusi/supplychainpy,BSD-3-Clause-style upstream LICENSE
SKU037,2,feb,2694.000000,1.1471151799,train,1623.000000,12876.000000,2,0.2601660634,0.0042580370,0.8739515377,3.3268103448,2.4684878844,supplychainpy sample complete_dataset_small.csv,https://github.com/KevinFasusi/supplychainpy,BSD-3-Clause-style upstream LICENSE
SKU037,3,mar,3038.000000,1.2935916542,train,1623.000000,12876.000000,2,0.2601660634,0.0042580370,0.8739515377,3.3268103448,2.4684878844,supplychainpy sample complete_dataset_small.csv,https://github.com/KevinFasusi/supplychainpy,BSD-3-Clause-style upstream LICENSE
SKU037,4,apr,3366.000000,1.4332552693,train,1623.000000,12876.000000,2,0.2601660634,0.0042580370,0.8739515377,3.3268103448,2.4684878844,supplychainpy sample complete_dataset_small.csv,https://github.com/KevinFasusi/supplychainpy,BSD-3-Clause-style upstream LICENSE
SKU037,5,may,1058.000000,0.4505003194,train,1623.000000,12876.000000,2,0.2601660634,0.0042580370,0.8739515377,3.3268103448,2.4684878844,supplychainpy sample complete_dataset_small.csv,https://github.com/KevinFasusi/supplychainpy,BSD-3-Clause-style upstream LICENSE
SKU037,6,jun,2724.000000,1.1598892910,train,1623.000000,12876.000000,2,0.2601660634,0.0042580370,0.8739515377,3.3268103448,2.4684878844,supplychainpy sample complete_dataset_small.csv,https://github.com/KevinFasusi/supplychainpy,BSD-3-Clause-style upstream LICENSE
SKU037,7,jul,2863.000000,1.2190760060,train,1623.000000,12876.000000,2,0.2601660634,0.0042580370,0.8739515377,3.3268103448,2.4684878844,supplychainpy sample complete_dataset_small.csv,https://github.com/KevinFasusi/supplychainpy,BSD-3-Clause-style upstream LICENSE
SKU037,8,aug,1930.000000,0.8218011497,train,1623.000000,12876.000000,2,0.2601660634,0.0042580370,0.8739515377,3.3268103448,2.4684878844,supplychainpy sample complete_dataset_small.csv,https://github.com/KevinFasusi/supplychainpy,BSD-3-Clause-style upstream LICENSE
SKU037,9,sep,1787.000000,0.7609112199,test,1623.000000,12876.000000,2,0.2601660634,0.0042580370,0.8739515377,3.3268103448,2.4684878844,supplychainpy sample complete_dataset_small.csv,https://github.com/KevinFasusi/supplychainpy,BSD-3-Clause-style upstream LICENSE
SKU037,10,oct,838.000000,0.3568235044,test,1623.000000,12876.000000,2,0.2601660634,0.0042580370,0.8739515377,3.3268103448,2.4684878844,supplychainpy sample complete_dataset_small.csv,https://github.com/KevinFasusi/supplychainpy,BSD-3-Clause-style upstream LICENSE
SKU037,11,nov,3087.000000,1.3144560358,test,1623.000000,12876.000000,2,0.2601660634,0.0042580370,0.8739515377,3.3268103448,2.4684878844,supplychainpy sample complete_dataset_small.csv,https://github.com/KevinFasusi/supplychainpy,BSD-3-Clause-style upstream LICENSE
SKU037,12,dec,1565.000000,0.6663827975,test,1623.000000,12876.000000,2,0.2601660634,0.0042580370,0.8739515377,3.3268103448,2.4684878844,supplychainpy sample complete_dataset_small.csv,https://github.com/KevinFasusi/supplychainpy,BSD-3-Clause-style upstream LICENSE
SKU038,1,jan,3108.000000,1.4041904332,train,608.000000,6548.000000,2,0.9903428023,0.0045179872,0.9071472205,3.3882223580,2.4767868051,supplychainpy sample complete_dataset_small.csv,https://github.com/KevinFasusi/supplychainpy,BSD-3-Clause-style upstream LICENSE
SKU038,2,feb,1197.000000,0.5408030722,train,608.000000,6548.000000,2,0.9903428023,0.0045179872,0.9071472205,3.3882223580,2.4767868051,supplychainpy sample complete_dataset_small.csv,https://github.com/KevinFasusi/supplychainpy,BSD-3-Clause-style upstream LICENSE
SKU038,3,mar,2472.000000,1.1168464449,train,608.000000,6548.000000,2,0.9903428023,0.0045179872,0.9071472205,3.3882223580,2.4767868051,supplychainpy sample complete_dataset_small.csv,https://github.com/KevinFasusi/supplychainpy,BSD-3-Clause-style upstream LICENSE
SKU038,4,apr,1264.000000,0.5710735867,train,608.000000,6548.000000,2,0.9903428023,0.0045179872,0.9071472205,3.3882223580,2.4767868051,supplychainpy sample complete_dataset_small.csv,https://github.com/KevinFasusi/supplychainpy,BSD-3-Clause-style upstream LICENSE
SKU038,5,may,3179.000000,1.4362681425,train,608.000000,6548.000000,2,0.9903428023,0.0045179872,0.9071472205,3.3882223580,2.4767868051,supplychainpy sample complete_dataset_small.csv,https://github.com/KevinFasusi/supplychainpy,BSD-3-Clause-style upstream LICENSE
SKU038,6,jun,3638.000000,1.6436437567,train,608.000000,6548.000000,2,0.9903428023,0.0045179872,0.9071472205,3.3882223580,2.4767868051,supplychainpy sample complete_dataset_small.csv,https://github.com/KevinFasusi/supplychainpy,BSD-3-Clause-style upstream LICENSE
SKU038,7,jul,1268.000000,0.5728807816,train,608.000000,6548.000000,2,0.9903428023,0.0045179872,0.9071472205,3.3882223580,2.4767868051,supplychainpy sample complete_dataset_small.csv,https://github.com/KevinFasusi/supplychainpy,BSD-3-Clause-style upstream LICENSE
SKU038,8,aug,1581.000000,0.7142937821,train,608.000000,6548.000000,2,0.9903428023,0.0045179872,0.9071472205,3.3882223580,2.4767868051,supplychainpy sample complete_dataset_small.csv,https://github.com/KevinFasusi/supplychainpy,BSD-3-Clause-style upstream LICENSE
SKU038,9,sep,3456.000000,1.5614163890,test,608.000000,6548.000000,2,0.9903428023,0.0045179872,0.9071472205,3.3882223580,2.4767868051,supplychainpy sample complete_dataset_small.csv,https://github.com/KevinFasusi/supplychainpy,BSD-3-Clause-style upstream LICENSE
SKU038,10,oct,1630.000000,0.7364319196,test,608.000000,6548.000000,2,0.9903428023,0.0045179872,0.9071472205,3.3882223580,2.4767868051,supplychainpy sample complete_dataset_small.csv,https://github.com/KevinFasusi/supplychainpy,BSD-3-Clause-style upstream LICENSE
SKU038,11,nov,1788.000000,0.8078161179,test,608.000000,6548.000000,2,0.9903428023,0.0045179872,0.9071472205,3.3882223580,2.4767868051,supplychainpy sample complete_dataset_small.csv,https://github.com/KevinFasusi/supplychainpy,BSD-3-Clause-style upstream LICENSE
SKU038,12,dec,2288.000000,1.0337154798,test,608.000000,6548.000000,2,0.9903428023,0.0045179872,0.9071472205,3.3882223580,2.4767868051,supplychainpy sample complete_dataset_small.csv,https://github.com/KevinFasusi/supplychainpy,BSD-3-Clause-style upstream LICENSE
SKU039,1,jan,3439.000000,1.7474593496,train,1578.000000,10463.000000,2,0.5167682927,0.0050813008,0.8491828348,3.2809882443,2.4622957087,supplychainpy sample complete_dataset_small.csv,https://github.com/KevinFasusi/supplychainpy,BSD-3-Clause-style upstream LICENSE
SKU039,2,feb,1854.000000,0.9420731707,train,1578.000000,10463.000000,2,0.5167682927,0.0050813008,0.8491828348,3.2809882443,2.4622957087,supplychainpy sample complete_dataset_small.csv,https://github.com/KevinFasusi/supplychainpy,BSD-3-Clause-style upstream LICENSE
SKU039,3,mar,652.000000,0.3313008130,train,1578.000000,10463.000000,2,0.5167682927,0.0050813008,0.8491828348,3.2809882443,2.4622957087,supplychainpy sample complete_dataset_small.csv,https://github.com/KevinFasusi/supplychainpy,BSD-3-Clause-style upstream LICENSE
SKU039,4,apr,1827.000000,0.9283536585,train,1578.000000,10463.000000,2,0.5167682927,0.0050813008,0.8491828348,3.2809882443,2.4622957087,supplychainpy sample complete_dataset_small.csv,https://github.com/KevinFasusi/supplychainpy,BSD-3-Clause-style upstream LICENSE
SKU039,5,may,1645.000000,0.8358739837,train,1578.000000,10463.000000,2,0.5167682927,0.0050813008,0.8491828348,3.2809882443,2.4622957087,supplychainpy sample complete_dataset_small.csv,https://github.com/KevinFasusi/supplychainpy,BSD-3-Clause-style upstream LICENSE
SKU039,6,jun,2257.000000,1.1468495935,train,1578.000000,10463.000000,2,0.5167682927,0.0050813008,0.8491828348,3.2809882443,2.4622957087,supplychainpy sample complete_dataset_small.csv,https://github.com/KevinFasusi/supplychainpy,BSD-3-Clause-style upstream LICENSE
SKU039,7,jul,2733.000000,1.3887195122,train,1578.000000,10463.000000,2,0.5167682927,0.0050813008,0.8491828348,3.2809882443,2.4622957087,supplychainpy sample complete_dataset_small.csv,https://github.com/KevinFasusi/supplychainpy,BSD-3-Clause-style upstream LICENSE
SKU039,8,aug,1337.000000,0.6793699187,train,1578.000000,10463.000000,2,0.5167682927,0.0050813008,0.8491828348,3.2809882443,2.4622957087,supplychainpy sample complete_dataset_small.csv,https://github.com/KevinFasusi/supplychainpy,BSD-3-Clause-style upstream LICENSE
SKU039,9,sep,2034.000000,1.0335365854,test,1578.000000,10463.000000,2,0.5167682927,0.0050813008,0.8491828348,3.2809882443,2.4622957087,supplychainpy sample complete_dataset_small.csv,https://github.com/KevinFasusi/supplychainpy,BSD-3-Clause-style upstream LICENSE
SKU039,10,oct,2106.000000,1.0701219512,test,1578.000000,10463.000000,2,0.5167682927,0.0050813008,0.8491828348,3.2809882443,2.4622957087,supplychainpy sample complete_dataset_small.csv,https://github.com/KevinFasusi/supplychainpy,BSD-3-Clause-style upstream LICENSE
SKU039,11,nov,877.000000,0.4456300813,test,1578.000000,10463.000000,2,0.5167682927,0.0050813008,0.8491828348,3.2809882443,2.4622957087,supplychainpy sample complete_dataset_small.csv,https://github.com/KevinFasusi/supplychainpy,BSD-3-Clause-style upstream LICENSE
SKU039,12,dec,2409.000000,1.2240853659,test,1578.000000,10463.000000,2,0.5167682927,0.0050813008,0.8491828348,3.2809882443,2.4622957087,supplychainpy sample complete_dataset_small.csv,https://github.com/KevinFasusi/supplychainpy,BSD-3-Clause-style upstream LICENSE
